type;machine;compiler;size;tilew;tileh;threads;kernel;variant;tiling;iterations;schedule;places;label;arg;config;time;total_cycles;total_stalls
img2d;patrin;GCC-12;4096;4;4;24;ssandPile;ocl_hybrid_thick;default;1000;static;threads;C1_4096;4partout;60:1;860143;-1;-1
img2d;patrin;GCC-12;4096;4;4;24;ssandPile;ocl_hybrid_thick;default;1000;static;threads;C1_4096;4partout;60:1;916623;-1;-1
img2d;patrin;GCC-12;4096;4;4;24;ssandPile;ocl_hybrid_thick;default;1000;static;threads;C1_4096;4partout;60:1;847828;-1;-1
img2d;patrin;GCC-12;4096;4;4;24;ssandPile;ocl_hybrid_thick;default;1000;static;threads;C1_4096;4partout;60:1;765402;-1;-1
img2d;patrin;GCC-12;4096;4;4;24;ssandPile;ocl_hybrid_thick;default;1000;static;threads;C1_4096;4partout;60:1;821843;-1;-1
img2d;patrin;GCC-12;4096;4;4;24;ssandPile;ocl_hybrid_thick;default;1000;static;threads;C1_4096;4partout;60:1;780405;-1;-1
img2d;patrin;GCC-12;4096;4;4;24;ssandPile;ocl_hybrid_thick;default;1000;static;threads;C1_4096;4partout;60:1;834381;-1;-1
img2d;patrin;GCC-12;4096;4;4;24;ssandPile;ocl_hybrid_thick;default;1000;static;threads;C1_4096;4partout;60:1;759951;-1;-1
img2d;patrin;GCC-12;4096;4;4;24;ssandPile;ocl_hybrid_thick;default;1000;static;threads;C1_4096;4partout;60:1;851837;-1;-1
img2d;patrin;GCC-12;4096;4;4;24;ssandPile;ocl_hybrid_thick;default;1000;static;threads;C1_4096;4partout;60:1;759482;-1;-1
img2d;patrin;GCC-12;4096;4;4;24;ssandPile;ocl_hybrid_thick;default;1000;static;cores;C1_4096;4partout;60:1;835652;-1;-1
img2d;patrin;GCC-12;4096;4;4;24;ssandPile;ocl_hybrid_thick;default;1000;static;cores;C1_4096;4partout;60:1;769471;-1;-1
img2d;patrin;GCC-12;4096;4;4;24;ssandPile;ocl_hybrid_thick;default;1000;static;cores;C1_4096;4partout;60:1;828736;-1;-1
img2d;patrin;GCC-12;4096;4;4;24;ssandPile;ocl_hybrid_thick;default;1000;static;cores;C1_4096;4partout;60:1;773048;-1;-1
img2d;patrin;GCC-12;4096;4;4;24;ssandPile;ocl_hybrid_thick;default;1000;static;cores;C1_4096;4partout;60:1;766815;-1;-1
img2d;patrin;GCC-12;4096;4;4;24;ssandPile;ocl_hybrid_thick;default;1000;static;cores;C1_4096;4partout;60:1;776097;-1;-1
img2d;patrin;GCC-12;4096;4;4;24;ssandPile;ocl_hybrid_thick;default;1000;static;cores;C1_4096;4partout;60:1;765107;-1;-1
img2d;patrin;GCC-12;4096;4;4;24;ssandPile;ocl_hybrid_thick;default;1000;static;cores;C1_4096;4partout;60:1;812305;-1;-1
img2d;patrin;GCC-12;4096;4;4;24;ssandPile;ocl_hybrid_thick;default;1000;static;cores;C1_4096;4partout;60:1;762125;-1;-1
img2d;patrin;GCC-12;4096;4;4;24;ssandPile;ocl_hybrid_thick;default;1000;static;cores;C1_4096;4partout;60:1;825577;-1;-1
img2d;patrin;GCC-12;4096;4;4;24;ssandPile;ocl_hybrid_thick;default;1000;static;sockets;C1_4096;4partout;60:1;783853;-1;-1
img2d;patrin;GCC-12;4096;4;4;24;ssandPile;ocl_hybrid_thick;default;1000;static;sockets;C1_4096;4partout;60:1;823376;-1;-1
img2d;patrin;GCC-12;4096;4;4;24;ssandPile;ocl_hybrid_thick;default;1000;static;sockets;C1_4096;4partout;60:1;764544;-1;-1
img2d;patrin;GCC-12;4096;4;4;24;ssandPile;ocl_hybrid_thick;default;1000;static;sockets;C1_4096;4partout;60:1;6397263;-1;-1
img2d;patrin;GCC-12;4096;4;4;24;ssandPile;ocl_hybrid_thick;default;1000;static;sockets;C1_4096;4partout;60:1;771870;-1;-1
img2d;patrin;GCC-12;4096;4;4;24;ssandPile;ocl_hybrid_thick;default;1000;static;sockets;C1_4096;4partout;60:1;794696;-1;-1
img2d;patrin;GCC-12;4096;4;4;24;ssandPile;ocl_hybrid_thick;default;1000;static;sockets;C1_4096;4partout;60:1;765635;-1;-1
img2d;patrin;GCC-12;4096;4;4;24;ssandPile;ocl_hybrid_thick;default;1000;static;sockets;C1_4096;4partout;60:1;764384;-1;-1
img2d;patrin;GCC-12;4096;4;4;24;ssandPile;ocl_hybrid_thick;default;1000;static;sockets;C1_4096;4partout;60:1;814360;-1;-1
img2d;patrin;GCC-12;4096;4;4;24;ssandPile;ocl_hybrid_thick;default;1000;static;sockets;C1_4096;4partout;60:1;762529;-1;-1
img2d;patrin;GCC-12;4096;4;8;24;ssandPile;ocl_hybrid_thick;default;1000;static;threads;C1_4096;4partout;60:1;660354;-1;-1
img2d;patrin;GCC-12;4096;4;8;24;ssandPile;ocl_hybrid_thick;default;1000;static;threads;C1_4096;4partout;60:1;653888;-1;-1
img2d;patrin;GCC-12;4096;4;8;24;ssandPile;ocl_hybrid_thick;default;1000;static;threads;C1_4096;4partout;60:1;691940;-1;-1
img2d;patrin;GCC-12;4096;4;8;24;ssandPile;ocl_hybrid_thick;default;1000;static;threads;C1_4096;4partout;60:1;644843;-1;-1
img2d;patrin;GCC-12;4096;4;8;24;ssandPile;ocl_hybrid_thick;default;1000;static;threads;C1_4096;4partout;60:1;735302;-1;-1
img2d;patrin;GCC-12;4096;4;8;24;ssandPile;ocl_hybrid_thick;default;1000;static;threads;C1_4096;4partout;60:1;640091;-1;-1
img2d;patrin;GCC-12;4096;4;8;24;ssandPile;ocl_hybrid_thick;default;1000;static;threads;C1_4096;4partout;60:1;646902;-1;-1
img2d;patrin;GCC-12;4096;4;8;24;ssandPile;ocl_hybrid_thick;default;1000;static;threads;C1_4096;4partout;60:1;739975;-1;-1
img2d;patrin;GCC-12;4096;4;8;24;ssandPile;ocl_hybrid_thick;default;1000;static;threads;C1_4096;4partout;60:1;639132;-1;-1
img2d;patrin;GCC-12;4096;4;8;24;ssandPile;ocl_hybrid_thick;default;1000;static;threads;C1_4096;4partout;60:1;710666;-1;-1
img2d;patrin;GCC-12;4096;4;8;24;ssandPile;ocl_hybrid_thick;default;1000;static;cores;C1_4096;4partout;60:1;625343;-1;-1
img2d;patrin;GCC-12;4096;4;8;24;ssandPile;ocl_hybrid_thick;default;1000;static;cores;C1_4096;4partout;60:1;646790;-1;-1
img2d;patrin;GCC-12;4096;4;8;24;ssandPile;ocl_hybrid_thick;default;1000;static;cores;C1_4096;4partout;60:1;686667;-1;-1
img2d;patrin;GCC-12;4096;4;8;24;ssandPile;ocl_hybrid_thick;default;1000;static;cores;C1_4096;4partout;60:1;638987;-1;-1
img2d;patrin;GCC-12;4096;4;8;24;ssandPile;ocl_hybrid_thick;default;1000;static;cores;C1_4096;4partout;60:1;786406;-1;-1
img2d;patrin;GCC-12;4096;4;8;24;ssandPile;ocl_hybrid_thick;default;1000;static;cores;C1_4096;4partout;60:1;675091;-1;-1
img2d;patrin;GCC-12;4096;4;8;24;ssandPile;ocl_hybrid_thick;default;1000;static;cores;C1_4096;4partout;60:1;825430;-1;-1
img2d;patrin;GCC-12;4096;4;8;24;ssandPile;ocl_hybrid_thick;default;1000;static;cores;C1_4096;4partout;60:1;754615;-1;-1
img2d;patrin;GCC-12;4096;4;8;24;ssandPile;ocl_hybrid_thick;default;1000;static;cores;C1_4096;4partout;60:1;849028;-1;-1
img2d;patrin;GCC-12;4096;4;8;24;ssandPile;ocl_hybrid_thick;default;1000;static;cores;C1_4096;4partout;60:1;757278;-1;-1
img2d;patrin;GCC-12;4096;4;8;24;ssandPile;ocl_hybrid_thick;default;1000;static;sockets;C1_4096;4partout;60:1;1504807;-1;-1
img2d;patrin;GCC-12;4096;4;8;24;ssandPile;ocl_hybrid_thick;default;1000;static;sockets;C1_4096;4partout;60:1;754932;-1;-1
img2d;patrin;GCC-12;4096;4;8;24;ssandPile;ocl_hybrid_thick;default;1000;static;sockets;C1_4096;4partout;60:1;846060;-1;-1
img2d;patrin;GCC-12;4096;4;8;24;ssandPile;ocl_hybrid_thick;default;1000;static;sockets;C1_4096;4partout;60:1;751524;-1;-1
img2d;patrin;GCC-12;4096;4;8;24;ssandPile;ocl_hybrid_thick;default;1000;static;sockets;C1_4096;4partout;60:1;827605;-1;-1
img2d;patrin;GCC-12;4096;4;8;24;ssandPile;ocl_hybrid_thick;default;1000;static;sockets;C1_4096;4partout;60:1;758072;-1;-1
img2d;patrin;GCC-12;4096;4;8;24;ssandPile;ocl_hybrid_thick;default;1000;static;sockets;C1_4096;4partout;60:1;1167986;-1;-1
img2d;patrin;GCC-12;4096;4;8;24;ssandPile;ocl_hybrid_thick;default;1000;static;sockets;C1_4096;4partout;60:1;878892;-1;-1
img2d;patrin;GCC-12;4096;4;8;24;ssandPile;ocl_hybrid_thick;default;1000;static;sockets;C1_4096;4partout;60:1;782811;-1;-1
img2d;patrin;GCC-12;4096;4;8;24;ssandPile;ocl_hybrid_thick;default;1000;static;sockets;C1_4096;4partout;60:1;785443;-1;-1
img2d;patrin;GCC-12;4096;4;16;24;ssandPile;ocl_hybrid_thick;default;1000;static;threads;C1_4096;4partout;60:1;753420;-1;-1
img2d;patrin;GCC-12;4096;4;16;24;ssandPile;ocl_hybrid_thick;default;1000;static;threads;C1_4096;4partout;60:1;731332;-1;-1
img2d;patrin;GCC-12;4096;4;16;24;ssandPile;ocl_hybrid_thick;default;1000;static;threads;C1_4096;4partout;60:1;824151;-1;-1
img2d;patrin;GCC-12;4096;4;16;24;ssandPile;ocl_hybrid_thick;default;1000;static;threads;C1_4096;4partout;60:1;758682;-1;-1
img2d;patrin;GCC-12;4096;4;16;24;ssandPile;ocl_hybrid_thick;default;1000;static;threads;C1_4096;4partout;60:1;825076;-1;-1
img2d;patrin;GCC-12;4096;4;16;24;ssandPile;ocl_hybrid_thick;default;1000;static;threads;C1_4096;4partout;60:1;781637;-1;-1
img2d;patrin;GCC-12;4096;4;16;24;ssandPile;ocl_hybrid_thick;default;1000;static;threads;C1_4096;4partout;60:1;823857;-1;-1
img2d;patrin;GCC-12;4096;4;16;24;ssandPile;ocl_hybrid_thick;default;1000;static;threads;C1_4096;4partout;60:1;737419;-1;-1
img2d;patrin;GCC-12;4096;4;16;24;ssandPile;ocl_hybrid_thick;default;1000;static;threads;C1_4096;4partout;60:1;821932;-1;-1
img2d;patrin;GCC-12;4096;4;16;24;ssandPile;ocl_hybrid_thick;default;1000;static;threads;C1_4096;4partout;60:1;781407;-1;-1
img2d;patrin;GCC-12;4096;4;16;24;ssandPile;ocl_hybrid_thick;default;1000;static;cores;C1_4096;4partout;60:1;826702;-1;-1
img2d;patrin;GCC-12;4096;4;16;24;ssandPile;ocl_hybrid_thick;default;1000;static;cores;C1_4096;4partout;60:1;801957;-1;-1
img2d;patrin;GCC-12;4096;4;16;24;ssandPile;ocl_hybrid_thick;default;1000;static;cores;C1_4096;4partout;60:1;810658;-1;-1
img2d;patrin;GCC-12;4096;4;16;24;ssandPile;ocl_hybrid_thick;default;1000;static;cores;C1_4096;4partout;60:1;730985;-1;-1
img2d;patrin;GCC-12;4096;4;16;24;ssandPile;ocl_hybrid_thick;default;1000;static;cores;C1_4096;4partout;60:1;816313;-1;-1
img2d;patrin;GCC-12;4096;4;16;24;ssandPile;ocl_hybrid_thick;default;1000;static;cores;C1_4096;4partout;60:1;729995;-1;-1
img2d;patrin;GCC-12;4096;4;16;24;ssandPile;ocl_hybrid_thick;default;1000;static;cores;C1_4096;4partout;60:1;776024;-1;-1
img2d;patrin;GCC-12;4096;4;16;24;ssandPile;ocl_hybrid_thick;default;1000;static;cores;C1_4096;4partout;60:1;766459;-1;-1
img2d;patrin;GCC-12;4096;4;16;24;ssandPile;ocl_hybrid_thick;default;1000;static;cores;C1_4096;4partout;60:1;745438;-1;-1
img2d;patrin;GCC-12;4096;4;16;24;ssandPile;ocl_hybrid_thick;default;1000;static;cores;C1_4096;4partout;60:1;761298;-1;-1
img2d;patrin;GCC-12;4096;4;16;24;ssandPile;ocl_hybrid_thick;default;1000;static;sockets;C1_4096;4partout;60:1;776870;-1;-1
img2d;patrin;GCC-12;4096;4;16;24;ssandPile;ocl_hybrid_thick;default;1000;static;sockets;C1_4096;4partout;60:1;904439;-1;-1
img2d;patrin;GCC-12;4096;4;16;24;ssandPile;ocl_hybrid_thick;default;1000;static;sockets;C1_4096;4partout;60:1;772313;-1;-1
img2d;patrin;GCC-12;4096;4;16;24;ssandPile;ocl_hybrid_thick;default;1000;static;sockets;C1_4096;4partout;60:1;829064;-1;-1
img2d;patrin;GCC-12;4096;4;16;24;ssandPile;ocl_hybrid_thick;default;1000;static;sockets;C1_4096;4partout;60:1;6887095;-1;-1
img2d;patrin;GCC-12;4096;4;16;24;ssandPile;ocl_hybrid_thick;default;1000;static;sockets;C1_4096;4partout;60:1;881345;-1;-1
img2d;patrin;GCC-12;4096;4;16;24;ssandPile;ocl_hybrid_thick;default;1000;static;sockets;C1_4096;4partout;60:1;1801497;-1;-1
img2d;patrin;GCC-12;4096;4;16;24;ssandPile;ocl_hybrid_thick;default;1000;static;sockets;C1_4096;4partout;60:1;830955;-1;-1
img2d;patrin;GCC-12;4096;4;16;24;ssandPile;ocl_hybrid_thick;default;1000;static;sockets;C1_4096;4partout;60:1;917958;-1;-1
img2d;patrin;GCC-12;4096;4;16;24;ssandPile;ocl_hybrid_thick;default;1000;static;sockets;C1_4096;4partout;60:1;761908;-1;-1
img2d;patrin;GCC-12;4096;4;32;24;ssandPile;ocl_hybrid_thick;default;1000;static;threads;C1_4096;4partout;60:1;830260;-1;-1
img2d;patrin;GCC-12;4096;4;32;24;ssandPile;ocl_hybrid_thick;default;1000;static;threads;C1_4096;4partout;60:1;778965;-1;-1
img2d;patrin;GCC-12;4096;4;32;24;ssandPile;ocl_hybrid_thick;default;1000;static;threads;C1_4096;4partout;60:1;985828;-1;-1
img2d;patrin;GCC-12;4096;4;32;24;ssandPile;ocl_hybrid_thick;default;1000;static;threads;C1_4096;4partout;60:1;781975;-1;-1
img2d;patrin;GCC-12;4096;4;32;24;ssandPile;ocl_hybrid_thick;default;1000;static;threads;C1_4096;4partout;60:1;857637;-1;-1
img2d;patrin;GCC-12;4096;4;32;24;ssandPile;ocl_hybrid_thick;default;1000;static;threads;C1_4096;4partout;60:1;780984;-1;-1
img2d;patrin;GCC-12;4096;4;32;24;ssandPile;ocl_hybrid_thick;default;1000;static;threads;C1_4096;4partout;60:1;830649;-1;-1
img2d;patrin;GCC-12;4096;4;32;24;ssandPile;ocl_hybrid_thick;default;1000;static;threads;C1_4096;4partout;60:1;777415;-1;-1
img2d;patrin;GCC-12;4096;4;32;24;ssandPile;ocl_hybrid_thick;default;1000;static;threads;C1_4096;4partout;60:1;835999;-1;-1
img2d;patrin;GCC-12;4096;4;32;24;ssandPile;ocl_hybrid_thick;default;1000;static;threads;C1_4096;4partout;60:1;799061;-1;-1
img2d;patrin;GCC-12;4096;4;32;24;ssandPile;ocl_hybrid_thick;default;1000;static;cores;C1_4096;4partout;60:1;845254;-1;-1
img2d;patrin;GCC-12;4096;4;32;24;ssandPile;ocl_hybrid_thick;default;1000;static;cores;C1_4096;4partout;60:1;770457;-1;-1
img2d;patrin;GCC-12;4096;4;32;24;ssandPile;ocl_hybrid_thick;default;1000;static;cores;C1_4096;4partout;60:1;852593;-1;-1
img2d;patrin;GCC-12;4096;4;32;24;ssandPile;ocl_hybrid_thick;default;1000;static;cores;C1_4096;4partout;60:1;774428;-1;-1
img2d;patrin;GCC-12;4096;4;32;24;ssandPile;ocl_hybrid_thick;default;1000;static;cores;C1_4096;4partout;60:1;861122;-1;-1
img2d;patrin;GCC-12;4096;4;32;24;ssandPile;ocl_hybrid_thick;default;1000;static;cores;C1_4096;4partout;60:1;779882;-1;-1
img2d;patrin;GCC-12;4096;4;32;24;ssandPile;ocl_hybrid_thick;default;1000;static;cores;C1_4096;4partout;60:1;844891;-1;-1
img2d;patrin;GCC-12;4096;4;32;24;ssandPile;ocl_hybrid_thick;default;1000;static;cores;C1_4096;4partout;60:1;769956;-1;-1
img2d;patrin;GCC-12;4096;4;32;24;ssandPile;ocl_hybrid_thick;default;1000;static;cores;C1_4096;4partout;60:1;850918;-1;-1
img2d;patrin;GCC-12;4096;4;32;24;ssandPile;ocl_hybrid_thick;default;1000;static;cores;C1_4096;4partout;60:1;806910;-1;-1
img2d;patrin;GCC-12;4096;4;32;24;ssandPile;ocl_hybrid_thick;default;1000;static;sockets;C1_4096;4partout;60:1;859041;-1;-1
img2d;patrin;GCC-12;4096;4;32;24;ssandPile;ocl_hybrid_thick;default;1000;static;sockets;C1_4096;4partout;60:1;770553;-1;-1
img2d;patrin;GCC-12;4096;4;32;24;ssandPile;ocl_hybrid_thick;default;1000;static;sockets;C1_4096;4partout;60:1;825994;-1;-1
img2d;patrin;GCC-12;4096;4;32;24;ssandPile;ocl_hybrid_thick;default;1000;static;sockets;C1_4096;4partout;60:1;841264;-1;-1
img2d;patrin;GCC-12;4096;4;32;24;ssandPile;ocl_hybrid_thick;default;1000;static;sockets;C1_4096;4partout;60:1;852053;-1;-1
img2d;patrin;GCC-12;4096;4;32;24;ssandPile;ocl_hybrid_thick;default;1000;static;sockets;C1_4096;4partout;60:1;798976;-1;-1
img2d;patrin;GCC-12;4096;4;32;24;ssandPile;ocl_hybrid_thick;default;1000;static;sockets;C1_4096;4partout;60:1;866392;-1;-1
img2d;patrin;GCC-12;4096;4;32;24;ssandPile;ocl_hybrid_thick;default;1000;static;sockets;C1_4096;4partout;60:1;762345;-1;-1
img2d;patrin;GCC-12;4096;4;32;24;ssandPile;ocl_hybrid_thick;default;1000;static;sockets;C1_4096;4partout;60:1;881989;-1;-1
img2d;patrin;GCC-12;4096;4;32;24;ssandPile;ocl_hybrid_thick;default;1000;static;sockets;C1_4096;4partout;60:1;775602;-1;-1
img2d;patrin;GCC-12;4096;4;64;24;ssandPile;ocl_hybrid_thick;default;1000;static;threads;C1_4096;4partout;60:1;877053;-1;-1
img2d;patrin;GCC-12;4096;4;64;24;ssandPile;ocl_hybrid_thick;default;1000;static;threads;C1_4096;4partout;60:1;835683;-1;-1
img2d;patrin;GCC-12;4096;4;64;24;ssandPile;ocl_hybrid_thick;default;1000;static;threads;C1_4096;4partout;60:1;887795;-1;-1
img2d;patrin;GCC-12;4096;4;64;24;ssandPile;ocl_hybrid_thick;default;1000;static;threads;C1_4096;4partout;60:1;828685;-1;-1
img2d;patrin;GCC-12;4096;4;64;24;ssandPile;ocl_hybrid_thick;default;1000;static;threads;C1_4096;4partout;60:1;872941;-1;-1
img2d;patrin;GCC-12;4096;4;64;24;ssandPile;ocl_hybrid_thick;default;1000;static;threads;C1_4096;4partout;60:1;817280;-1;-1
img2d;patrin;GCC-12;4096;4;64;24;ssandPile;ocl_hybrid_thick;default;1000;static;threads;C1_4096;4partout;60:1;887609;-1;-1
img2d;patrin;GCC-12;4096;4;64;24;ssandPile;ocl_hybrid_thick;default;1000;static;threads;C1_4096;4partout;60:1;810181;-1;-1
img2d;patrin;GCC-12;4096;4;64;24;ssandPile;ocl_hybrid_thick;default;1000;static;threads;C1_4096;4partout;60:1;876519;-1;-1
img2d;patrin;GCC-12;4096;4;64;24;ssandPile;ocl_hybrid_thick;default;1000;static;threads;C1_4096;4partout;60:1;797495;-1;-1
img2d;patrin;GCC-12;4096;4;64;24;ssandPile;ocl_hybrid_thick;default;1000;static;cores;C1_4096;4partout;60:1;877076;-1;-1
img2d;patrin;GCC-12;4096;4;64;24;ssandPile;ocl_hybrid_thick;default;1000;static;cores;C1_4096;4partout;60:1;842111;-1;-1
img2d;patrin;GCC-12;4096;4;64;24;ssandPile;ocl_hybrid_thick;default;1000;static;cores;C1_4096;4partout;60:1;893320;-1;-1
img2d;patrin;GCC-12;4096;4;64;24;ssandPile;ocl_hybrid_thick;default;1000;static;cores;C1_4096;4partout;60:1;824261;-1;-1
img2d;patrin;GCC-12;4096;4;64;24;ssandPile;ocl_hybrid_thick;default;1000;static;cores;C1_4096;4partout;60:1;880213;-1;-1
img2d;patrin;GCC-12;4096;4;64;24;ssandPile;ocl_hybrid_thick;default;1000;static;cores;C1_4096;4partout;60:1;896989;-1;-1
img2d;patrin;GCC-12;4096;4;64;24;ssandPile;ocl_hybrid_thick;default;1000;static;cores;C1_4096;4partout;60:1;869605;-1;-1
img2d;patrin;GCC-12;4096;4;64;24;ssandPile;ocl_hybrid_thick;default;1000;static;cores;C1_4096;4partout;60:1;859961;-1;-1
img2d;patrin;GCC-12;4096;4;64;24;ssandPile;ocl_hybrid_thick;default;1000;static;cores;C1_4096;4partout;60:1;923059;-1;-1
img2d;patrin;GCC-12;4096;4;64;24;ssandPile;ocl_hybrid_thick;default;1000;static;cores;C1_4096;4partout;60:1;843046;-1;-1
img2d;patrin;GCC-12;4096;4;64;24;ssandPile;ocl_hybrid_thick;default;1000;static;sockets;C1_4096;4partout;60:1;5361110;-1;-1
img2d;patrin;GCC-12;4096;4;64;24;ssandPile;ocl_hybrid_thick;default;1000;static;sockets;C1_4096;4partout;60:1;795528;-1;-1
img2d;patrin;GCC-12;4096;4;64;24;ssandPile;ocl_hybrid_thick;default;1000;static;sockets;C1_4096;4partout;60:1;963854;-1;-1
img2d;patrin;GCC-12;4096;4;64;24;ssandPile;ocl_hybrid_thick;default;1000;static;sockets;C1_4096;4partout;60:1;1043399;-1;-1
img2d;patrin;GCC-12;4096;4;64;24;ssandPile;ocl_hybrid_thick;default;1000;static;sockets;C1_4096;4partout;60:1;845760;-1;-1
img2d;patrin;GCC-12;4096;4;64;24;ssandPile;ocl_hybrid_thick;default;1000;static;sockets;C1_4096;4partout;60:1;1486435;-1;-1
img2d;patrin;GCC-12;4096;4;64;24;ssandPile;ocl_hybrid_thick;default;1000;static;sockets;C1_4096;4partout;60:1;833055;-1;-1
img2d;patrin;GCC-12;4096;4;64;24;ssandPile;ocl_hybrid_thick;default;1000;static;sockets;C1_4096;4partout;60:1;852829;-1;-1
img2d;patrin;GCC-12;4096;4;64;24;ssandPile;ocl_hybrid_thick;default;1000;static;sockets;C1_4096;4partout;60:1;2358060;-1;-1
img2d;patrin;GCC-12;4096;4;64;24;ssandPile;ocl_hybrid_thick;default;1000;static;sockets;C1_4096;4partout;60:1;1524855;-1;-1
img2d;patrin;GCC-12;4096;4;128;24;ssandPile;ocl_hybrid_thick;default;1000;static;threads;C1_4096;4partout;60:1;1075213;-1;-1
img2d;patrin;GCC-12;4096;4;128;24;ssandPile;ocl_hybrid_thick;default;1000;static;threads;C1_4096;4partout;60:1;907665;-1;-1
img2d;patrin;GCC-12;4096;4;128;24;ssandPile;ocl_hybrid_thick;default;1000;static;threads;C1_4096;4partout;60:1;997438;-1;-1
img2d;patrin;GCC-12;4096;4;128;24;ssandPile;ocl_hybrid_thick;default;1000;static;threads;C1_4096;4partout;60:1;929187;-1;-1
img2d;patrin;GCC-12;4096;4;128;24;ssandPile;ocl_hybrid_thick;default;1000;static;threads;C1_4096;4partout;60:1;983161;-1;-1
img2d;patrin;GCC-12;4096;4;128;24;ssandPile;ocl_hybrid_thick;default;1000;static;threads;C1_4096;4partout;60:1;957235;-1;-1
img2d;patrin;GCC-12;4096;4;128;24;ssandPile;ocl_hybrid_thick;default;1000;static;threads;C1_4096;4partout;60:1;963534;-1;-1
img2d;patrin;GCC-12;4096;4;128;24;ssandPile;ocl_hybrid_thick;default;1000;static;threads;C1_4096;4partout;60:1;966815;-1;-1
img2d;patrin;GCC-12;4096;4;128;24;ssandPile;ocl_hybrid_thick;default;1000;static;threads;C1_4096;4partout;60:1;899698;-1;-1
img2d;patrin;GCC-12;4096;4;128;24;ssandPile;ocl_hybrid_thick;default;1000;static;threads;C1_4096;4partout;60:1;986509;-1;-1
img2d;patrin;GCC-12;4096;4;128;24;ssandPile;ocl_hybrid_thick;default;1000;static;cores;C1_4096;4partout;60:1;912432;-1;-1
img2d;patrin;GCC-12;4096;4;128;24;ssandPile;ocl_hybrid_thick;default;1000;static;cores;C1_4096;4partout;60:1;1005191;-1;-1
img2d;patrin;GCC-12;4096;4;128;24;ssandPile;ocl_hybrid_thick;default;1000;static;cores;C1_4096;4partout;60:1;912555;-1;-1
img2d;patrin;GCC-12;4096;4;128;24;ssandPile;ocl_hybrid_thick;default;1000;static;cores;C1_4096;4partout;60:1;974061;-1;-1
img2d;patrin;GCC-12;4096;4;128;24;ssandPile;ocl_hybrid_thick;default;1000;static;cores;C1_4096;4partout;60:1;924114;-1;-1
img2d;patrin;GCC-12;4096;4;128;24;ssandPile;ocl_hybrid_thick;default;1000;static;cores;C1_4096;4partout;60:1;998534;-1;-1
img2d;patrin;GCC-12;4096;4;128;24;ssandPile;ocl_hybrid_thick;default;1000;static;cores;C1_4096;4partout;60:1;926474;-1;-1
img2d;patrin;GCC-12;4096;4;128;24;ssandPile;ocl_hybrid_thick;default;1000;static;cores;C1_4096;4partout;60:1;908033;-1;-1
img2d;patrin;GCC-12;4096;4;128;24;ssandPile;ocl_hybrid_thick;default;1000;static;cores;C1_4096;4partout;60:1;1002156;-1;-1
img2d;patrin;GCC-12;4096;4;128;24;ssandPile;ocl_hybrid_thick;default;1000;static;cores;C1_4096;4partout;60:1;893367;-1;-1
img2d;patrin;GCC-12;4096;4;128;24;ssandPile;ocl_hybrid_thick;default;1000;static;sockets;C1_4096;4partout;60:1;1188707;-1;-1
img2d;patrin;GCC-12;4096;4;128;24;ssandPile;ocl_hybrid_thick;default;1000;static;sockets;C1_4096;4partout;60:1;970436;-1;-1
img2d;patrin;GCC-12;4096;4;128;24;ssandPile;ocl_hybrid_thick;default;1000;static;sockets;C1_4096;4partout;60:1;1062855;-1;-1
img2d;patrin;GCC-12;4096;4;128;24;ssandPile;ocl_hybrid_thick;default;1000;static;sockets;C1_4096;4partout;60:1;1426489;-1;-1
img2d;patrin;GCC-12;4096;4;128;24;ssandPile;ocl_hybrid_thick;default;1000;static;sockets;C1_4096;4partout;60:1;6446637;-1;-1
img2d;patrin;GCC-12;4096;4;128;24;ssandPile;ocl_hybrid_thick;default;1000;static;sockets;C1_4096;4partout;60:1;1008447;-1;-1
img2d;patrin;GCC-12;4096;4;128;24;ssandPile;ocl_hybrid_thick;default;1000;static;sockets;C1_4096;4partout;60:1;3871820;-1;-1
img2d;patrin;GCC-12;4096;4;128;24;ssandPile;ocl_hybrid_thick;default;1000;static;sockets;C1_4096;4partout;60:1;934894;-1;-1
img2d;patrin;GCC-12;4096;4;128;24;ssandPile;ocl_hybrid_thick;default;1000;static;sockets;C1_4096;4partout;60:1;985528;-1;-1
img2d;patrin;GCC-12;4096;4;128;24;ssandPile;ocl_hybrid_thick;default;1000;static;sockets;C1_4096;4partout;60:1;937509;-1;-1
img2d;patrin;GCC-12;4096;4;256;24;ssandPile;ocl_hybrid_thick;default;1000;static;threads;C1_4096;4partout;60:1;1887851;-1;-1
img2d;patrin;GCC-12;4096;4;256;24;ssandPile;ocl_hybrid_thick;default;1000;static;threads;C1_4096;4partout;60:1;1834270;-1;-1
img2d;patrin;GCC-12;4096;4;256;24;ssandPile;ocl_hybrid_thick;default;1000;static;threads;C1_4096;4partout;60:1;1822364;-1;-1
img2d;patrin;GCC-12;4096;4;256;24;ssandPile;ocl_hybrid_thick;default;1000;static;threads;C1_4096;4partout;60:1;1831400;-1;-1
img2d;patrin;GCC-12;4096;4;256;24;ssandPile;ocl_hybrid_thick;default;1000;static;threads;C1_4096;4partout;60:1;1817310;-1;-1
img2d;patrin;GCC-12;4096;4;256;24;ssandPile;ocl_hybrid_thick;default;1000;static;threads;C1_4096;4partout;60:1;1884010;-1;-1
img2d;patrin;GCC-12;4096;4;256;24;ssandPile;ocl_hybrid_thick;default;1000;static;threads;C1_4096;4partout;60:1;1868773;-1;-1
img2d;patrin;GCC-12;4096;4;256;24;ssandPile;ocl_hybrid_thick;default;1000;static;threads;C1_4096;4partout;60:1;1832384;-1;-1
img2d;patrin;GCC-12;4096;4;256;24;ssandPile;ocl_hybrid_thick;default;1000;static;threads;C1_4096;4partout;60:1;1851795;-1;-1
img2d;patrin;GCC-12;4096;4;256;24;ssandPile;ocl_hybrid_thick;default;1000;static;threads;C1_4096;4partout;60:1;1870949;-1;-1
img2d;patrin;GCC-12;4096;4;256;24;ssandPile;ocl_hybrid_thick;default;1000;static;cores;C1_4096;4partout;60:1;1865269;-1;-1
img2d;patrin;GCC-12;4096;4;256;24;ssandPile;ocl_hybrid_thick;default;1000;static;cores;C1_4096;4partout;60:1;1808716;-1;-1
img2d;patrin;GCC-12;4096;4;256;24;ssandPile;ocl_hybrid_thick;default;1000;static;cores;C1_4096;4partout;60:1;1888455;-1;-1
img2d;patrin;GCC-12;4096;4;256;24;ssandPile;ocl_hybrid_thick;default;1000;static;cores;C1_4096;4partout;60:1;1916094;-1;-1
img2d;patrin;GCC-12;4096;4;256;24;ssandPile;ocl_hybrid_thick;default;1000;static;cores;C1_4096;4partout;60:1;1791797;-1;-1
img2d;patrin;GCC-12;4096;4;256;24;ssandPile;ocl_hybrid_thick;default;1000;static;cores;C1_4096;4partout;60:1;1833391;-1;-1
img2d;patrin;GCC-12;4096;4;256;24;ssandPile;ocl_hybrid_thick;default;1000;static;cores;C1_4096;4partout;60:1;1796729;-1;-1
img2d;patrin;GCC-12;4096;4;256;24;ssandPile;ocl_hybrid_thick;default;1000;static;cores;C1_4096;4partout;60:1;1842438;-1;-1
img2d;patrin;GCC-12;4096;4;256;24;ssandPile;ocl_hybrid_thick;default;1000;static;cores;C1_4096;4partout;60:1;1915186;-1;-1
img2d;patrin;GCC-12;4096;4;256;24;ssandPile;ocl_hybrid_thick;default;1000;static;cores;C1_4096;4partout;60:1;1808551;-1;-1
img2d;patrin;GCC-12;4096;4;256;24;ssandPile;ocl_hybrid_thick;default;1000;static;sockets;C1_4096;4partout;60:1;1931124;-1;-1
img2d;patrin;GCC-12;4096;4;256;24;ssandPile;ocl_hybrid_thick;default;1000;static;sockets;C1_4096;4partout;60:1;4546394;-1;-1
img2d;patrin;GCC-12;4096;4;256;24;ssandPile;ocl_hybrid_thick;default;1000;static;sockets;C1_4096;4partout;60:1;4238537;-1;-1
img2d;patrin;GCC-12;4096;4;256;24;ssandPile;ocl_hybrid_thick;default;1000;static;sockets;C1_4096;4partout;60:1;5546653;-1;-1
img2d;patrin;GCC-12;4096;4;256;24;ssandPile;ocl_hybrid_thick;default;1000;static;sockets;C1_4096;4partout;60:1;2560508;-1;-1
img2d;patrin;GCC-12;4096;4;256;24;ssandPile;ocl_hybrid_thick;default;1000;static;sockets;C1_4096;4partout;60:1;1896254;-1;-1
img2d;patrin;GCC-12;4096;4;256;24;ssandPile;ocl_hybrid_thick;default;1000;static;sockets;C1_4096;4partout;60:1;1871565;-1;-1
img2d;patrin;GCC-12;4096;4;256;24;ssandPile;ocl_hybrid_thick;default;1000;static;sockets;C1_4096;4partout;60:1;1769796;-1;-1
img2d;patrin;GCC-12;4096;4;256;24;ssandPile;ocl_hybrid_thick;default;1000;static;sockets;C1_4096;4partout;60:1;2177977;-1;-1
img2d;patrin;GCC-12;4096;4;256;24;ssandPile;ocl_hybrid_thick;default;1000;static;sockets;C1_4096;4partout;60:1;2079607;-1;-1
img2d;patrin;GCC-12;4096;8;4;24;ssandPile;ocl_hybrid_thick;default;1000;static;threads;C1_4096;4partout;60:1;524176;-1;-1
img2d;patrin;GCC-12;4096;8;4;24;ssandPile;ocl_hybrid_thick;default;1000;static;threads;C1_4096;4partout;60:1;457811;-1;-1
img2d;patrin;GCC-12;4096;8;4;24;ssandPile;ocl_hybrid_thick;default;1000;static;threads;C1_4096;4partout;60:1;572407;-1;-1
img2d;patrin;GCC-12;4096;8;4;24;ssandPile;ocl_hybrid_thick;default;1000;static;threads;C1_4096;4partout;60:1;472348;-1;-1
img2d;patrin;GCC-12;4096;8;4;24;ssandPile;ocl_hybrid_thick;default;1000;static;threads;C1_4096;4partout;60:1;473118;-1;-1
img2d;patrin;GCC-12;4096;8;4;24;ssandPile;ocl_hybrid_thick;default;1000;static;threads;C1_4096;4partout;60:1;538574;-1;-1
img2d;patrin;GCC-12;4096;8;4;24;ssandPile;ocl_hybrid_thick;default;1000;static;threads;C1_4096;4partout;60:1;457410;-1;-1
img2d;patrin;GCC-12;4096;8;4;24;ssandPile;ocl_hybrid_thick;default;1000;static;threads;C1_4096;4partout;60:1;460228;-1;-1
img2d;patrin;GCC-12;4096;8;4;24;ssandPile;ocl_hybrid_thick;default;1000;static;threads;C1_4096;4partout;60:1;532091;-1;-1
img2d;patrin;GCC-12;4096;8;4;24;ssandPile;ocl_hybrid_thick;default;1000;static;threads;C1_4096;4partout;60:1;459453;-1;-1
img2d;patrin;GCC-12;4096;8;4;24;ssandPile;ocl_hybrid_thick;default;1000;static;cores;C1_4096;4partout;60:1;478548;-1;-1
img2d;patrin;GCC-12;4096;8;4;24;ssandPile;ocl_hybrid_thick;default;1000;static;cores;C1_4096;4partout;60:1;596252;-1;-1
img2d;patrin;GCC-12;4096;8;4;24;ssandPile;ocl_hybrid_thick;default;1000;static;cores;C1_4096;4partout;60:1;462247;-1;-1
img2d;patrin;GCC-12;4096;8;4;24;ssandPile;ocl_hybrid_thick;default;1000;static;cores;C1_4096;4partout;60:1;463147;-1;-1
img2d;patrin;GCC-12;4096;8;4;24;ssandPile;ocl_hybrid_thick;default;1000;static;cores;C1_4096;4partout;60:1;534322;-1;-1
img2d;patrin;GCC-12;4096;8;4;24;ssandPile;ocl_hybrid_thick;default;1000;static;cores;C1_4096;4partout;60:1;468142;-1;-1
img2d;patrin;GCC-12;4096;8;4;24;ssandPile;ocl_hybrid_thick;default;1000;static;cores;C1_4096;4partout;60:1;495767;-1;-1
img2d;patrin;GCC-12;4096;8;4;24;ssandPile;ocl_hybrid_thick;default;1000;static;cores;C1_4096;4partout;60:1;564602;-1;-1
img2d;patrin;GCC-12;4096;8;4;24;ssandPile;ocl_hybrid_thick;default;1000;static;cores;C1_4096;4partout;60:1;521590;-1;-1
img2d;patrin;GCC-12;4096;8;4;24;ssandPile;ocl_hybrid_thick;default;1000;static;cores;C1_4096;4partout;60:1;474518;-1;-1
img2d;patrin;GCC-12;4096;8;4;24;ssandPile;ocl_hybrid_thick;default;1000;static;sockets;C1_4096;4partout;60:1;576979;-1;-1
img2d;patrin;GCC-12;4096;8;4;24;ssandPile;ocl_hybrid_thick;default;1000;static;sockets;C1_4096;4partout;60:1;529550;-1;-1
img2d;patrin;GCC-12;4096;8;4;24;ssandPile;ocl_hybrid_thick;default;1000;static;sockets;C1_4096;4partout;60:1;472475;-1;-1
img2d;patrin;GCC-12;4096;8;4;24;ssandPile;ocl_hybrid_thick;default;1000;static;sockets;C1_4096;4partout;60:1;592418;-1;-1
img2d;patrin;GCC-12;4096;8;4;24;ssandPile;ocl_hybrid_thick;default;1000;static;sockets;C1_4096;4partout;60:1;527587;-1;-1
img2d;patrin;GCC-12;4096;8;4;24;ssandPile;ocl_hybrid_thick;default;1000;static;sockets;C1_4096;4partout;60:1;636903;-1;-1
img2d;patrin;GCC-12;4096;8;4;24;ssandPile;ocl_hybrid_thick;default;1000;static;sockets;C1_4096;4partout;60:1;560026;-1;-1
img2d;patrin;GCC-12;4096;8;4;24;ssandPile;ocl_hybrid_thick;default;1000;static;sockets;C1_4096;4partout;60:1;471802;-1;-1
img2d;patrin;GCC-12;4096;8;4;24;ssandPile;ocl_hybrid_thick;default;1000;static;sockets;C1_4096;4partout;60:1;549802;-1;-1
img2d;patrin;GCC-12;4096;8;4;24;ssandPile;ocl_hybrid_thick;default;1000;static;sockets;C1_4096;4partout;60:1;474680;-1;-1
img2d;patrin;GCC-12;4096;8;8;24;ssandPile;ocl_hybrid_thick;default;1000;static;threads;C1_4096;4partout;60:1;450093;-1;-1
img2d;patrin;GCC-12;4096;8;8;24;ssandPile;ocl_hybrid_thick;default;1000;static;threads;C1_4096;4partout;60:1;535646;-1;-1
img2d;patrin;GCC-12;4096;8;8;24;ssandPile;ocl_hybrid_thick;default;1000;static;threads;C1_4096;4partout;60:1;453045;-1;-1
img2d;patrin;GCC-12;4096;8;8;24;ssandPile;ocl_hybrid_thick;default;1000;static;threads;C1_4096;4partout;60:1;477303;-1;-1
img2d;patrin;GCC-12;4096;8;8;24;ssandPile;ocl_hybrid_thick;default;1000;static;threads;C1_4096;4partout;60:1;525913;-1;-1
img2d;patrin;GCC-12;4096;8;8;24;ssandPile;ocl_hybrid_thick;default;1000;static;threads;C1_4096;4partout;60:1;454585;-1;-1
img2d;patrin;GCC-12;4096;8;8;24;ssandPile;ocl_hybrid_thick;default;1000;static;threads;C1_4096;4partout;60:1;441779;-1;-1
img2d;patrin;GCC-12;4096;8;8;24;ssandPile;ocl_hybrid_thick;default;1000;static;threads;C1_4096;4partout;60:1;535332;-1;-1
img2d;patrin;GCC-12;4096;8;8;24;ssandPile;ocl_hybrid_thick;default;1000;static;threads;C1_4096;4partout;60:1;475283;-1;-1
img2d;patrin;GCC-12;4096;8;8;24;ssandPile;ocl_hybrid_thick;default;1000;static;threads;C1_4096;4partout;60:1;477964;-1;-1
img2d;patrin;GCC-12;4096;8;8;24;ssandPile;ocl_hybrid_thick;default;1000;static;cores;C1_4096;4partout;60:1;515072;-1;-1
img2d;patrin;GCC-12;4096;8;8;24;ssandPile;ocl_hybrid_thick;default;1000;static;cores;C1_4096;4partout;60:1;444496;-1;-1
img2d;patrin;GCC-12;4096;8;8;24;ssandPile;ocl_hybrid_thick;default;1000;static;cores;C1_4096;4partout;60:1;443874;-1;-1
img2d;patrin;GCC-12;4096;8;8;24;ssandPile;ocl_hybrid_thick;default;1000;static;cores;C1_4096;4partout;60:1;443184;-1;-1
img2d;patrin;GCC-12;4096;8;8;24;ssandPile;ocl_hybrid_thick;default;1000;static;cores;C1_4096;4partout;60:1;435826;-1;-1
img2d;patrin;GCC-12;4096;8;8;24;ssandPile;ocl_hybrid_thick;default;1000;static;cores;C1_4096;4partout;60:1;459293;-1;-1
img2d;patrin;GCC-12;4096;8;8;24;ssandPile;ocl_hybrid_thick;default;1000;static;cores;C1_4096;4partout;60:1;431759;-1;-1
img2d;patrin;GCC-12;4096;8;8;24;ssandPile;ocl_hybrid_thick;default;1000;static;cores;C1_4096;4partout;60:1;454286;-1;-1
img2d;patrin;GCC-12;4096;8;8;24;ssandPile;ocl_hybrid_thick;default;1000;static;cores;C1_4096;4partout;60:1;436597;-1;-1
img2d;patrin;GCC-12;4096;8;8;24;ssandPile;ocl_hybrid_thick;default;1000;static;cores;C1_4096;4partout;60:1;427880;-1;-1
img2d;patrin;GCC-12;4096;8;8;24;ssandPile;ocl_hybrid_thick;default;1000;static;sockets;C1_4096;4partout;60:1;524104;-1;-1
img2d;patrin;GCC-12;4096;8;8;24;ssandPile;ocl_hybrid_thick;default;1000;static;sockets;C1_4096;4partout;60:1;509655;-1;-1
img2d;patrin;GCC-12;4096;8;8;24;ssandPile;ocl_hybrid_thick;default;1000;static;sockets;C1_4096;4partout;60:1;444244;-1;-1
img2d;patrin;GCC-12;4096;8;8;24;ssandPile;ocl_hybrid_thick;default;1000;static;sockets;C1_4096;4partout;60:1;440095;-1;-1
img2d;patrin;GCC-12;4096;8;8;24;ssandPile;ocl_hybrid_thick;default;1000;static;sockets;C1_4096;4partout;60:1;462456;-1;-1
img2d;patrin;GCC-12;4096;8;8;24;ssandPile;ocl_hybrid_thick;default;1000;static;sockets;C1_4096;4partout;60:1;437860;-1;-1
img2d;patrin;GCC-12;4096;8;8;24;ssandPile;ocl_hybrid_thick;default;1000;static;sockets;C1_4096;4partout;60:1;431377;-1;-1
img2d;patrin;GCC-12;4096;8;8;24;ssandPile;ocl_hybrid_thick;default;1000;static;sockets;C1_4096;4partout;60:1;448289;-1;-1
img2d;patrin;GCC-12;4096;8;8;24;ssandPile;ocl_hybrid_thick;default;1000;static;sockets;C1_4096;4partout;60:1;438588;-1;-1
img2d;patrin;GCC-12;4096;8;8;24;ssandPile;ocl_hybrid_thick;default;1000;static;sockets;C1_4096;4partout;60:1;478920;-1;-1
img2d;patrin;GCC-12;4096;8;16;24;ssandPile;ocl_hybrid_thick;default;1000;static;threads;C1_4096;4partout;60:1;451744;-1;-1
img2d;patrin;GCC-12;4096;8;16;24;ssandPile;ocl_hybrid_thick;default;1000;static;threads;C1_4096;4partout;60:1;412861;-1;-1
img2d;patrin;GCC-12;4096;8;16;24;ssandPile;ocl_hybrid_thick;default;1000;static;threads;C1_4096;4partout;60:1;482349;-1;-1
img2d;patrin;GCC-12;4096;8;16;24;ssandPile;ocl_hybrid_thick;default;1000;static;threads;C1_4096;4partout;60:1;431247;-1;-1
img2d;patrin;GCC-12;4096;8;16;24;ssandPile;ocl_hybrid_thick;default;1000;static;threads;C1_4096;4partout;60:1;428014;-1;-1
img2d;patrin;GCC-12;4096;8;16;24;ssandPile;ocl_hybrid_thick;default;1000;static;threads;C1_4096;4partout;60:1;493817;-1;-1
img2d;patrin;GCC-12;4096;8;16;24;ssandPile;ocl_hybrid_thick;default;1000;static;threads;C1_4096;4partout;60:1;413078;-1;-1
img2d;patrin;GCC-12;4096;8;16;24;ssandPile;ocl_hybrid_thick;default;1000;static;threads;C1_4096;4partout;60:1;425136;-1;-1
img2d;patrin;GCC-12;4096;8;16;24;ssandPile;ocl_hybrid_thick;default;1000;static;threads;C1_4096;4partout;60:1;500794;-1;-1
img2d;patrin;GCC-12;4096;8;16;24;ssandPile;ocl_hybrid_thick;default;1000;static;threads;C1_4096;4partout;60:1;423209;-1;-1
img2d;patrin;GCC-12;4096;8;16;24;ssandPile;ocl_hybrid_thick;default;1000;static;cores;C1_4096;4partout;60:1;415015;-1;-1
img2d;patrin;GCC-12;4096;8;16;24;ssandPile;ocl_hybrid_thick;default;1000;static;cores;C1_4096;4partout;60:1;420742;-1;-1
img2d;patrin;GCC-12;4096;8;16;24;ssandPile;ocl_hybrid_thick;default;1000;static;cores;C1_4096;4partout;60:1;432888;-1;-1
img2d;patrin;GCC-12;4096;8;16;24;ssandPile;ocl_hybrid_thick;default;1000;static;cores;C1_4096;4partout;60:1;413464;-1;-1
img2d;patrin;GCC-12;4096;8;16;24;ssandPile;ocl_hybrid_thick;default;1000;static;cores;C1_4096;4partout;60:1;431960;-1;-1
img2d;patrin;GCC-12;4096;8;16;24;ssandPile;ocl_hybrid_thick;default;1000;static;cores;C1_4096;4partout;60:1;498666;-1;-1
img2d;patrin;GCC-12;4096;8;16;24;ssandPile;ocl_hybrid_thick;default;1000;static;cores;C1_4096;4partout;60:1;452737;-1;-1
img2d;patrin;GCC-12;4096;8;16;24;ssandPile;ocl_hybrid_thick;default;1000;static;cores;C1_4096;4partout;60:1;471499;-1;-1
img2d;patrin;GCC-12;4096;8;16;24;ssandPile;ocl_hybrid_thick;default;1000;static;cores;C1_4096;4partout;60:1;481813;-1;-1
img2d;patrin;GCC-12;4096;8;16;24;ssandPile;ocl_hybrid_thick;default;1000;static;cores;C1_4096;4partout;60:1;436733;-1;-1
img2d;patrin;GCC-12;4096;8;16;24;ssandPile;ocl_hybrid_thick;default;1000;static;sockets;C1_4096;4partout;60:1;397334;-1;-1
img2d;patrin;GCC-12;4096;8;16;24;ssandPile;ocl_hybrid_thick;default;1000;static;sockets;C1_4096;4partout;60:1;484703;-1;-1
img2d;patrin;GCC-12;4096;8;16;24;ssandPile;ocl_hybrid_thick;default;1000;static;sockets;C1_4096;4partout;60:1;435785;-1;-1
img2d;patrin;GCC-12;4096;8;16;24;ssandPile;ocl_hybrid_thick;default;1000;static;sockets;C1_4096;4partout;60:1;434076;-1;-1
img2d;patrin;GCC-12;4096;8;16;24;ssandPile;ocl_hybrid_thick;default;1000;static;sockets;C1_4096;4partout;60:1;595042;-1;-1
img2d;patrin;GCC-12;4096;8;16;24;ssandPile;ocl_hybrid_thick;default;1000;static;sockets;C1_4096;4partout;60:1;423553;-1;-1
img2d;patrin;GCC-12;4096;8;16;24;ssandPile;ocl_hybrid_thick;default;1000;static;sockets;C1_4096;4partout;60:1;428841;-1;-1
img2d;patrin;GCC-12;4096;8;16;24;ssandPile;ocl_hybrid_thick;default;1000;static;sockets;C1_4096;4partout;60:1;515076;-1;-1
img2d;patrin;GCC-12;4096;8;16;24;ssandPile;ocl_hybrid_thick;default;1000;static;sockets;C1_4096;4partout;60:1;425203;-1;-1
img2d;patrin;GCC-12;4096;8;16;24;ssandPile;ocl_hybrid_thick;default;1000;static;sockets;C1_4096;4partout;60:1;409687;-1;-1
img2d;patrin;GCC-12;4096;8;32;24;ssandPile;ocl_hybrid_thick;default;1000;static;threads;C1_4096;4partout;60:1;480385;-1;-1
img2d;patrin;GCC-12;4096;8;32;24;ssandPile;ocl_hybrid_thick;default;1000;static;threads;C1_4096;4partout;60:1;491334;-1;-1
img2d;patrin;GCC-12;4096;8;32;24;ssandPile;ocl_hybrid_thick;default;1000;static;threads;C1_4096;4partout;60:1;417590;-1;-1
img2d;patrin;GCC-12;4096;8;32;24;ssandPile;ocl_hybrid_thick;default;1000;static;threads;C1_4096;4partout;60:1;502558;-1;-1
img2d;patrin;GCC-12;4096;8;32;24;ssandPile;ocl_hybrid_thick;default;1000;static;threads;C1_4096;4partout;60:1;415787;-1;-1
img2d;patrin;GCC-12;4096;8;32;24;ssandPile;ocl_hybrid_thick;default;1000;static;threads;C1_4096;4partout;60:1;411877;-1;-1
img2d;patrin;GCC-12;4096;8;32;24;ssandPile;ocl_hybrid_thick;default;1000;static;threads;C1_4096;4partout;60:1;455304;-1;-1
img2d;patrin;GCC-12;4096;8;32;24;ssandPile;ocl_hybrid_thick;default;1000;static;threads;C1_4096;4partout;60:1;480264;-1;-1
img2d;patrin;GCC-12;4096;8;32;24;ssandPile;ocl_hybrid_thick;default;1000;static;threads;C1_4096;4partout;60:1;407616;-1;-1
img2d;patrin;GCC-12;4096;8;32;24;ssandPile;ocl_hybrid_thick;default;1000;static;threads;C1_4096;4partout;60:1;416092;-1;-1
img2d;patrin;GCC-12;4096;8;32;24;ssandPile;ocl_hybrid_thick;default;1000;static;cores;C1_4096;4partout;60:1;456102;-1;-1
img2d;patrin;GCC-12;4096;8;32;24;ssandPile;ocl_hybrid_thick;default;1000;static;cores;C1_4096;4partout;60:1;409129;-1;-1
img2d;patrin;GCC-12;4096;8;32;24;ssandPile;ocl_hybrid_thick;default;1000;static;cores;C1_4096;4partout;60:1;415070;-1;-1
img2d;patrin;GCC-12;4096;8;32;24;ssandPile;ocl_hybrid_thick;default;1000;static;cores;C1_4096;4partout;60:1;483426;-1;-1
img2d;patrin;GCC-12;4096;8;32;24;ssandPile;ocl_hybrid_thick;default;1000;static;cores;C1_4096;4partout;60:1;420421;-1;-1
img2d;patrin;GCC-12;4096;8;32;24;ssandPile;ocl_hybrid_thick;default;1000;static;cores;C1_4096;4partout;60:1;430314;-1;-1
img2d;patrin;GCC-12;4096;8;32;24;ssandPile;ocl_hybrid_thick;default;1000;static;cores;C1_4096;4partout;60:1;497231;-1;-1
img2d;patrin;GCC-12;4096;8;32;24;ssandPile;ocl_hybrid_thick;default;1000;static;cores;C1_4096;4partout;60:1;395973;-1;-1
img2d;patrin;GCC-12;4096;8;32;24;ssandPile;ocl_hybrid_thick;default;1000;static;cores;C1_4096;4partout;60:1;434993;-1;-1
img2d;patrin;GCC-12;4096;8;32;24;ssandPile;ocl_hybrid_thick;default;1000;static;cores;C1_4096;4partout;60:1;434275;-1;-1
img2d;patrin;GCC-12;4096;8;32;24;ssandPile;ocl_hybrid_thick;default;1000;static;sockets;C1_4096;4partout;60:1;406929;-1;-1
img2d;patrin;GCC-12;4096;8;32;24;ssandPile;ocl_hybrid_thick;default;1000;static;sockets;C1_4096;4partout;60:1;388436;-1;-1
img2d;patrin;GCC-12;4096;8;32;24;ssandPile;ocl_hybrid_thick;default;1000;static;sockets;C1_4096;4partout;60:1;416192;-1;-1
img2d;patrin;GCC-12;4096;8;32;24;ssandPile;ocl_hybrid_thick;default;1000;static;sockets;C1_4096;4partout;60:1;3534917;-1;-1
img2d;patrin;GCC-12;4096;8;32;24;ssandPile;ocl_hybrid_thick;default;1000;static;sockets;C1_4096;4partout;60:1;523737;-1;-1
img2d;patrin;GCC-12;4096;8;32;24;ssandPile;ocl_hybrid_thick;default;1000;static;sockets;C1_4096;4partout;60:1;392559;-1;-1
img2d;patrin;GCC-12;4096;8;32;24;ssandPile;ocl_hybrid_thick;default;1000;static;sockets;C1_4096;4partout;60:1;430665;-1;-1
img2d;patrin;GCC-12;4096;8;32;24;ssandPile;ocl_hybrid_thick;default;1000;static;sockets;C1_4096;4partout;60:1;1383699;-1;-1
img2d;patrin;GCC-12;4096;8;32;24;ssandPile;ocl_hybrid_thick;default;1000;static;sockets;C1_4096;4partout;60:1;389170;-1;-1
img2d;patrin;GCC-12;4096;8;32;24;ssandPile;ocl_hybrid_thick;default;1000;static;sockets;C1_4096;4partout;60:1;3410664;-1;-1
img2d;patrin;GCC-12;4096;8;64;24;ssandPile;ocl_hybrid_thick;default;1000;static;threads;C1_4096;4partout;60:1;440250;-1;-1
img2d;patrin;GCC-12;4096;8;64;24;ssandPile;ocl_hybrid_thick;default;1000;static;threads;C1_4096;4partout;60:1;512622;-1;-1
img2d;patrin;GCC-12;4096;8;64;24;ssandPile;ocl_hybrid_thick;default;1000;static;threads;C1_4096;4partout;60:1;426278;-1;-1
img2d;patrin;GCC-12;4096;8;64;24;ssandPile;ocl_hybrid_thick;default;1000;static;threads;C1_4096;4partout;60:1;428343;-1;-1
img2d;patrin;GCC-12;4096;8;64;24;ssandPile;ocl_hybrid_thick;default;1000;static;threads;C1_4096;4partout;60:1;497249;-1;-1
img2d;patrin;GCC-12;4096;8;64;24;ssandPile;ocl_hybrid_thick;default;1000;static;threads;C1_4096;4partout;60:1;450282;-1;-1
img2d;patrin;GCC-12;4096;8;64;24;ssandPile;ocl_hybrid_thick;default;1000;static;threads;C1_4096;4partout;60:1;423137;-1;-1
img2d;patrin;GCC-12;4096;8;64;24;ssandPile;ocl_hybrid_thick;default;1000;static;threads;C1_4096;4partout;60:1;510290;-1;-1
img2d;patrin;GCC-12;4096;8;64;24;ssandPile;ocl_hybrid_thick;default;1000;static;threads;C1_4096;4partout;60:1;429431;-1;-1
img2d;patrin;GCC-12;4096;8;64;24;ssandPile;ocl_hybrid_thick;default;1000;static;threads;C1_4096;4partout;60:1;453347;-1;-1
img2d;patrin;GCC-12;4096;8;64;24;ssandPile;ocl_hybrid_thick;default;1000;static;cores;C1_4096;4partout;60:1;424512;-1;-1
img2d;patrin;GCC-12;4096;8;64;24;ssandPile;ocl_hybrid_thick;default;1000;static;cores;C1_4096;4partout;60:1;680377;-1;-1
img2d;patrin;GCC-12;4096;8;64;24;ssandPile;ocl_hybrid_thick;default;1000;static;cores;C1_4096;4partout;60:1;448112;-1;-1
img2d;patrin;GCC-12;4096;8;64;24;ssandPile;ocl_hybrid_thick;default;1000;static;cores;C1_4096;4partout;60:1;524478;-1;-1
img2d;patrin;GCC-12;4096;8;64;24;ssandPile;ocl_hybrid_thick;default;1000;static;cores;C1_4096;4partout;60:1;418349;-1;-1
img2d;patrin;GCC-12;4096;8;64;24;ssandPile;ocl_hybrid_thick;default;1000;static;cores;C1_4096;4partout;60:1;439335;-1;-1
img2d;patrin;GCC-12;4096;8;64;24;ssandPile;ocl_hybrid_thick;default;1000;static;cores;C1_4096;4partout;60:1;432934;-1;-1
img2d;patrin;GCC-12;4096;8;64;24;ssandPile;ocl_hybrid_thick;default;1000;static;cores;C1_4096;4partout;60:1;428415;-1;-1
img2d;patrin;GCC-12;4096;8;64;24;ssandPile;ocl_hybrid_thick;default;1000;static;cores;C1_4096;4partout;60:1;442976;-1;-1
img2d;patrin;GCC-12;4096;8;64;24;ssandPile;ocl_hybrid_thick;default;1000;static;cores;C1_4096;4partout;60:1;427999;-1;-1
img2d;patrin;GCC-12;4096;8;64;24;ssandPile;ocl_hybrid_thick;default;1000;static;sockets;C1_4096;4partout;60:1;855922;-1;-1
img2d;patrin;GCC-12;4096;8;64;24;ssandPile;ocl_hybrid_thick;default;1000;static;sockets;C1_4096;4partout;60:1;417138;-1;-1
img2d;patrin;GCC-12;4096;8;64;24;ssandPile;ocl_hybrid_thick;default;1000;static;sockets;C1_4096;4partout;60:1;598802;-1;-1
img2d;patrin;GCC-12;4096;8;64;24;ssandPile;ocl_hybrid_thick;default;1000;static;sockets;C1_4096;4partout;60:1;458324;-1;-1
img2d;patrin;GCC-12;4096;8;64;24;ssandPile;ocl_hybrid_thick;default;1000;static;sockets;C1_4096;4partout;60:1;432766;-1;-1
img2d;patrin;GCC-12;4096;8;64;24;ssandPile;ocl_hybrid_thick;default;1000;static;sockets;C1_4096;4partout;60:1;6106746;-1;-1
img2d;patrin;GCC-12;4096;8;64;24;ssandPile;ocl_hybrid_thick;default;1000;static;sockets;C1_4096;4partout;60:1;475862;-1;-1
img2d;patrin;GCC-12;4096;8;64;24;ssandPile;ocl_hybrid_thick;default;1000;static;sockets;C1_4096;4partout;60:1;7907618;-1;-1
img2d;patrin;GCC-12;4096;8;64;24;ssandPile;ocl_hybrid_thick;default;1000;static;sockets;C1_4096;4partout;60:1;400941;-1;-1
img2d;patrin;GCC-12;4096;8;64;24;ssandPile;ocl_hybrid_thick;default;1000;static;sockets;C1_4096;4partout;60:1;422218;-1;-1
img2d;patrin;GCC-12;4096;8;128;24;ssandPile;ocl_hybrid_thick;default;1000;static;threads;C1_4096;4partout;60:1;685826;-1;-1
img2d;patrin;GCC-12;4096;8;128;24;ssandPile;ocl_hybrid_thick;default;1000;static;threads;C1_4096;4partout;60:1;576635;-1;-1
img2d;patrin;GCC-12;4096;8;128;24;ssandPile;ocl_hybrid_thick;default;1000;static;threads;C1_4096;4partout;60:1;577779;-1;-1
img2d;patrin;GCC-12;4096;8;128;24;ssandPile;ocl_hybrid_thick;default;1000;static;threads;C1_4096;4partout;60:1;639456;-1;-1
img2d;patrin;GCC-12;4096;8;128;24;ssandPile;ocl_hybrid_thick;default;1000;static;threads;C1_4096;4partout;60:1;603373;-1;-1
img2d;patrin;GCC-12;4096;8;128;24;ssandPile;ocl_hybrid_thick;default;1000;static;threads;C1_4096;4partout;60:1;657480;-1;-1
img2d;patrin;GCC-12;4096;8;128;24;ssandPile;ocl_hybrid_thick;default;1000;static;threads;C1_4096;4partout;60:1;655445;-1;-1
img2d;patrin;GCC-12;4096;8;128;24;ssandPile;ocl_hybrid_thick;default;1000;static;threads;C1_4096;4partout;60:1;600482;-1;-1
img2d;patrin;GCC-12;4096;8;128;24;ssandPile;ocl_hybrid_thick;default;1000;static;threads;C1_4096;4partout;60:1;668284;-1;-1
img2d;patrin;GCC-12;4096;8;128;24;ssandPile;ocl_hybrid_thick;default;1000;static;threads;C1_4096;4partout;60:1;600941;-1;-1
img2d;patrin;GCC-12;4096;8;128;24;ssandPile;ocl_hybrid_thick;default;1000;static;cores;C1_4096;4partout;60:1;668217;-1;-1
img2d;patrin;GCC-12;4096;8;128;24;ssandPile;ocl_hybrid_thick;default;1000;static;cores;C1_4096;4partout;60:1;596735;-1;-1
img2d;patrin;GCC-12;4096;8;128;24;ssandPile;ocl_hybrid_thick;default;1000;static;cores;C1_4096;4partout;60:1;595395;-1;-1
img2d;patrin;GCC-12;4096;8;128;24;ssandPile;ocl_hybrid_thick;default;1000;static;cores;C1_4096;4partout;60:1;654508;-1;-1
img2d;patrin;GCC-12;4096;8;128;24;ssandPile;ocl_hybrid_thick;default;1000;static;cores;C1_4096;4partout;60:1;681762;-1;-1
img2d;patrin;GCC-12;4096;8;128;24;ssandPile;ocl_hybrid_thick;default;1000;static;cores;C1_4096;4partout;60:1;665514;-1;-1
img2d;patrin;GCC-12;4096;8;128;24;ssandPile;ocl_hybrid_thick;default;1000;static;cores;C1_4096;4partout;60:1;575183;-1;-1
img2d;patrin;GCC-12;4096;8;128;24;ssandPile;ocl_hybrid_thick;default;1000;static;cores;C1_4096;4partout;60:1;593711;-1;-1
img2d;patrin;GCC-12;4096;8;128;24;ssandPile;ocl_hybrid_thick;default;1000;static;cores;C1_4096;4partout;60:1;644537;-1;-1
img2d;patrin;GCC-12;4096;8;128;24;ssandPile;ocl_hybrid_thick;default;1000;static;cores;C1_4096;4partout;60:1;581035;-1;-1
img2d;patrin;GCC-12;4096;8;128;24;ssandPile;ocl_hybrid_thick;default;1000;static;sockets;C1_4096;4partout;60:1;766164;-1;-1
img2d;patrin;GCC-12;4096;8;128;24;ssandPile;ocl_hybrid_thick;default;1000;static;sockets;C1_4096;4partout;60:1;576021;-1;-1
img2d;patrin;GCC-12;4096;8;128;24;ssandPile;ocl_hybrid_thick;default;1000;static;sockets;C1_4096;4partout;60:1;586278;-1;-1
img2d;patrin;GCC-12;4096;8;128;24;ssandPile;ocl_hybrid_thick;default;1000;static;sockets;C1_4096;4partout;60:1;596303;-1;-1
img2d;patrin;GCC-12;4096;8;128;24;ssandPile;ocl_hybrid_thick;default;1000;static;sockets;C1_4096;4partout;60:1;5939200;-1;-1
img2d;patrin;GCC-12;4096;8;128;24;ssandPile;ocl_hybrid_thick;default;1000;static;sockets;C1_4096;4partout;60:1;674864;-1;-1
img2d;patrin;GCC-12;4096;8;128;24;ssandPile;ocl_hybrid_thick;default;1000;static;sockets;C1_4096;4partout;60:1;672204;-1;-1
img2d;patrin;GCC-12;4096;8;128;24;ssandPile;ocl_hybrid_thick;default;1000;static;sockets;C1_4096;4partout;60:1;590996;-1;-1
img2d;patrin;GCC-12;4096;8;128;24;ssandPile;ocl_hybrid_thick;default;1000;static;sockets;C1_4096;4partout;60:1;578084;-1;-1
img2d;patrin;GCC-12;4096;8;128;24;ssandPile;ocl_hybrid_thick;default;1000;static;sockets;C1_4096;4partout;60:1;575534;-1;-1
img2d;patrin;GCC-12;4096;16;4;24;ssandPile;ocl_hybrid_thick;default;1000;static;threads;C1_4096;4partout;60:1;341508;-1;-1
img2d;patrin;GCC-12;4096;16;4;24;ssandPile;ocl_hybrid_thick;default;1000;static;threads;C1_4096;4partout;60:1;309310;-1;-1
img2d;patrin;GCC-12;4096;16;4;24;ssandPile;ocl_hybrid_thick;default;1000;static;threads;C1_4096;4partout;60:1;383489;-1;-1
img2d;patrin;GCC-12;4096;16;4;24;ssandPile;ocl_hybrid_thick;default;1000;static;threads;C1_4096;4partout;60:1;316648;-1;-1
img2d;patrin;GCC-12;4096;16;4;24;ssandPile;ocl_hybrid_thick;default;1000;static;threads;C1_4096;4partout;60:1;307628;-1;-1
img2d;patrin;GCC-12;4096;16;4;24;ssandPile;ocl_hybrid_thick;default;1000;static;threads;C1_4096;4partout;60:1;315224;-1;-1
img2d;patrin;GCC-12;4096;16;4;24;ssandPile;ocl_hybrid_thick;default;1000;static;threads;C1_4096;4partout;60:1;368622;-1;-1
img2d;patrin;GCC-12;4096;16;4;24;ssandPile;ocl_hybrid_thick;default;1000;static;threads;C1_4096;4partout;60:1;353768;-1;-1
img2d;patrin;GCC-12;4096;16;4;24;ssandPile;ocl_hybrid_thick;default;1000;static;threads;C1_4096;4partout;60:1;301521;-1;-1
img2d;patrin;GCC-12;4096;16;4;24;ssandPile;ocl_hybrid_thick;default;1000;static;threads;C1_4096;4partout;60:1;338436;-1;-1
img2d;patrin;GCC-12;4096;16;4;24;ssandPile;ocl_hybrid_thick;default;1000;static;cores;C1_4096;4partout;60:1;313601;-1;-1
img2d;patrin;GCC-12;4096;16;4;24;ssandPile;ocl_hybrid_thick;default;1000;static;cores;C1_4096;4partout;60:1;335586;-1;-1
img2d;patrin;GCC-12;4096;16;4;24;ssandPile;ocl_hybrid_thick;default;1000;static;cores;C1_4096;4partout;60:1;307476;-1;-1
img2d;patrin;GCC-12;4096;16;4;24;ssandPile;ocl_hybrid_thick;default;1000;static;cores;C1_4096;4partout;60:1;401789;-1;-1
img2d;patrin;GCC-12;4096;16;4;24;ssandPile;ocl_hybrid_thick;default;1000;static;cores;C1_4096;4partout;60:1;303408;-1;-1
img2d;patrin;GCC-12;4096;16;4;24;ssandPile;ocl_hybrid_thick;default;1000;static;cores;C1_4096;4partout;60:1;306422;-1;-1
img2d;patrin;GCC-12;4096;16;4;24;ssandPile;ocl_hybrid_thick;default;1000;static;cores;C1_4096;4partout;60:1;319345;-1;-1
img2d;patrin;GCC-12;4096;16;4;24;ssandPile;ocl_hybrid_thick;default;1000;static;cores;C1_4096;4partout;60:1;366817;-1;-1
img2d;patrin;GCC-12;4096;16;4;24;ssandPile;ocl_hybrid_thick;default;1000;static;cores;C1_4096;4partout;60:1;340521;-1;-1
img2d;patrin;GCC-12;4096;16;4;24;ssandPile;ocl_hybrid_thick;default;1000;static;cores;C1_4096;4partout;60:1;307352;-1;-1
img2d;patrin;GCC-12;4096;16;4;24;ssandPile;ocl_hybrid_thick;default;1000;static;sockets;C1_4096;4partout;60:1;355906;-1;-1
img2d;patrin;GCC-12;4096;16;4;24;ssandPile;ocl_hybrid_thick;default;1000;static;sockets;C1_4096;4partout;60:1;303025;-1;-1
img2d;patrin;GCC-12;4096;16;4;24;ssandPile;ocl_hybrid_thick;default;1000;static;sockets;C1_4096;4partout;60:1;302893;-1;-1
img2d;patrin;GCC-12;4096;16;4;24;ssandPile;ocl_hybrid_thick;default;1000;static;sockets;C1_4096;4partout;60:1;308539;-1;-1
img2d;patrin;GCC-12;4096;16;4;24;ssandPile;ocl_hybrid_thick;default;1000;static;sockets;C1_4096;4partout;60:1;383910;-1;-1
img2d;patrin;GCC-12;4096;16;4;24;ssandPile;ocl_hybrid_thick;default;1000;static;sockets;C1_4096;4partout;60:1;301312;-1;-1
img2d;patrin;GCC-12;4096;16;4;24;ssandPile;ocl_hybrid_thick;default;1000;static;sockets;C1_4096;4partout;60:1;310956;-1;-1
img2d;patrin;GCC-12;4096;16;4;24;ssandPile;ocl_hybrid_thick;default;1000;static;sockets;C1_4096;4partout;60:1;320986;-1;-1
img2d;patrin;GCC-12;4096;16;4;24;ssandPile;ocl_hybrid_thick;default;1000;static;sockets;C1_4096;4partout;60:1;387703;-1;-1
img2d;patrin;GCC-12;4096;16;4;24;ssandPile;ocl_hybrid_thick;default;1000;static;sockets;C1_4096;4partout;60:1;318833;-1;-1
img2d;patrin;GCC-12;4096;16;8;24;ssandPile;ocl_hybrid_thick;default;1000;static;threads;C1_4096;4partout;60:1;376951;-1;-1
img2d;patrin;GCC-12;4096;16;8;24;ssandPile;ocl_hybrid_thick;default;1000;static;threads;C1_4096;4partout;60:1;305504;-1;-1
img2d;patrin;GCC-12;4096;16;8;24;ssandPile;ocl_hybrid_thick;default;1000;static;threads;C1_4096;4partout;60:1;308665;-1;-1
img2d;patrin;GCC-12;4096;16;8;24;ssandPile;ocl_hybrid_thick;default;1000;static;threads;C1_4096;4partout;60:1;314978;-1;-1
img2d;patrin;GCC-12;4096;16;8;24;ssandPile;ocl_hybrid_thick;default;1000;static;threads;C1_4096;4partout;60:1;312486;-1;-1
img2d;patrin;GCC-12;4096;16;8;24;ssandPile;ocl_hybrid_thick;default;1000;static;threads;C1_4096;4partout;60:1;304783;-1;-1
img2d;patrin;GCC-12;4096;16;8;24;ssandPile;ocl_hybrid_thick;default;1000;static;threads;C1_4096;4partout;60:1;343070;-1;-1
img2d;patrin;GCC-12;4096;16;8;24;ssandPile;ocl_hybrid_thick;default;1000;static;threads;C1_4096;4partout;60:1;303689;-1;-1
img2d;patrin;GCC-12;4096;16;8;24;ssandPile;ocl_hybrid_thick;default;1000;static;threads;C1_4096;4partout;60:1;316281;-1;-1
img2d;patrin;GCC-12;4096;16;8;24;ssandPile;ocl_hybrid_thick;default;1000;static;threads;C1_4096;4partout;60:1;307852;-1;-1
img2d;patrin;GCC-12;4096;16;8;24;ssandPile;ocl_hybrid_thick;default;1000;static;cores;C1_4096;4partout;60:1;336184;-1;-1
img2d;patrin;GCC-12;4096;16;8;24;ssandPile;ocl_hybrid_thick;default;1000;static;cores;C1_4096;4partout;60:1;303802;-1;-1
img2d;patrin;GCC-12;4096;16;8;24;ssandPile;ocl_hybrid_thick;default;1000;static;cores;C1_4096;4partout;60:1;309527;-1;-1
img2d;patrin;GCC-12;4096;16;8;24;ssandPile;ocl_hybrid_thick;default;1000;static;cores;C1_4096;4partout;60:1;305067;-1;-1
img2d;patrin;GCC-12;4096;16;8;24;ssandPile;ocl_hybrid_thick;default;1000;static;cores;C1_4096;4partout;60:1;345965;-1;-1
img2d;patrin;GCC-12;4096;16;8;24;ssandPile;ocl_hybrid_thick;default;1000;static;cores;C1_4096;4partout;60:1;302353;-1;-1
img2d;patrin;GCC-12;4096;16;8;24;ssandPile;ocl_hybrid_thick;default;1000;static;cores;C1_4096;4partout;60:1;301727;-1;-1
img2d;patrin;GCC-12;4096;16;8;24;ssandPile;ocl_hybrid_thick;default;1000;static;cores;C1_4096;4partout;60:1;303516;-1;-1
img2d;patrin;GCC-12;4096;16;8;24;ssandPile;ocl_hybrid_thick;default;1000;static;cores;C1_4096;4partout;60:1;361411;-1;-1
img2d;patrin;GCC-12;4096;16;8;24;ssandPile;ocl_hybrid_thick;default;1000;static;cores;C1_4096;4partout;60:1;302018;-1;-1
img2d;patrin;GCC-12;4096;16;8;24;ssandPile;ocl_hybrid_thick;default;1000;static;sockets;C1_4096;4partout;60:1;301873;-1;-1
img2d;patrin;GCC-12;4096;16;8;24;ssandPile;ocl_hybrid_thick;default;1000;static;sockets;C1_4096;4partout;60:1;311370;-1;-1
img2d;patrin;GCC-12;4096;16;8;24;ssandPile;ocl_hybrid_thick;default;1000;static;sockets;C1_4096;4partout;60:1;353716;-1;-1
img2d;patrin;GCC-12;4096;16;8;24;ssandPile;ocl_hybrid_thick;default;1000;static;sockets;C1_4096;4partout;60:1;298197;-1;-1
img2d;patrin;GCC-12;4096;16;8;24;ssandPile;ocl_hybrid_thick;default;1000;static;sockets;C1_4096;4partout;60:1;300512;-1;-1
img2d;patrin;GCC-12;4096;16;8;24;ssandPile;ocl_hybrid_thick;default;1000;static;sockets;C1_4096;4partout;60:1;321508;-1;-1
img2d;patrin;GCC-12;4096;16;8;24;ssandPile;ocl_hybrid_thick;default;1000;static;sockets;C1_4096;4partout;60:1;303530;-1;-1
img2d;patrin;GCC-12;4096;16;8;24;ssandPile;ocl_hybrid_thick;default;1000;static;sockets;C1_4096;4partout;60:1;310038;-1;-1
img2d;patrin;GCC-12;4096;16;8;24;ssandPile;ocl_hybrid_thick;default;1000;static;sockets;C1_4096;4partout;60:1;310099;-1;-1
img2d;patrin;GCC-12;4096;16;8;24;ssandPile;ocl_hybrid_thick;default;1000;static;sockets;C1_4096;4partout;60:1;395679;-1;-1
img2d;patrin;GCC-12;4096;16;16;24;ssandPile;ocl_hybrid_thick;default;1000;static;threads;C1_4096;4partout;60:1;313350;-1;-1
img2d;patrin;GCC-12;4096;16;16;24;ssandPile;ocl_hybrid_thick;default;1000;static;threads;C1_4096;4partout;60:1;315225;-1;-1
img2d;patrin;GCC-12;4096;16;16;24;ssandPile;ocl_hybrid_thick;default;1000;static;threads;C1_4096;4partout;60:1;313309;-1;-1
img2d;patrin;GCC-12;4096;16;16;24;ssandPile;ocl_hybrid_thick;default;1000;static;threads;C1_4096;4partout;60:1;433756;-1;-1
img2d;patrin;GCC-12;4096;16;16;24;ssandPile;ocl_hybrid_thick;default;1000;static;threads;C1_4096;4partout;60:1;330582;-1;-1
img2d;patrin;GCC-12;4096;16;16;24;ssandPile;ocl_hybrid_thick;default;1000;static;threads;C1_4096;4partout;60:1;316965;-1;-1
img2d;patrin;GCC-12;4096;16;16;24;ssandPile;ocl_hybrid_thick;default;1000;static;threads;C1_4096;4partout;60:1;314741;-1;-1
img2d;patrin;GCC-12;4096;16;16;24;ssandPile;ocl_hybrid_thick;default;1000;static;threads;C1_4096;4partout;60:1;382483;-1;-1
img2d;patrin;GCC-12;4096;16;16;24;ssandPile;ocl_hybrid_thick;default;1000;static;threads;C1_4096;4partout;60:1;314134;-1;-1
img2d;patrin;GCC-12;4096;16;16;24;ssandPile;ocl_hybrid_thick;default;1000;static;threads;C1_4096;4partout;60:1;316695;-1;-1
img2d;patrin;GCC-12;4096;16;16;24;ssandPile;ocl_hybrid_thick;default;1000;static;cores;C1_4096;4partout;60:1;315929;-1;-1
img2d;patrin;GCC-12;4096;16;16;24;ssandPile;ocl_hybrid_thick;default;1000;static;cores;C1_4096;4partout;60:1;373921;-1;-1
img2d;patrin;GCC-12;4096;16;16;24;ssandPile;ocl_hybrid_thick;default;1000;static;cores;C1_4096;4partout;60:1;316325;-1;-1
img2d;patrin;GCC-12;4096;16;16;24;ssandPile;ocl_hybrid_thick;default;1000;static;cores;C1_4096;4partout;60:1;332260;-1;-1
img2d;patrin;GCC-12;4096;16;16;24;ssandPile;ocl_hybrid_thick;default;1000;static;cores;C1_4096;4partout;60:1;314882;-1;-1
img2d;patrin;GCC-12;4096;16;16;24;ssandPile;ocl_hybrid_thick;default;1000;static;cores;C1_4096;4partout;60:1;334378;-1;-1
img2d;patrin;GCC-12;4096;16;16;24;ssandPile;ocl_hybrid_thick;default;1000;static;cores;C1_4096;4partout;60:1;338624;-1;-1
img2d;patrin;GCC-12;4096;16;16;24;ssandPile;ocl_hybrid_thick;default;1000;static;cores;C1_4096;4partout;60:1;311549;-1;-1
img2d;patrin;GCC-12;4096;16;16;24;ssandPile;ocl_hybrid_thick;default;1000;static;cores;C1_4096;4partout;60:1;349799;-1;-1
img2d;patrin;GCC-12;4096;16;16;24;ssandPile;ocl_hybrid_thick;default;1000;static;cores;C1_4096;4partout;60:1;315302;-1;-1
img2d;patrin;GCC-12;4096;16;16;24;ssandPile;ocl_hybrid_thick;default;1000;static;sockets;C1_4096;4partout;60:1;312717;-1;-1
img2d;patrin;GCC-12;4096;16;16;24;ssandPile;ocl_hybrid_thick;default;1000;static;sockets;C1_4096;4partout;60:1;315713;-1;-1
img2d;patrin;GCC-12;4096;16;16;24;ssandPile;ocl_hybrid_thick;default;1000;static;sockets;C1_4096;4partout;60:1;318365;-1;-1
img2d;patrin;GCC-12;4096;16;16;24;ssandPile;ocl_hybrid_thick;default;1000;static;sockets;C1_4096;4partout;60:1;316434;-1;-1
img2d;patrin;GCC-12;4096;16;16;24;ssandPile;ocl_hybrid_thick;default;1000;static;sockets;C1_4096;4partout;60:1;317794;-1;-1
img2d;patrin;GCC-12;4096;16;16;24;ssandPile;ocl_hybrid_thick;default;1000;static;sockets;C1_4096;4partout;60:1;314232;-1;-1
img2d;patrin;GCC-12;4096;16;16;24;ssandPile;ocl_hybrid_thick;default;1000;static;sockets;C1_4096;4partout;60:1;385188;-1;-1
img2d;patrin;GCC-12;4096;16;16;24;ssandPile;ocl_hybrid_thick;default;1000;static;sockets;C1_4096;4partout;60:1;322007;-1;-1
img2d;patrin;GCC-12;4096;16;16;24;ssandPile;ocl_hybrid_thick;default;1000;static;sockets;C1_4096;4partout;60:1;315087;-1;-1
img2d;patrin;GCC-12;4096;16;16;24;ssandPile;ocl_hybrid_thick;default;1000;static;sockets;C1_4096;4partout;60:1;319616;-1;-1
img2d;patrin;GCC-12;4096;16;32;24;ssandPile;ocl_hybrid_thick;default;1000;static;threads;C1_4096;4partout;60:1;403277;-1;-1
img2d;patrin;GCC-12;4096;16;32;24;ssandPile;ocl_hybrid_thick;default;1000;static;threads;C1_4096;4partout;60:1;342080;-1;-1
img2d;patrin;GCC-12;4096;16;32;24;ssandPile;ocl_hybrid_thick;default;1000;static;threads;C1_4096;4partout;60:1;335263;-1;-1
img2d;patrin;GCC-12;4096;16;32;24;ssandPile;ocl_hybrid_thick;default;1000;static;threads;C1_4096;4partout;60:1;346093;-1;-1
img2d;patrin;GCC-12;4096;16;32;24;ssandPile;ocl_hybrid_thick;default;1000;static;threads;C1_4096;4partout;60:1;341252;-1;-1
img2d;patrin;GCC-12;4096;16;32;24;ssandPile;ocl_hybrid_thick;default;1000;static;threads;C1_4096;4partout;60:1;333598;-1;-1
img2d;patrin;GCC-12;4096;16;32;24;ssandPile;ocl_hybrid_thick;default;1000;static;threads;C1_4096;4partout;60:1;338146;-1;-1
img2d;patrin;GCC-12;4096;16;32;24;ssandPile;ocl_hybrid_thick;default;1000;static;threads;C1_4096;4partout;60:1;334665;-1;-1
img2d;patrin;GCC-12;4096;16;32;24;ssandPile;ocl_hybrid_thick;default;1000;static;threads;C1_4096;4partout;60:1;338926;-1;-1
img2d;patrin;GCC-12;4096;16;32;24;ssandPile;ocl_hybrid_thick;default;1000;static;threads;C1_4096;4partout;60:1;334091;-1;-1
img2d;patrin;GCC-12;4096;16;32;24;ssandPile;ocl_hybrid_thick;default;1000;static;cores;C1_4096;4partout;60:1;345148;-1;-1
img2d;patrin;GCC-12;4096;16;32;24;ssandPile;ocl_hybrid_thick;default;1000;static;cores;C1_4096;4partout;60:1;416823;-1;-1
img2d;patrin;GCC-12;4096;16;32;24;ssandPile;ocl_hybrid_thick;default;1000;static;cores;C1_4096;4partout;60:1;340508;-1;-1
img2d;patrin;GCC-12;4096;16;32;24;ssandPile;ocl_hybrid_thick;default;1000;static;cores;C1_4096;4partout;60:1;375241;-1;-1
img2d;patrin;GCC-12;4096;16;32;24;ssandPile;ocl_hybrid_thick;default;1000;static;cores;C1_4096;4partout;60:1;410136;-1;-1
img2d;patrin;GCC-12;4096;16;32;24;ssandPile;ocl_hybrid_thick;default;1000;static;cores;C1_4096;4partout;60:1;434067;-1;-1
img2d;patrin;GCC-12;4096;16;32;24;ssandPile;ocl_hybrid_thick;default;1000;static;cores;C1_4096;4partout;60:1;413165;-1;-1
img2d;patrin;GCC-12;4096;16;32;24;ssandPile;ocl_hybrid_thick;default;1000;static;cores;C1_4096;4partout;60:1;550483;-1;-1
img2d;patrin;GCC-12;4096;16;32;24;ssandPile;ocl_hybrid_thick;default;1000;static;cores;C1_4096;4partout;60:1;455942;-1;-1
img2d;patrin;GCC-12;4096;16;32;24;ssandPile;ocl_hybrid_thick;default;1000;static;cores;C1_4096;4partout;60:1;364398;-1;-1
img2d;patrin;GCC-12;4096;16;32;24;ssandPile;ocl_hybrid_thick;default;1000;static;sockets;C1_4096;4partout;60:1;360850;-1;-1
img2d;patrin;GCC-12;4096;16;32;24;ssandPile;ocl_hybrid_thick;default;1000;static;sockets;C1_4096;4partout;60:1;2371534;-1;-1
img2d;patrin;GCC-12;4096;16;32;24;ssandPile;ocl_hybrid_thick;default;1000;static;sockets;C1_4096;4partout;60:1;459252;-1;-1
img2d;patrin;GCC-12;4096;16;32;24;ssandPile;ocl_hybrid_thick;default;1000;static;sockets;C1_4096;4partout;60:1;407829;-1;-1
img2d;patrin;GCC-12;4096;16;32;24;ssandPile;ocl_hybrid_thick;default;1000;static;sockets;C1_4096;4partout;60:1;403044;-1;-1
img2d;patrin;GCC-12;4096;16;32;24;ssandPile;ocl_hybrid_thick;default;1000;static;sockets;C1_4096;4partout;60:1;385293;-1;-1
img2d;patrin;GCC-12;4096;16;32;24;ssandPile;ocl_hybrid_thick;default;1000;static;sockets;C1_4096;4partout;60:1;3144089;-1;-1
img2d;patrin;GCC-12;4096;16;32;24;ssandPile;ocl_hybrid_thick;default;1000;static;sockets;C1_4096;4partout;60:1;475516;-1;-1
img2d;patrin;GCC-12;4096;16;32;24;ssandPile;ocl_hybrid_thick;default;1000;static;sockets;C1_4096;4partout;60:1;7698373;-1;-1
img2d;patrin;GCC-12;4096;16;32;24;ssandPile;ocl_hybrid_thick;default;1000;static;sockets;C1_4096;4partout;60:1;338499;-1;-1
img2d;patrin;GCC-12;4096;16;64;24;ssandPile;ocl_hybrid_thick;default;1000;static;threads;C1_4096;4partout;60:1;539343;-1;-1
img2d;patrin;GCC-12;4096;16;64;24;ssandPile;ocl_hybrid_thick;default;1000;static;threads;C1_4096;4partout;60:1;633669;-1;-1
img2d;patrin;GCC-12;4096;16;64;24;ssandPile;ocl_hybrid_thick;default;1000;static;threads;C1_4096;4partout;60:1;539785;-1;-1
img2d;patrin;GCC-12;4096;16;64;24;ssandPile;ocl_hybrid_thick;default;1000;static;threads;C1_4096;4partout;60:1;539471;-1;-1
img2d;patrin;GCC-12;4096;16;64;24;ssandPile;ocl_hybrid_thick;default;1000;static;threads;C1_4096;4partout;60:1;618396;-1;-1
img2d;patrin;GCC-12;4096;16;64;24;ssandPile;ocl_hybrid_thick;default;1000;static;threads;C1_4096;4partout;60:1;543440;-1;-1
img2d;patrin;GCC-12;4096;16;64;24;ssandPile;ocl_hybrid_thick;default;1000;static;threads;C1_4096;4partout;60:1;538592;-1;-1
img2d;patrin;GCC-12;4096;16;64;24;ssandPile;ocl_hybrid_thick;default;1000;static;threads;C1_4096;4partout;60:1;619533;-1;-1
img2d;patrin;GCC-12;4096;16;64;24;ssandPile;ocl_hybrid_thick;default;1000;static;threads;C1_4096;4partout;60:1;543350;-1;-1
img2d;patrin;GCC-12;4096;16;64;24;ssandPile;ocl_hybrid_thick;default;1000;static;threads;C1_4096;4partout;60:1;538478;-1;-1
img2d;patrin;GCC-12;4096;16;64;24;ssandPile;ocl_hybrid_thick;default;1000;static;cores;C1_4096;4partout;60:1;547710;-1;-1
img2d;patrin;GCC-12;4096;16;64;24;ssandPile;ocl_hybrid_thick;default;1000;static;cores;C1_4096;4partout;60:1;539090;-1;-1
img2d;patrin;GCC-12;4096;16;64;24;ssandPile;ocl_hybrid_thick;default;1000;static;cores;C1_4096;4partout;60:1;620386;-1;-1
img2d;patrin;GCC-12;4096;16;64;24;ssandPile;ocl_hybrid_thick;default;1000;static;cores;C1_4096;4partout;60:1;539218;-1;-1
img2d;patrin;GCC-12;4096;16;64;24;ssandPile;ocl_hybrid_thick;default;1000;static;cores;C1_4096;4partout;60:1;555076;-1;-1
img2d;patrin;GCC-12;4096;16;64;24;ssandPile;ocl_hybrid_thick;default;1000;static;cores;C1_4096;4partout;60:1;619366;-1;-1
img2d;patrin;GCC-12;4096;16;64;24;ssandPile;ocl_hybrid_thick;default;1000;static;cores;C1_4096;4partout;60:1;538867;-1;-1
img2d;patrin;GCC-12;4096;16;64;24;ssandPile;ocl_hybrid_thick;default;1000;static;cores;C1_4096;4partout;60:1;538715;-1;-1
img2d;patrin;GCC-12;4096;16;64;24;ssandPile;ocl_hybrid_thick;default;1000;static;cores;C1_4096;4partout;60:1;609016;-1;-1
img2d;patrin;GCC-12;4096;16;64;24;ssandPile;ocl_hybrid_thick;default;1000;static;cores;C1_4096;4partout;60:1;558083;-1;-1
img2d;patrin;GCC-12;4096;16;64;24;ssandPile;ocl_hybrid_thick;default;1000;static;sockets;C1_4096;4partout;60:1;5660458;-1;-1
img2d;patrin;GCC-12;4096;16;64;24;ssandPile;ocl_hybrid_thick;default;1000;static;sockets;C1_4096;4partout;60:1;539485;-1;-1
img2d;patrin;GCC-12;4096;16;64;24;ssandPile;ocl_hybrid_thick;default;1000;static;sockets;C1_4096;4partout;60:1;597056;-1;-1
img2d;patrin;GCC-12;4096;16;64;24;ssandPile;ocl_hybrid_thick;default;1000;static;sockets;C1_4096;4partout;60:1;587442;-1;-1
img2d;patrin;GCC-12;4096;16;64;24;ssandPile;ocl_hybrid_thick;default;1000;static;sockets;C1_4096;4partout;60:1;821490;-1;-1
img2d;patrin;GCC-12;4096;16;64;24;ssandPile;ocl_hybrid_thick;default;1000;static;sockets;C1_4096;4partout;60:1;539945;-1;-1
img2d;patrin;GCC-12;4096;16;64;24;ssandPile;ocl_hybrid_thick;default;1000;static;sockets;C1_4096;4partout;60:1;589780;-1;-1
img2d;patrin;GCC-12;4096;16;64;24;ssandPile;ocl_hybrid_thick;default;1000;static;sockets;C1_4096;4partout;60:1;549593;-1;-1
img2d;patrin;GCC-12;4096;16;64;24;ssandPile;ocl_hybrid_thick;default;1000;static;sockets;C1_4096;4partout;60:1;547496;-1;-1
img2d;patrin;GCC-12;4096;16;64;24;ssandPile;ocl_hybrid_thick;default;1000;static;sockets;C1_4096;4partout;60:1;5651023;-1;-1
img2d;patrin;GCC-12;4096;32;4;24;ssandPile;ocl_hybrid_thick;default;1000;static;threads;C1_4096;4partout;60:1;432995;-1;-1
img2d;patrin;GCC-12;4096;32;4;24;ssandPile;ocl_hybrid_thick;default;1000;static;threads;C1_4096;4partout;60:1;374288;-1;-1
img2d;patrin;GCC-12;4096;32;4;24;ssandPile;ocl_hybrid_thick;default;1000;static;threads;C1_4096;4partout;60:1;297066;-1;-1
img2d;patrin;GCC-12;4096;32;4;24;ssandPile;ocl_hybrid_thick;default;1000;static;threads;C1_4096;4partout;60:1;316100;-1;-1
img2d;patrin;GCC-12;4096;32;4;24;ssandPile;ocl_hybrid_thick;default;1000;static;threads;C1_4096;4partout;60:1;297404;-1;-1
img2d;patrin;GCC-12;4096;32;4;24;ssandPile;ocl_hybrid_thick;default;1000;static;threads;C1_4096;4partout;60:1;362010;-1;-1
img2d;patrin;GCC-12;4096;32;4;24;ssandPile;ocl_hybrid_thick;default;1000;static;threads;C1_4096;4partout;60:1;295683;-1;-1
img2d;patrin;GCC-12;4096;32;4;24;ssandPile;ocl_hybrid_thick;default;1000;static;threads;C1_4096;4partout;60:1;296037;-1;-1
img2d;patrin;GCC-12;4096;32;4;24;ssandPile;ocl_hybrid_thick;default;1000;static;threads;C1_4096;4partout;60:1;310666;-1;-1
img2d;patrin;GCC-12;4096;32;4;24;ssandPile;ocl_hybrid_thick;default;1000;static;threads;C1_4096;4partout;60:1;361543;-1;-1
img2d;patrin;GCC-12;4096;32;4;24;ssandPile;ocl_hybrid_thick;default;1000;static;cores;C1_4096;4partout;60:1;296122;-1;-1
img2d;patrin;GCC-12;4096;32;4;24;ssandPile;ocl_hybrid_thick;default;1000;static;cores;C1_4096;4partout;60:1;296739;-1;-1
img2d;patrin;GCC-12;4096;32;4;24;ssandPile;ocl_hybrid_thick;default;1000;static;cores;C1_4096;4partout;60:1;297447;-1;-1
img2d;patrin;GCC-12;4096;32;4;24;ssandPile;ocl_hybrid_thick;default;1000;static;cores;C1_4096;4partout;60:1;364725;-1;-1
img2d;patrin;GCC-12;4096;32;4;24;ssandPile;ocl_hybrid_thick;default;1000;static;cores;C1_4096;4partout;60:1;296671;-1;-1
img2d;patrin;GCC-12;4096;32;4;24;ssandPile;ocl_hybrid_thick;default;1000;static;cores;C1_4096;4partout;60:1;299576;-1;-1
img2d;patrin;GCC-12;4096;32;4;24;ssandPile;ocl_hybrid_thick;default;1000;static;cores;C1_4096;4partout;60:1;296067;-1;-1
img2d;patrin;GCC-12;4096;32;4;24;ssandPile;ocl_hybrid_thick;default;1000;static;cores;C1_4096;4partout;60:1;366270;-1;-1
img2d;patrin;GCC-12;4096;32;4;24;ssandPile;ocl_hybrid_thick;default;1000;static;cores;C1_4096;4partout;60:1;297286;-1;-1
img2d;patrin;GCC-12;4096;32;4;24;ssandPile;ocl_hybrid_thick;default;1000;static;cores;C1_4096;4partout;60:1;297291;-1;-1
img2d;patrin;GCC-12;4096;32;4;24;ssandPile;ocl_hybrid_thick;default;1000;static;sockets;C1_4096;4partout;60:1;296687;-1;-1
img2d;patrin;GCC-12;4096;32;4;24;ssandPile;ocl_hybrid_thick;default;1000;static;sockets;C1_4096;4partout;60:1;373325;-1;-1
img2d;patrin;GCC-12;4096;32;4;24;ssandPile;ocl_hybrid_thick;default;1000;static;sockets;C1_4096;4partout;60:1;298262;-1;-1
img2d;patrin;GCC-12;4096;32;4;24;ssandPile;ocl_hybrid_thick;default;1000;static;sockets;C1_4096;4partout;60:1;296598;-1;-1
img2d;patrin;GCC-12;4096;32;4;24;ssandPile;ocl_hybrid_thick;default;1000;static;sockets;C1_4096;4partout;60:1;298081;-1;-1
img2d;patrin;GCC-12;4096;32;4;24;ssandPile;ocl_hybrid_thick;default;1000;static;sockets;C1_4096;4partout;60:1;295581;-1;-1
img2d;patrin;GCC-12;4096;32;4;24;ssandPile;ocl_hybrid_thick;default;1000;static;sockets;C1_4096;4partout;60:1;304013;-1;-1
img2d;patrin;GCC-12;4096;32;4;24;ssandPile;ocl_hybrid_thick;default;1000;static;sockets;C1_4096;4partout;60:1;296184;-1;-1
img2d;patrin;GCC-12;4096;32;4;24;ssandPile;ocl_hybrid_thick;default;1000;static;sockets;C1_4096;4partout;60:1;295439;-1;-1
img2d;patrin;GCC-12;4096;32;4;24;ssandPile;ocl_hybrid_thick;default;1000;static;sockets;C1_4096;4partout;60:1;296711;-1;-1
img2d;patrin;GCC-12;4096;32;8;24;ssandPile;ocl_hybrid_thick;default;1000;static;threads;C1_4096;4partout;60:1;312553;-1;-1
img2d;patrin;GCC-12;4096;32;8;24;ssandPile;ocl_hybrid_thick;default;1000;static;threads;C1_4096;4partout;60:1;312274;-1;-1
img2d;patrin;GCC-12;4096;32;8;24;ssandPile;ocl_hybrid_thick;default;1000;static;threads;C1_4096;4partout;60:1;311824;-1;-1
img2d;patrin;GCC-12;4096;32;8;24;ssandPile;ocl_hybrid_thick;default;1000;static;threads;C1_4096;4partout;60:1;311698;-1;-1
img2d;patrin;GCC-12;4096;32;8;24;ssandPile;ocl_hybrid_thick;default;1000;static;threads;C1_4096;4partout;60:1;311824;-1;-1
img2d;patrin;GCC-12;4096;32;8;24;ssandPile;ocl_hybrid_thick;default;1000;static;threads;C1_4096;4partout;60:1;311823;-1;-1
img2d;patrin;GCC-12;4096;32;8;24;ssandPile;ocl_hybrid_thick;default;1000;static;threads;C1_4096;4partout;60:1;394001;-1;-1
img2d;patrin;GCC-12;4096;32;8;24;ssandPile;ocl_hybrid_thick;default;1000;static;threads;C1_4096;4partout;60:1;311434;-1;-1
img2d;patrin;GCC-12;4096;32;8;24;ssandPile;ocl_hybrid_thick;default;1000;static;threads;C1_4096;4partout;60:1;321805;-1;-1
img2d;patrin;GCC-12;4096;32;8;24;ssandPile;ocl_hybrid_thick;default;1000;static;threads;C1_4096;4partout;60:1;312703;-1;-1
img2d;patrin;GCC-12;4096;32;8;24;ssandPile;ocl_hybrid_thick;default;1000;static;cores;C1_4096;4partout;60:1;376654;-1;-1
img2d;patrin;GCC-12;4096;32;8;24;ssandPile;ocl_hybrid_thick;default;1000;static;cores;C1_4096;4partout;60:1;311985;-1;-1
img2d;patrin;GCC-12;4096;32;8;24;ssandPile;ocl_hybrid_thick;default;1000;static;cores;C1_4096;4partout;60:1;312001;-1;-1
img2d;patrin;GCC-12;4096;32;8;24;ssandPile;ocl_hybrid_thick;default;1000;static;cores;C1_4096;4partout;60:1;311683;-1;-1
img2d;patrin;GCC-12;4096;32;8;24;ssandPile;ocl_hybrid_thick;default;1000;static;cores;C1_4096;4partout;60:1;384433;-1;-1
img2d;patrin;GCC-12;4096;32;8;24;ssandPile;ocl_hybrid_thick;default;1000;static;cores;C1_4096;4partout;60:1;312453;-1;-1
img2d;patrin;GCC-12;4096;32;8;24;ssandPile;ocl_hybrid_thick;default;1000;static;cores;C1_4096;4partout;60:1;311311;-1;-1
img2d;patrin;GCC-12;4096;32;8;24;ssandPile;ocl_hybrid_thick;default;1000;static;cores;C1_4096;4partout;60:1;395127;-1;-1
img2d;patrin;GCC-12;4096;32;8;24;ssandPile;ocl_hybrid_thick;default;1000;static;cores;C1_4096;4partout;60:1;312617;-1;-1
img2d;patrin;GCC-12;4096;32;8;24;ssandPile;ocl_hybrid_thick;default;1000;static;cores;C1_4096;4partout;60:1;313003;-1;-1
img2d;patrin;GCC-12;4096;32;8;24;ssandPile;ocl_hybrid_thick;default;1000;static;sockets;C1_4096;4partout;60:1;313211;-1;-1
img2d;patrin;GCC-12;4096;32;8;24;ssandPile;ocl_hybrid_thick;default;1000;static;sockets;C1_4096;4partout;60:1;416981;-1;-1
img2d;patrin;GCC-12;4096;32;8;24;ssandPile;ocl_hybrid_thick;default;1000;static;sockets;C1_4096;4partout;60:1;311578;-1;-1
img2d;patrin;GCC-12;4096;32;8;24;ssandPile;ocl_hybrid_thick;default;1000;static;sockets;C1_4096;4partout;60:1;312155;-1;-1
img2d;patrin;GCC-12;4096;32;8;24;ssandPile;ocl_hybrid_thick;default;1000;static;sockets;C1_4096;4partout;60:1;311675;-1;-1
img2d;patrin;GCC-12;4096;32;8;24;ssandPile;ocl_hybrid_thick;default;1000;static;sockets;C1_4096;4partout;60:1;358458;-1;-1
img2d;patrin;GCC-12;4096;32;8;24;ssandPile;ocl_hybrid_thick;default;1000;static;sockets;C1_4096;4partout;60:1;312509;-1;-1
img2d;patrin;GCC-12;4096;32;8;24;ssandPile;ocl_hybrid_thick;default;1000;static;sockets;C1_4096;4partout;60:1;312221;-1;-1
img2d;patrin;GCC-12;4096;32;8;24;ssandPile;ocl_hybrid_thick;default;1000;static;sockets;C1_4096;4partout;60:1;317258;-1;-1
img2d;patrin;GCC-12;4096;32;8;24;ssandPile;ocl_hybrid_thick;default;1000;static;sockets;C1_4096;4partout;60:1;312177;-1;-1
img2d;patrin;GCC-12;4096;32;16;24;ssandPile;ocl_hybrid_thick;default;1000;static;threads;C1_4096;4partout;60:1;338613;-1;-1
img2d;patrin;GCC-12;4096;32;16;24;ssandPile;ocl_hybrid_thick;default;1000;static;threads;C1_4096;4partout;60:1;330583;-1;-1
img2d;patrin;GCC-12;4096;32;16;24;ssandPile;ocl_hybrid_thick;default;1000;static;threads;C1_4096;4partout;60:1;413622;-1;-1
img2d;patrin;GCC-12;4096;32;16;24;ssandPile;ocl_hybrid_thick;default;1000;static;threads;C1_4096;4partout;60:1;330566;-1;-1
img2d;patrin;GCC-12;4096;32;16;24;ssandPile;ocl_hybrid_thick;default;1000;static;threads;C1_4096;4partout;60:1;331469;-1;-1
img2d;patrin;GCC-12;4096;32;16;24;ssandPile;ocl_hybrid_thick;default;1000;static;threads;C1_4096;4partout;60:1;330868;-1;-1
img2d;patrin;GCC-12;4096;32;16;24;ssandPile;ocl_hybrid_thick;default;1000;static;threads;C1_4096;4partout;60:1;400151;-1;-1
img2d;patrin;GCC-12;4096;32;16;24;ssandPile;ocl_hybrid_thick;default;1000;static;threads;C1_4096;4partout;60:1;349338;-1;-1
img2d;patrin;GCC-12;4096;32;16;24;ssandPile;ocl_hybrid_thick;default;1000;static;threads;C1_4096;4partout;60:1;331520;-1;-1
img2d;patrin;GCC-12;4096;32;16;24;ssandPile;ocl_hybrid_thick;default;1000;static;threads;C1_4096;4partout;60:1;333995;-1;-1
img2d;patrin;GCC-12;4096;32;16;24;ssandPile;ocl_hybrid_thick;default;1000;static;cores;C1_4096;4partout;60:1;376477;-1;-1
img2d;patrin;GCC-12;4096;32;16;24;ssandPile;ocl_hybrid_thick;default;1000;static;cores;C1_4096;4partout;60:1;330739;-1;-1
img2d;patrin;GCC-12;4096;32;16;24;ssandPile;ocl_hybrid_thick;default;1000;static;cores;C1_4096;4partout;60:1;331725;-1;-1
img2d;patrin;GCC-12;4096;32;16;24;ssandPile;ocl_hybrid_thick;default;1000;static;cores;C1_4096;4partout;60:1;331959;-1;-1
img2d;patrin;GCC-12;4096;32;16;24;ssandPile;ocl_hybrid_thick;default;1000;static;cores;C1_4096;4partout;60:1;331879;-1;-1
img2d;patrin;GCC-12;4096;32;16;24;ssandPile;ocl_hybrid_thick;default;1000;static;cores;C1_4096;4partout;60:1;332154;-1;-1
img2d;patrin;GCC-12;4096;32;16;24;ssandPile;ocl_hybrid_thick;default;1000;static;cores;C1_4096;4partout;60:1;361953;-1;-1
img2d;patrin;GCC-12;4096;32;16;24;ssandPile;ocl_hybrid_thick;default;1000;static;cores;C1_4096;4partout;60:1;392279;-1;-1
img2d;patrin;GCC-12;4096;32;16;24;ssandPile;ocl_hybrid_thick;default;1000;static;cores;C1_4096;4partout;60:1;333414;-1;-1
img2d;patrin;GCC-12;4096;32;16;24;ssandPile;ocl_hybrid_thick;default;1000;static;cores;C1_4096;4partout;60:1;331433;-1;-1
img2d;patrin;GCC-12;4096;32;16;24;ssandPile;ocl_hybrid_thick;default;1000;static;sockets;C1_4096;4partout;60:1;332038;-1;-1
img2d;patrin;GCC-12;4096;32;16;24;ssandPile;ocl_hybrid_thick;default;1000;static;sockets;C1_4096;4partout;60:1;403392;-1;-1
img2d;patrin;GCC-12;4096;32;16;24;ssandPile;ocl_hybrid_thick;default;1000;static;sockets;C1_4096;4partout;60:1;332461;-1;-1
img2d;patrin;GCC-12;4096;32;16;24;ssandPile;ocl_hybrid_thick;default;1000;static;sockets;C1_4096;4partout;60:1;330600;-1;-1
img2d;patrin;GCC-12;4096;32;16;24;ssandPile;ocl_hybrid_thick;default;1000;static;sockets;C1_4096;4partout;60:1;331223;-1;-1
img2d;patrin;GCC-12;4096;32;16;24;ssandPile;ocl_hybrid_thick;default;1000;static;sockets;C1_4096;4partout;60:1;349470;-1;-1
img2d;patrin;GCC-12;4096;32;16;24;ssandPile;ocl_hybrid_thick;default;1000;static;sockets;C1_4096;4partout;60:1;331310;-1;-1
img2d;patrin;GCC-12;4096;32;16;24;ssandPile;ocl_hybrid_thick;default;1000;static;sockets;C1_4096;4partout;60:1;330711;-1;-1
img2d;patrin;GCC-12;4096;32;16;24;ssandPile;ocl_hybrid_thick;default;1000;static;sockets;C1_4096;4partout;60:1;396860;-1;-1
img2d;patrin;GCC-12;4096;32;16;24;ssandPile;ocl_hybrid_thick;default;1000;static;sockets;C1_4096;4partout;60:1;347804;-1;-1
img2d;patrin;GCC-12;4096;32;32;24;ssandPile;ocl_hybrid_thick;default;1000;static;threads;C1_4096;4partout;60:1;554791;-1;-1
img2d;patrin;GCC-12;4096;32;32;24;ssandPile;ocl_hybrid_thick;default;1000;static;threads;C1_4096;4partout;60:1;621045;-1;-1
img2d;patrin;GCC-12;4096;32;32;24;ssandPile;ocl_hybrid_thick;default;1000;static;threads;C1_4096;4partout;60:1;570951;-1;-1
img2d;patrin;GCC-12;4096;32;32;24;ssandPile;ocl_hybrid_thick;default;1000;static;threads;C1_4096;4partout;60:1;554742;-1;-1
img2d;patrin;GCC-12;4096;32;32;24;ssandPile;ocl_hybrid_thick;default;1000;static;threads;C1_4096;4partout;60:1;554059;-1;-1
img2d;patrin;GCC-12;4096;32;32;24;ssandPile;ocl_hybrid_thick;default;1000;static;threads;C1_4096;4partout;60:1;554382;-1;-1
img2d;patrin;GCC-12;4096;32;32;24;ssandPile;ocl_hybrid_thick;default;1000;static;threads;C1_4096;4partout;60:1;653353;-1;-1
img2d;patrin;GCC-12;4096;32;32;24;ssandPile;ocl_hybrid_thick;default;1000;static;threads;C1_4096;4partout;60:1;560666;-1;-1
img2d;patrin;GCC-12;4096;32;32;24;ssandPile;ocl_hybrid_thick;default;1000;static;threads;C1_4096;4partout;60:1;554299;-1;-1
img2d;patrin;GCC-12;4096;32;32;24;ssandPile;ocl_hybrid_thick;default;1000;static;threads;C1_4096;4partout;60:1;640820;-1;-1
img2d;patrin;GCC-12;4096;32;32;24;ssandPile;ocl_hybrid_thick;default;1000;static;cores;C1_4096;4partout;60:1;556215;-1;-1
img2d;patrin;GCC-12;4096;32;32;24;ssandPile;ocl_hybrid_thick;default;1000;static;cores;C1_4096;4partout;60:1;555141;-1;-1
img2d;patrin;GCC-12;4096;32;32;24;ssandPile;ocl_hybrid_thick;default;1000;static;cores;C1_4096;4partout;60:1;589475;-1;-1
img2d;patrin;GCC-12;4096;32;32;24;ssandPile;ocl_hybrid_thick;default;1000;static;cores;C1_4096;4partout;60:1;554855;-1;-1
img2d;patrin;GCC-12;4096;32;32;24;ssandPile;ocl_hybrid_thick;default;1000;static;cores;C1_4096;4partout;60:1;625973;-1;-1
img2d;patrin;GCC-12;4096;32;32;24;ssandPile;ocl_hybrid_thick;default;1000;static;cores;C1_4096;4partout;60:1;568813;-1;-1
img2d;patrin;GCC-12;4096;32;32;24;ssandPile;ocl_hybrid_thick;default;1000;static;cores;C1_4096;4partout;60:1;575640;-1;-1
img2d;patrin;GCC-12;4096;32;32;24;ssandPile;ocl_hybrid_thick;default;1000;static;cores;C1_4096;4partout;60:1;635673;-1;-1
img2d;patrin;GCC-12;4096;32;32;24;ssandPile;ocl_hybrid_thick;default;1000;static;cores;C1_4096;4partout;60:1;554632;-1;-1
img2d;patrin;GCC-12;4096;32;32;24;ssandPile;ocl_hybrid_thick;default;1000;static;cores;C1_4096;4partout;60:1;568200;-1;-1
img2d;patrin;GCC-12;4096;32;32;24;ssandPile;ocl_hybrid_thick;default;1000;static;sockets;C1_4096;4partout;60:1;2409390;-1;-1
img2d;patrin;GCC-12;4096;32;32;24;ssandPile;ocl_hybrid_thick;default;1000;static;sockets;C1_4096;4partout;60:1;568517;-1;-1
img2d;patrin;GCC-12;4096;32;32;24;ssandPile;ocl_hybrid_thick;default;1000;static;sockets;C1_4096;4partout;60:1;558255;-1;-1
img2d;patrin;GCC-12;4096;32;32;24;ssandPile;ocl_hybrid_thick;default;1000;static;sockets;C1_4096;4partout;60:1;553914;-1;-1
img2d;patrin;GCC-12;4096;32;32;24;ssandPile;ocl_hybrid_thick;default;1000;static;sockets;C1_4096;4partout;60:1;553731;-1;-1
img2d;patrin;GCC-12;4096;32;32;24;ssandPile;ocl_hybrid_thick;default;1000;static;sockets;C1_4096;4partout;60:1;654749;-1;-1
img2d;patrin;GCC-12;4096;32;32;24;ssandPile;ocl_hybrid_thick;default;1000;static;sockets;C1_4096;4partout;60:1;553974;-1;-1
img2d;patrin;GCC-12;4096;32;32;24;ssandPile;ocl_hybrid_thick;default;1000;static;sockets;C1_4096;4partout;60:1;554126;-1;-1
img2d;patrin;GCC-12;4096;32;32;24;ssandPile;ocl_hybrid_thick;default;1000;static;sockets;C1_4096;4partout;60:1;4690825;-1;-1
img2d;patrin;GCC-12;4096;32;32;24;ssandPile;ocl_hybrid_thick;default;1000;static;sockets;C1_4096;4partout;60:1;561325;-1;-1
img2d;patrin;GCC-12;4096;64;4;24;ssandPile;ocl_hybrid_thick;default;1000;static;threads;C1_4096;4partout;60:1;299436;-1;-1
img2d;patrin;GCC-12;4096;64;4;24;ssandPile;ocl_hybrid_thick;default;1000;static;threads;C1_4096;4partout;60:1;369191;-1;-1
img2d;patrin;GCC-12;4096;64;4;24;ssandPile;ocl_hybrid_thick;default;1000;static;threads;C1_4096;4partout;60:1;298646;-1;-1
img2d;patrin;GCC-12;4096;64;4;24;ssandPile;ocl_hybrid_thick;default;1000;static;threads;C1_4096;4partout;60:1;298239;-1;-1
img2d;patrin;GCC-12;4096;64;4;24;ssandPile;ocl_hybrid_thick;default;1000;static;threads;C1_4096;4partout;60:1;318416;-1;-1
img2d;patrin;GCC-12;4096;64;4;24;ssandPile;ocl_hybrid_thick;default;1000;static;threads;C1_4096;4partout;60:1;362235;-1;-1
img2d;patrin;GCC-12;4096;64;4;24;ssandPile;ocl_hybrid_thick;default;1000;static;threads;C1_4096;4partout;60:1;301614;-1;-1
img2d;patrin;GCC-12;4096;64;4;24;ssandPile;ocl_hybrid_thick;default;1000;static;threads;C1_4096;4partout;60:1;298691;-1;-1
img2d;patrin;GCC-12;4096;64;4;24;ssandPile;ocl_hybrid_thick;default;1000;static;threads;C1_4096;4partout;60:1;367121;-1;-1
img2d;patrin;GCC-12;4096;64;4;24;ssandPile;ocl_hybrid_thick;default;1000;static;threads;C1_4096;4partout;60:1;343077;-1;-1
img2d;patrin;GCC-12;4096;64;4;24;ssandPile;ocl_hybrid_thick;default;1000;static;cores;C1_4096;4partout;60:1;298684;-1;-1
img2d;patrin;GCC-12;4096;64;4;24;ssandPile;ocl_hybrid_thick;default;1000;static;cores;C1_4096;4partout;60:1;309650;-1;-1
img2d;patrin;GCC-12;4096;64;4;24;ssandPile;ocl_hybrid_thick;default;1000;static;cores;C1_4096;4partout;60:1;298454;-1;-1
img2d;patrin;GCC-12;4096;64;4;24;ssandPile;ocl_hybrid_thick;default;1000;static;cores;C1_4096;4partout;60:1;362097;-1;-1
img2d;patrin;GCC-12;4096;64;4;24;ssandPile;ocl_hybrid_thick;default;1000;static;cores;C1_4096;4partout;60:1;307798;-1;-1
img2d;patrin;GCC-12;4096;64;4;24;ssandPile;ocl_hybrid_thick;default;1000;static;cores;C1_4096;4partout;60:1;298499;-1;-1
img2d;patrin;GCC-12;4096;64;4;24;ssandPile;ocl_hybrid_thick;default;1000;static;cores;C1_4096;4partout;60:1;301591;-1;-1
img2d;patrin;GCC-12;4096;64;4;24;ssandPile;ocl_hybrid_thick;default;1000;static;cores;C1_4096;4partout;60:1;365009;-1;-1
img2d;patrin;GCC-12;4096;64;4;24;ssandPile;ocl_hybrid_thick;default;1000;static;cores;C1_4096;4partout;60:1;298073;-1;-1
img2d;patrin;GCC-12;4096;64;4;24;ssandPile;ocl_hybrid_thick;default;1000;static;cores;C1_4096;4partout;60:1;299436;-1;-1
img2d;patrin;GCC-12;4096;64;4;24;ssandPile;ocl_hybrid_thick;default;1000;static;sockets;C1_4096;4partout;60:1;305444;-1;-1
img2d;patrin;GCC-12;4096;64;4;24;ssandPile;ocl_hybrid_thick;default;1000;static;sockets;C1_4096;4partout;60:1;306328;-1;-1
img2d;patrin;GCC-12;4096;64;4;24;ssandPile;ocl_hybrid_thick;default;1000;static;sockets;C1_4096;4partout;60:1;300507;-1;-1
img2d;patrin;GCC-12;4096;64;4;24;ssandPile;ocl_hybrid_thick;default;1000;static;sockets;C1_4096;4partout;60:1;429475;-1;-1
img2d;patrin;GCC-12;4096;64;4;24;ssandPile;ocl_hybrid_thick;default;1000;static;sockets;C1_4096;4partout;60:1;377285;-1;-1
img2d;patrin;GCC-12;4096;64;4;24;ssandPile;ocl_hybrid_thick;default;1000;static;sockets;C1_4096;4partout;60:1;299058;-1;-1
img2d;patrin;GCC-12;4096;64;4;24;ssandPile;ocl_hybrid_thick;default;1000;static;sockets;C1_4096;4partout;60:1;298656;-1;-1
img2d;patrin;GCC-12;4096;64;4;24;ssandPile;ocl_hybrid_thick;default;1000;static;sockets;C1_4096;4partout;60:1;298769;-1;-1
img2d;patrin;GCC-12;4096;64;4;24;ssandPile;ocl_hybrid_thick;default;1000;static;sockets;C1_4096;4partout;60:1;296993;-1;-1
img2d;patrin;GCC-12;4096;64;4;24;ssandPile;ocl_hybrid_thick;default;1000;static;sockets;C1_4096;4partout;60:1;299003;-1;-1
img2d;patrin;GCC-12;4096;64;8;24;ssandPile;ocl_hybrid_thick;default;1000;static;threads;C1_4096;4partout;60:1;319808;-1;-1
img2d;patrin;GCC-12;4096;64;8;24;ssandPile;ocl_hybrid_thick;default;1000;static;threads;C1_4096;4partout;60:1;399491;-1;-1
img2d;patrin;GCC-12;4096;64;8;24;ssandPile;ocl_hybrid_thick;default;1000;static;threads;C1_4096;4partout;60:1;319912;-1;-1
img2d;patrin;GCC-12;4096;64;8;24;ssandPile;ocl_hybrid_thick;default;1000;static;threads;C1_4096;4partout;60:1;322289;-1;-1
img2d;patrin;GCC-12;4096;64;8;24;ssandPile;ocl_hybrid_thick;default;1000;static;threads;C1_4096;4partout;60:1;319398;-1;-1
img2d;patrin;GCC-12;4096;64;8;24;ssandPile;ocl_hybrid_thick;default;1000;static;threads;C1_4096;4partout;60:1;352149;-1;-1
img2d;patrin;GCC-12;4096;64;8;24;ssandPile;ocl_hybrid_thick;default;1000;static;threads;C1_4096;4partout;60:1;320005;-1;-1
img2d;patrin;GCC-12;4096;64;8;24;ssandPile;ocl_hybrid_thick;default;1000;static;threads;C1_4096;4partout;60:1;321207;-1;-1
img2d;patrin;GCC-12;4096;64;8;24;ssandPile;ocl_hybrid_thick;default;1000;static;threads;C1_4096;4partout;60:1;320888;-1;-1
img2d;patrin;GCC-12;4096;64;8;24;ssandPile;ocl_hybrid_thick;default;1000;static;threads;C1_4096;4partout;60:1;327792;-1;-1
img2d;patrin;GCC-12;4096;64;8;24;ssandPile;ocl_hybrid_thick;default;1000;static;cores;C1_4096;4partout;60:1;373079;-1;-1
img2d;patrin;GCC-12;4096;64;8;24;ssandPile;ocl_hybrid_thick;default;1000;static;cores;C1_4096;4partout;60:1;321134;-1;-1
img2d;patrin;GCC-12;4096;64;8;24;ssandPile;ocl_hybrid_thick;default;1000;static;cores;C1_4096;4partout;60:1;322791;-1;-1
img2d;patrin;GCC-12;4096;64;8;24;ssandPile;ocl_hybrid_thick;default;1000;static;cores;C1_4096;4partout;60:1;319714;-1;-1
img2d;patrin;GCC-12;4096;64;8;24;ssandPile;ocl_hybrid_thick;default;1000;static;cores;C1_4096;4partout;60:1;320235;-1;-1
img2d;patrin;GCC-12;4096;64;8;24;ssandPile;ocl_hybrid_thick;default;1000;static;cores;C1_4096;4partout;60:1;319556;-1;-1
img2d;patrin;GCC-12;4096;64;8;24;ssandPile;ocl_hybrid_thick;default;1000;static;cores;C1_4096;4partout;60:1;320478;-1;-1
img2d;patrin;GCC-12;4096;64;8;24;ssandPile;ocl_hybrid_thick;default;1000;static;cores;C1_4096;4partout;60:1;320302;-1;-1
img2d;patrin;GCC-12;4096;64;8;24;ssandPile;ocl_hybrid_thick;default;1000;static;cores;C1_4096;4partout;60:1;320270;-1;-1
img2d;patrin;GCC-12;4096;64;8;24;ssandPile;ocl_hybrid_thick;default;1000;static;cores;C1_4096;4partout;60:1;320183;-1;-1
img2d;patrin;GCC-12;4096;64;8;24;ssandPile;ocl_hybrid_thick;default;1000;static;sockets;C1_4096;4partout;60:1;336347;-1;-1
img2d;patrin;GCC-12;4096;64;8;24;ssandPile;ocl_hybrid_thick;default;1000;static;sockets;C1_4096;4partout;60:1;319422;-1;-1
img2d;patrin;GCC-12;4096;64;8;24;ssandPile;ocl_hybrid_thick;default;1000;static;sockets;C1_4096;4partout;60:1;331357;-1;-1
img2d;patrin;GCC-12;4096;64;8;24;ssandPile;ocl_hybrid_thick;default;1000;static;sockets;C1_4096;4partout;60:1;319885;-1;-1
img2d;patrin;GCC-12;4096;64;8;24;ssandPile;ocl_hybrid_thick;default;1000;static;sockets;C1_4096;4partout;60:1;388605;-1;-1
img2d;patrin;GCC-12;4096;64;8;24;ssandPile;ocl_hybrid_thick;default;1000;static;sockets;C1_4096;4partout;60:1;2034055;-1;-1
img2d;patrin;GCC-12;4096;64;8;24;ssandPile;ocl_hybrid_thick;default;1000;static;sockets;C1_4096;4partout;60:1;321640;-1;-1
img2d;patrin;GCC-12;4096;64;8;24;ssandPile;ocl_hybrid_thick;default;1000;static;sockets;C1_4096;4partout;60:1;322512;-1;-1
img2d;patrin;GCC-12;4096;64;8;24;ssandPile;ocl_hybrid_thick;default;1000;static;sockets;C1_4096;4partout;60:1;390495;-1;-1
img2d;patrin;GCC-12;4096;64;8;24;ssandPile;ocl_hybrid_thick;default;1000;static;sockets;C1_4096;4partout;60:1;320490;-1;-1
img2d;patrin;GCC-12;4096;64;16;24;ssandPile;ocl_hybrid_thick;default;1000;static;threads;C1_4096;4partout;60:1;524595;-1;-1
img2d;patrin;GCC-12;4096;64;16;24;ssandPile;ocl_hybrid_thick;default;1000;static;threads;C1_4096;4partout;60:1;602974;-1;-1
img2d;patrin;GCC-12;4096;64;16;24;ssandPile;ocl_hybrid_thick;default;1000;static;threads;C1_4096;4partout;60:1;524118;-1;-1
img2d;patrin;GCC-12;4096;64;16;24;ssandPile;ocl_hybrid_thick;default;1000;static;threads;C1_4096;4partout;60:1;539368;-1;-1
img2d;patrin;GCC-12;4096;64;16;24;ssandPile;ocl_hybrid_thick;default;1000;static;threads;C1_4096;4partout;60:1;599266;-1;-1
img2d;patrin;GCC-12;4096;64;16;24;ssandPile;ocl_hybrid_thick;default;1000;static;threads;C1_4096;4partout;60:1;524730;-1;-1
img2d;patrin;GCC-12;4096;64;16;24;ssandPile;ocl_hybrid_thick;default;1000;static;threads;C1_4096;4partout;60:1;524197;-1;-1
img2d;patrin;GCC-12;4096;64;16;24;ssandPile;ocl_hybrid_thick;default;1000;static;threads;C1_4096;4partout;60:1;586609;-1;-1
img2d;patrin;GCC-12;4096;64;16;24;ssandPile;ocl_hybrid_thick;default;1000;static;threads;C1_4096;4partout;60:1;524641;-1;-1
img2d;patrin;GCC-12;4096;64;16;24;ssandPile;ocl_hybrid_thick;default;1000;static;threads;C1_4096;4partout;60:1;524115;-1;-1
img2d;patrin;GCC-12;4096;64;16;24;ssandPile;ocl_hybrid_thick;default;1000;static;cores;C1_4096;4partout;60:1;581637;-1;-1
img2d;patrin;GCC-12;4096;64;16;24;ssandPile;ocl_hybrid_thick;default;1000;static;cores;C1_4096;4partout;60:1;524523;-1;-1
img2d;patrin;GCC-12;4096;64;16;24;ssandPile;ocl_hybrid_thick;default;1000;static;cores;C1_4096;4partout;60:1;523689;-1;-1
img2d;patrin;GCC-12;4096;64;16;24;ssandPile;ocl_hybrid_thick;default;1000;static;cores;C1_4096;4partout;60:1;527920;-1;-1
img2d;patrin;GCC-12;4096;64;16;24;ssandPile;ocl_hybrid_thick;default;1000;static;cores;C1_4096;4partout;60:1;524918;-1;-1
img2d;patrin;GCC-12;4096;64;16;24;ssandPile;ocl_hybrid_thick;default;1000;static;cores;C1_4096;4partout;60:1;601137;-1;-1
img2d;patrin;GCC-12;4096;64;16;24;ssandPile;ocl_hybrid_thick;default;1000;static;cores;C1_4096;4partout;60:1;537714;-1;-1
img2d;patrin;GCC-12;4096;64;16;24;ssandPile;ocl_hybrid_thick;default;1000;static;cores;C1_4096;4partout;60:1;527274;-1;-1
img2d;patrin;GCC-12;4096;64;16;24;ssandPile;ocl_hybrid_thick;default;1000;static;cores;C1_4096;4partout;60:1;609244;-1;-1
img2d;patrin;GCC-12;4096;64;16;24;ssandPile;ocl_hybrid_thick;default;1000;static;cores;C1_4096;4partout;60:1;524233;-1;-1
img2d;patrin;GCC-12;4096;64;16;24;ssandPile;ocl_hybrid_thick;default;1000;static;sockets;C1_4096;4partout;60:1;523842;-1;-1
img2d;patrin;GCC-12;4096;64;16;24;ssandPile;ocl_hybrid_thick;default;1000;static;sockets;C1_4096;4partout;60:1;547912;-1;-1
img2d;patrin;GCC-12;4096;64;16;24;ssandPile;ocl_hybrid_thick;default;1000;static;sockets;C1_4096;4partout;60:1;524742;-1;-1
img2d;patrin;GCC-12;4096;64;16;24;ssandPile;ocl_hybrid_thick;default;1000;static;sockets;C1_4096;4partout;60:1;613914;-1;-1
img2d;patrin;GCC-12;4096;64;16;24;ssandPile;ocl_hybrid_thick;default;1000;static;sockets;C1_4096;4partout;60:1;526136;-1;-1
img2d;patrin;GCC-12;4096;64;16;24;ssandPile;ocl_hybrid_thick;default;1000;static;sockets;C1_4096;4partout;60:1;2611885;-1;-1
img2d;patrin;GCC-12;4096;64;16;24;ssandPile;ocl_hybrid_thick;default;1000;static;sockets;C1_4096;4partout;60:1;4910804;-1;-1
img2d;patrin;GCC-12;4096;64;16;24;ssandPile;ocl_hybrid_thick;default;1000;static;sockets;C1_4096;4partout;60:1;532036;-1;-1
img2d;patrin;GCC-12;4096;64;16;24;ssandPile;ocl_hybrid_thick;default;1000;static;sockets;C1_4096;4partout;60:1;597913;-1;-1
img2d;patrin;GCC-12;4096;64;16;24;ssandPile;ocl_hybrid_thick;default;1000;static;sockets;C1_4096;4partout;60:1;581801;-1;-1
img2d;patrin;GCC-12;4096;128;4;24;ssandPile;ocl_hybrid_thick;default;1000;static;threads;C1_4096;4partout;60:1;316263;-1;-1
img2d;patrin;GCC-12;4096;128;4;24;ssandPile;ocl_hybrid_thick;default;1000;static;threads;C1_4096;4partout;60:1;315066;-1;-1
img2d;patrin;GCC-12;4096;128;4;24;ssandPile;ocl_hybrid_thick;default;1000;static;threads;C1_4096;4partout;60:1;315324;-1;-1
img2d;patrin;GCC-12;4096;128;4;24;ssandPile;ocl_hybrid_thick;default;1000;static;threads;C1_4096;4partout;60:1;315597;-1;-1
img2d;patrin;GCC-12;4096;128;4;24;ssandPile;ocl_hybrid_thick;default;1000;static;threads;C1_4096;4partout;60:1;333410;-1;-1
img2d;patrin;GCC-12;4096;128;4;24;ssandPile;ocl_hybrid_thick;default;1000;static;threads;C1_4096;4partout;60:1;315162;-1;-1
img2d;patrin;GCC-12;4096;128;4;24;ssandPile;ocl_hybrid_thick;default;1000;static;threads;C1_4096;4partout;60:1;315009;-1;-1
img2d;patrin;GCC-12;4096;128;4;24;ssandPile;ocl_hybrid_thick;default;1000;static;threads;C1_4096;4partout;60:1;315113;-1;-1
img2d;patrin;GCC-12;4096;128;4;24;ssandPile;ocl_hybrid_thick;default;1000;static;threads;C1_4096;4partout;60:1;411864;-1;-1
img2d;patrin;GCC-12;4096;128;4;24;ssandPile;ocl_hybrid_thick;default;1000;static;threads;C1_4096;4partout;60:1;395650;-1;-1
img2d;patrin;GCC-12;4096;128;4;24;ssandPile;ocl_hybrid_thick;default;1000;static;cores;C1_4096;4partout;60:1;315481;-1;-1
img2d;patrin;GCC-12;4096;128;4;24;ssandPile;ocl_hybrid_thick;default;1000;static;cores;C1_4096;4partout;60:1;315771;-1;-1
img2d;patrin;GCC-12;4096;128;4;24;ssandPile;ocl_hybrid_thick;default;1000;static;cores;C1_4096;4partout;60:1;448585;-1;-1
img2d;patrin;GCC-12;4096;128;4;24;ssandPile;ocl_hybrid_thick;default;1000;static;cores;C1_4096;4partout;60:1;377739;-1;-1
img2d;patrin;GCC-12;4096;128;4;24;ssandPile;ocl_hybrid_thick;default;1000;static;cores;C1_4096;4partout;60:1;315566;-1;-1
img2d;patrin;GCC-12;4096;128;4;24;ssandPile;ocl_hybrid_thick;default;1000;static;cores;C1_4096;4partout;60:1;327895;-1;-1
img2d;patrin;GCC-12;4096;128;4;24;ssandPile;ocl_hybrid_thick;default;1000;static;cores;C1_4096;4partout;60:1;315731;-1;-1
img2d;patrin;GCC-12;4096;128;4;24;ssandPile;ocl_hybrid_thick;default;1000;static;cores;C1_4096;4partout;60:1;378081;-1;-1
img2d;patrin;GCC-12;4096;128;4;24;ssandPile;ocl_hybrid_thick;default;1000;static;cores;C1_4096;4partout;60:1;314836;-1;-1
img2d;patrin;GCC-12;4096;128;4;24;ssandPile;ocl_hybrid_thick;default;1000;static;cores;C1_4096;4partout;60:1;326209;-1;-1
img2d;patrin;GCC-12;4096;128;4;24;ssandPile;ocl_hybrid_thick;default;1000;static;sockets;C1_4096;4partout;60:1;314961;-1;-1
img2d;patrin;GCC-12;4096;128;4;24;ssandPile;ocl_hybrid_thick;default;1000;static;sockets;C1_4096;4partout;60:1;341745;-1;-1
img2d;patrin;GCC-12;4096;128;4;24;ssandPile;ocl_hybrid_thick;default;1000;static;sockets;C1_4096;4partout;60:1;321182;-1;-1
img2d;patrin;GCC-12;4096;128;4;24;ssandPile;ocl_hybrid_thick;default;1000;static;sockets;C1_4096;4partout;60:1;323211;-1;-1
img2d;patrin;GCC-12;4096;128;4;24;ssandPile;ocl_hybrid_thick;default;1000;static;sockets;C1_4096;4partout;60:1;418659;-1;-1
img2d;patrin;GCC-12;4096;128;4;24;ssandPile;ocl_hybrid_thick;default;1000;static;sockets;C1_4096;4partout;60:1;326994;-1;-1
img2d;patrin;GCC-12;4096;128;4;24;ssandPile;ocl_hybrid_thick;default;1000;static;sockets;C1_4096;4partout;60:1;2409862;-1;-1
img2d;patrin;GCC-12;4096;128;4;24;ssandPile;ocl_hybrid_thick;default;1000;static;sockets;C1_4096;4partout;60:1;319303;-1;-1
img2d;patrin;GCC-12;4096;128;4;24;ssandPile;ocl_hybrid_thick;default;1000;static;sockets;C1_4096;4partout;60:1;381665;-1;-1
img2d;patrin;GCC-12;4096;128;4;24;ssandPile;ocl_hybrid_thick;default;1000;static;sockets;C1_4096;4partout;60:1;320502;-1;-1
img2d;patrin;GCC-12;4096;128;8;24;ssandPile;ocl_hybrid_thick;default;1000;static;threads;C1_4096;4partout;60:1;524574;-1;-1
img2d;patrin;GCC-12;4096;128;8;24;ssandPile;ocl_hybrid_thick;default;1000;static;threads;C1_4096;4partout;60:1;595529;-1;-1
img2d;patrin;GCC-12;4096;128;8;24;ssandPile;ocl_hybrid_thick;default;1000;static;threads;C1_4096;4partout;60:1;523147;-1;-1
img2d;patrin;GCC-12;4096;128;8;24;ssandPile;ocl_hybrid_thick;default;1000;static;threads;C1_4096;4partout;60:1;524822;-1;-1
img2d;patrin;GCC-12;4096;128;8;24;ssandPile;ocl_hybrid_thick;default;1000;static;threads;C1_4096;4partout;60:1;586133;-1;-1
img2d;patrin;GCC-12;4096;128;8;24;ssandPile;ocl_hybrid_thick;default;1000;static;threads;C1_4096;4partout;60:1;566889;-1;-1
img2d;patrin;GCC-12;4096;128;8;24;ssandPile;ocl_hybrid_thick;default;1000;static;threads;C1_4096;4partout;60:1;523168;-1;-1
img2d;patrin;GCC-12;4096;128;8;24;ssandPile;ocl_hybrid_thick;default;1000;static;threads;C1_4096;4partout;60:1;524443;-1;-1
img2d;patrin;GCC-12;4096;128;8;24;ssandPile;ocl_hybrid_thick;default;1000;static;threads;C1_4096;4partout;60:1;523635;-1;-1
img2d;patrin;GCC-12;4096;128;8;24;ssandPile;ocl_hybrid_thick;default;1000;static;threads;C1_4096;4partout;60:1;594981;-1;-1
img2d;patrin;GCC-12;4096;128;8;24;ssandPile;ocl_hybrid_thick;default;1000;static;cores;C1_4096;4partout;60:1;522796;-1;-1
img2d;patrin;GCC-12;4096;128;8;24;ssandPile;ocl_hybrid_thick;default;1000;static;cores;C1_4096;4partout;60:1;524390;-1;-1
img2d;patrin;GCC-12;4096;128;8;24;ssandPile;ocl_hybrid_thick;default;1000;static;cores;C1_4096;4partout;60:1;608618;-1;-1
img2d;patrin;GCC-12;4096;128;8;24;ssandPile;ocl_hybrid_thick;default;1000;static;cores;C1_4096;4partout;60:1;523994;-1;-1
img2d;patrin;GCC-12;4096;128;8;24;ssandPile;ocl_hybrid_thick;default;1000;static;cores;C1_4096;4partout;60:1;524402;-1;-1
img2d;patrin;GCC-12;4096;128;8;24;ssandPile;ocl_hybrid_thick;default;1000;static;cores;C1_4096;4partout;60:1;594401;-1;-1
img2d;patrin;GCC-12;4096;128;8;24;ssandPile;ocl_hybrid_thick;default;1000;static;cores;C1_4096;4partout;60:1;522782;-1;-1
img2d;patrin;GCC-12;4096;128;8;24;ssandPile;ocl_hybrid_thick;default;1000;static;cores;C1_4096;4partout;60:1;525984;-1;-1
img2d;patrin;GCC-12;4096;128;8;24;ssandPile;ocl_hybrid_thick;default;1000;static;cores;C1_4096;4partout;60:1;584370;-1;-1
img2d;patrin;GCC-12;4096;128;8;24;ssandPile;ocl_hybrid_thick;default;1000;static;cores;C1_4096;4partout;60:1;536612;-1;-1
img2d;patrin;GCC-12;4096;128;8;24;ssandPile;ocl_hybrid_thick;default;1000;static;sockets;C1_4096;4partout;60:1;525175;-1;-1
img2d;patrin;GCC-12;4096;128;8;24;ssandPile;ocl_hybrid_thick;default;1000;static;sockets;C1_4096;4partout;60:1;522858;-1;-1
img2d;patrin;GCC-12;4096;128;8;24;ssandPile;ocl_hybrid_thick;default;1000;static;sockets;C1_4096;4partout;60:1;522480;-1;-1
img2d;patrin;GCC-12;4096;128;8;24;ssandPile;ocl_hybrid_thick;default;1000;static;sockets;C1_4096;4partout;60:1;608191;-1;-1
img2d;patrin;GCC-12;4096;128;8;24;ssandPile;ocl_hybrid_thick;default;1000;static;sockets;C1_4096;4partout;60:1;523449;-1;-1
img2d;patrin;GCC-12;4096;128;8;24;ssandPile;ocl_hybrid_thick;default;1000;static;sockets;C1_4096;4partout;60:1;542891;-1;-1
img2d;patrin;GCC-12;4096;128;8;24;ssandPile;ocl_hybrid_thick;default;1000;static;sockets;C1_4096;4partout;60:1;587660;-1;-1
img2d;patrin;GCC-12;4096;128;8;24;ssandPile;ocl_hybrid_thick;default;1000;static;sockets;C1_4096;4partout;60:1;523197;-1;-1
img2d;patrin;GCC-12;4096;128;8;24;ssandPile;ocl_hybrid_thick;default;1000;static;sockets;C1_4096;4partout;60:1;523615;-1;-1
img2d;patrin;GCC-12;4096;128;8;24;ssandPile;ocl_hybrid_thick;default;1000;static;sockets;C1_4096;4partout;60:1;523234;-1;-1
img2d;patrin;GCC-12;4096;256;4;24;ssandPile;ocl_hybrid_thick;default;1000;static;threads;C1_4096;4partout;60:1;516100;-1;-1
img2d;patrin;GCC-12;4096;256;4;24;ssandPile;ocl_hybrid_thick;default;1000;static;threads;C1_4096;4partout;60:1;583102;-1;-1
img2d;patrin;GCC-12;4096;256;4;24;ssandPile;ocl_hybrid_thick;default;1000;static;threads;C1_4096;4partout;60:1;529502;-1;-1
img2d;patrin;GCC-12;4096;256;4;24;ssandPile;ocl_hybrid_thick;default;1000;static;threads;C1_4096;4partout;60:1;516748;-1;-1
img2d;patrin;GCC-12;4096;256;4;24;ssandPile;ocl_hybrid_thick;default;1000;static;threads;C1_4096;4partout;60:1;589318;-1;-1
img2d;patrin;GCC-12;4096;256;4;24;ssandPile;ocl_hybrid_thick;default;1000;static;threads;C1_4096;4partout;60:1;516377;-1;-1
img2d;patrin;GCC-12;4096;256;4;24;ssandPile;ocl_hybrid_thick;default;1000;static;threads;C1_4096;4partout;60:1;516554;-1;-1
img2d;patrin;GCC-12;4096;256;4;24;ssandPile;ocl_hybrid_thick;default;1000;static;threads;C1_4096;4partout;60:1;580269;-1;-1
img2d;patrin;GCC-12;4096;256;4;24;ssandPile;ocl_hybrid_thick;default;1000;static;threads;C1_4096;4partout;60:1;516521;-1;-1
img2d;patrin;GCC-12;4096;256;4;24;ssandPile;ocl_hybrid_thick;default;1000;static;threads;C1_4096;4partout;60:1;521698;-1;-1
img2d;patrin;GCC-12;4096;256;4;24;ssandPile;ocl_hybrid_thick;default;1000;static;cores;C1_4096;4partout;60:1;566171;-1;-1
img2d;patrin;GCC-12;4096;256;4;24;ssandPile;ocl_hybrid_thick;default;1000;static;cores;C1_4096;4partout;60:1;643879;-1;-1
img2d;patrin;GCC-12;4096;256;4;24;ssandPile;ocl_hybrid_thick;default;1000;static;cores;C1_4096;4partout;60:1;612125;-1;-1
img2d;patrin;GCC-12;4096;256;4;24;ssandPile;ocl_hybrid_thick;default;1000;static;cores;C1_4096;4partout;60:1;519779;-1;-1
img2d;patrin;GCC-12;4096;256;4;24;ssandPile;ocl_hybrid_thick;default;1000;static;cores;C1_4096;4partout;60:1;516924;-1;-1
img2d;patrin;GCC-12;4096;256;4;24;ssandPile;ocl_hybrid_thick;default;1000;static;cores;C1_4096;4partout;60:1;591796;-1;-1
img2d;patrin;GCC-12;4096;256;4;24;ssandPile;ocl_hybrid_thick;default;1000;static;cores;C1_4096;4partout;60:1;519084;-1;-1
img2d;patrin;GCC-12;4096;256;4;24;ssandPile;ocl_hybrid_thick;default;1000;static;cores;C1_4096;4partout;60:1;526108;-1;-1
img2d;patrin;GCC-12;4096;256;4;24;ssandPile;ocl_hybrid_thick;default;1000;static;cores;C1_4096;4partout;60:1;579725;-1;-1
img2d;patrin;GCC-12;4096;256;4;24;ssandPile;ocl_hybrid_thick;default;1000;static;cores;C1_4096;4partout;60:1;554738;-1;-1
img2d;patrin;GCC-12;4096;256;4;24;ssandPile;ocl_hybrid_thick;default;1000;static;sockets;C1_4096;4partout;60:1;519430;-1;-1
img2d;patrin;GCC-12;4096;256;4;24;ssandPile;ocl_hybrid_thick;default;1000;static;sockets;C1_4096;4partout;60:1;516081;-1;-1
img2d;patrin;GCC-12;4096;256;4;24;ssandPile;ocl_hybrid_thick;default;1000;static;sockets;C1_4096;4partout;60:1;531707;-1;-1
img2d;patrin;GCC-12;4096;256;4;24;ssandPile;ocl_hybrid_thick;default;1000;static;sockets;C1_4096;4partout;60:1;1427508;-1;-1
img2d;patrin;GCC-12;4096;256;4;24;ssandPile;ocl_hybrid_thick;default;1000;static;sockets;C1_4096;4partout;60:1;521824;-1;-1
img2d;patrin;GCC-12;4096;256;4;24;ssandPile;ocl_hybrid_thick;default;1000;static;sockets;C1_4096;4partout;60:1;587233;-1;-1
img2d;patrin;GCC-12;4096;256;4;24;ssandPile;ocl_hybrid_thick;default;1000;static;sockets;C1_4096;4partout;60:1;516555;-1;-1
img2d;patrin;GCC-12;4096;256;4;24;ssandPile;ocl_hybrid_thick;default;1000;static;sockets;C1_4096;4partout;60:1;562047;-1;-1
img2d;patrin;GCC-12;4096;256;4;24;ssandPile;ocl_hybrid_thick;default;1000;static;sockets;C1_4096;4partout;60:1;515873;-1;-1
img2d;patrin;GCC-12;4096;256;4;24;ssandPile;ocl_hybrid_thick;default;1000;static;sockets;C1_4096;4partout;60:1;516320;-1;-1
img2d;patrin;GCC-12;1024;4;4;24;ssandPile;ocl_hybrid_thick;default;4000;static;threads;C2_1024;4partout;60:1;251092;-1;-1
img2d;patrin;GCC-12;1024;4;4;24;ssandPile;ocl_hybrid_thick;default;4000;static;threads;C2_1024;4partout;60:1;319048;-1;-1
img2d;patrin;GCC-12;1024;4;4;24;ssandPile;ocl_hybrid_thick;default;4000;static;threads;C2_1024;4partout;60:1;250370;-1;-1
img2d;patrin;GCC-12;1024;4;4;24;ssandPile;ocl_hybrid_thick;default;4000;static;threads;C2_1024;4partout;60:1;251687;-1;-1
img2d;patrin;GCC-12;1024;4;4;24;ssandPile;ocl_hybrid_thick;default;4000;static;threads;C2_1024;4partout;60:1;252589;-1;-1
img2d;patrin;GCC-12;1024;4;4;24;ssandPile;ocl_hybrid_thick;default;4000;static;threads;C2_1024;4partout;60:1;248829;-1;-1
img2d;patrin;GCC-12;1024;4;4;24;ssandPile;ocl_hybrid_thick;default;4000;static;threads;C2_1024;4partout;60:1;299421;-1;-1
img2d;patrin;GCC-12;1024;4;4;24;ssandPile;ocl_hybrid_thick;default;4000;static;threads;C2_1024;4partout;60:1;248936;-1;-1
img2d;patrin;GCC-12;1024;4;4;24;ssandPile;ocl_hybrid_thick;default;4000;static;threads;C2_1024;4partout;60:1;248504;-1;-1
img2d;patrin;GCC-12;1024;4;4;24;ssandPile;ocl_hybrid_thick;default;4000;static;threads;C2_1024;4partout;60:1;253567;-1;-1
img2d;patrin;GCC-12;1024;4;4;24;ssandPile;ocl_hybrid_thick;default;4000;static;cores;C2_1024;4partout;60:1;249415;-1;-1
img2d;patrin;GCC-12;1024;4;4;24;ssandPile;ocl_hybrid_thick;default;4000;static;cores;C2_1024;4partout;60:1;249069;-1;-1
img2d;patrin;GCC-12;1024;4;4;24;ssandPile;ocl_hybrid_thick;default;4000;static;cores;C2_1024;4partout;60:1;249047;-1;-1
img2d;patrin;GCC-12;1024;4;4;24;ssandPile;ocl_hybrid_thick;default;4000;static;cores;C2_1024;4partout;60:1;250075;-1;-1
img2d;patrin;GCC-12;1024;4;4;24;ssandPile;ocl_hybrid_thick;default;4000;static;cores;C2_1024;4partout;60:1;254094;-1;-1
img2d;patrin;GCC-12;1024;4;4;24;ssandPile;ocl_hybrid_thick;default;4000;static;cores;C2_1024;4partout;60:1;316886;-1;-1
img2d;patrin;GCC-12;1024;4;4;24;ssandPile;ocl_hybrid_thick;default;4000;static;cores;C2_1024;4partout;60:1;252533;-1;-1
img2d;patrin;GCC-12;1024;4;4;24;ssandPile;ocl_hybrid_thick;default;4000;static;cores;C2_1024;4partout;60:1;249463;-1;-1
img2d;patrin;GCC-12;1024;4;4;24;ssandPile;ocl_hybrid_thick;default;4000;static;cores;C2_1024;4partout;60:1;274969;-1;-1
img2d;patrin;GCC-12;1024;4;4;24;ssandPile;ocl_hybrid_thick;default;4000;static;cores;C2_1024;4partout;60:1;254668;-1;-1
img2d;patrin;GCC-12;1024;4;4;24;ssandPile;ocl_hybrid_thick;default;4000;static;sockets;C2_1024;4partout;60:1;328772;-1;-1
img2d;patrin;GCC-12;1024;4;4;24;ssandPile;ocl_hybrid_thick;default;4000;static;sockets;C2_1024;4partout;60:1;252187;-1;-1
img2d;patrin;GCC-12;1024;4;4;24;ssandPile;ocl_hybrid_thick;default;4000;static;sockets;C2_1024;4partout;60:1;247859;-1;-1
img2d;patrin;GCC-12;1024;4;4;24;ssandPile;ocl_hybrid_thick;default;4000;static;sockets;C2_1024;4partout;60:1;248825;-1;-1
img2d;patrin;GCC-12;1024;4;4;24;ssandPile;ocl_hybrid_thick;default;4000;static;sockets;C2_1024;4partout;60:1;284549;-1;-1
img2d;patrin;GCC-12;1024;4;4;24;ssandPile;ocl_hybrid_thick;default;4000;static;sockets;C2_1024;4partout;60:1;250244;-1;-1
img2d;patrin;GCC-12;1024;4;4;24;ssandPile;ocl_hybrid_thick;default;4000;static;sockets;C2_1024;4partout;60:1;248394;-1;-1
img2d;patrin;GCC-12;1024;4;4;24;ssandPile;ocl_hybrid_thick;default;4000;static;sockets;C2_1024;4partout;60:1;250843;-1;-1
img2d;patrin;GCC-12;1024;4;4;24;ssandPile;ocl_hybrid_thick;default;4000;static;sockets;C2_1024;4partout;60:1;251106;-1;-1
img2d;patrin;GCC-12;1024;4;4;24;ssandPile;ocl_hybrid_thick;default;4000;static;sockets;C2_1024;4partout;60:1;337212;-1;-1
img2d;patrin;GCC-12;1024;4;8;24;ssandPile;ocl_hybrid_thick;default;4000;static;threads;C2_1024;4partout;60:1;212622;-1;-1
img2d;patrin;GCC-12;1024;4;8;24;ssandPile;ocl_hybrid_thick;default;4000;static;threads;C2_1024;4partout;60:1;211609;-1;-1
img2d;patrin;GCC-12;1024;4;8;24;ssandPile;ocl_hybrid_thick;default;4000;static;threads;C2_1024;4partout;60:1;204084;-1;-1
img2d;patrin;GCC-12;1024;4;8;24;ssandPile;ocl_hybrid_thick;default;4000;static;threads;C2_1024;4partout;60:1;227303;-1;-1
img2d;patrin;GCC-12;1024;4;8;24;ssandPile;ocl_hybrid_thick;default;4000;static;threads;C2_1024;4partout;60:1;277512;-1;-1
img2d;patrin;GCC-12;1024;4;8;24;ssandPile;ocl_hybrid_thick;default;4000;static;threads;C2_1024;4partout;60:1;252371;-1;-1
img2d;patrin;GCC-12;1024;4;8;24;ssandPile;ocl_hybrid_thick;default;4000;static;threads;C2_1024;4partout;60:1;216010;-1;-1
img2d;patrin;GCC-12;1024;4;8;24;ssandPile;ocl_hybrid_thick;default;4000;static;threads;C2_1024;4partout;60:1;237663;-1;-1
img2d;patrin;GCC-12;1024;4;8;24;ssandPile;ocl_hybrid_thick;default;4000;static;threads;C2_1024;4partout;60:1;207976;-1;-1
img2d;patrin;GCC-12;1024;4;8;24;ssandPile;ocl_hybrid_thick;default;4000;static;threads;C2_1024;4partout;60:1;288127;-1;-1
img2d;patrin;GCC-12;1024;4;8;24;ssandPile;ocl_hybrid_thick;default;4000;static;cores;C2_1024;4partout;60:1;208918;-1;-1
img2d;patrin;GCC-12;1024;4;8;24;ssandPile;ocl_hybrid_thick;default;4000;static;cores;C2_1024;4partout;60:1;233923;-1;-1
img2d;patrin;GCC-12;1024;4;8;24;ssandPile;ocl_hybrid_thick;default;4000;static;cores;C2_1024;4partout;60:1;212709;-1;-1
img2d;patrin;GCC-12;1024;4;8;24;ssandPile;ocl_hybrid_thick;default;4000;static;cores;C2_1024;4partout;60:1;223517;-1;-1
img2d;patrin;GCC-12;1024;4;8;24;ssandPile;ocl_hybrid_thick;default;4000;static;cores;C2_1024;4partout;60:1;290757;-1;-1
img2d;patrin;GCC-12;1024;4;8;24;ssandPile;ocl_hybrid_thick;default;4000;static;cores;C2_1024;4partout;60:1;208218;-1;-1
img2d;patrin;GCC-12;1024;4;8;24;ssandPile;ocl_hybrid_thick;default;4000;static;cores;C2_1024;4partout;60:1;221061;-1;-1
img2d;patrin;GCC-12;1024;4;8;24;ssandPile;ocl_hybrid_thick;default;4000;static;cores;C2_1024;4partout;60:1;210803;-1;-1
img2d;patrin;GCC-12;1024;4;8;24;ssandPile;ocl_hybrid_thick;default;4000;static;cores;C2_1024;4partout;60:1;206775;-1;-1
img2d;patrin;GCC-12;1024;4;8;24;ssandPile;ocl_hybrid_thick;default;4000;static;cores;C2_1024;4partout;60:1;264441;-1;-1
img2d;patrin;GCC-12;1024;4;8;24;ssandPile;ocl_hybrid_thick;default;4000;static;sockets;C2_1024;4partout;60:1;208041;-1;-1
img2d;patrin;GCC-12;1024;4;8;24;ssandPile;ocl_hybrid_thick;default;4000;static;sockets;C2_1024;4partout;60:1;224760;-1;-1
img2d;patrin;GCC-12;1024;4;8;24;ssandPile;ocl_hybrid_thick;default;4000;static;sockets;C2_1024;4partout;60:1;214800;-1;-1
img2d;patrin;GCC-12;1024;4;8;24;ssandPile;ocl_hybrid_thick;default;4000;static;sockets;C2_1024;4partout;60:1;258054;-1;-1
img2d;patrin;GCC-12;1024;4;8;24;ssandPile;ocl_hybrid_thick;default;4000;static;sockets;C2_1024;4partout;60:1;273593;-1;-1
img2d;patrin;GCC-12;1024;4;8;24;ssandPile;ocl_hybrid_thick;default;4000;static;sockets;C2_1024;4partout;60:1;209949;-1;-1
img2d;patrin;GCC-12;1024;4;8;24;ssandPile;ocl_hybrid_thick;default;4000;static;sockets;C2_1024;4partout;60:1;214537;-1;-1
img2d;patrin;GCC-12;1024;4;8;24;ssandPile;ocl_hybrid_thick;default;4000;static;sockets;C2_1024;4partout;60:1;204428;-1;-1
img2d;patrin;GCC-12;1024;4;8;24;ssandPile;ocl_hybrid_thick;default;4000;static;sockets;C2_1024;4partout;60:1;211716;-1;-1
img2d;patrin;GCC-12;1024;4;8;24;ssandPile;ocl_hybrid_thick;default;4000;static;sockets;C2_1024;4partout;60:1;238978;-1;-1
img2d;patrin;GCC-12;1024;4;16;24;ssandPile;ocl_hybrid_thick;default;4000;static;threads;C2_1024;4partout;60:1;208456;-1;-1
img2d;patrin;GCC-12;1024;4;16;24;ssandPile;ocl_hybrid_thick;default;4000;static;threads;C2_1024;4partout;60:1;215616;-1;-1
img2d;patrin;GCC-12;1024;4;16;24;ssandPile;ocl_hybrid_thick;default;4000;static;threads;C2_1024;4partout;60:1;211801;-1;-1
img2d;patrin;GCC-12;1024;4;16;24;ssandPile;ocl_hybrid_thick;default;4000;static;threads;C2_1024;4partout;60:1;210461;-1;-1
img2d;patrin;GCC-12;1024;4;16;24;ssandPile;ocl_hybrid_thick;default;4000;static;threads;C2_1024;4partout;60:1;287745;-1;-1
img2d;patrin;GCC-12;1024;4;16;24;ssandPile;ocl_hybrid_thick;default;4000;static;threads;C2_1024;4partout;60:1;237890;-1;-1
img2d;patrin;GCC-12;1024;4;16;24;ssandPile;ocl_hybrid_thick;default;4000;static;threads;C2_1024;4partout;60:1;208519;-1;-1
img2d;patrin;GCC-12;1024;4;16;24;ssandPile;ocl_hybrid_thick;default;4000;static;threads;C2_1024;4partout;60:1;213279;-1;-1
img2d;patrin;GCC-12;1024;4;16;24;ssandPile;ocl_hybrid_thick;default;4000;static;threads;C2_1024;4partout;60:1;209921;-1;-1
img2d;patrin;GCC-12;1024;4;16;24;ssandPile;ocl_hybrid_thick;default;4000;static;threads;C2_1024;4partout;60:1;280183;-1;-1
img2d;patrin;GCC-12;1024;4;16;24;ssandPile;ocl_hybrid_thick;default;4000;static;cores;C2_1024;4partout;60:1;215358;-1;-1
img2d;patrin;GCC-12;1024;4;16;24;ssandPile;ocl_hybrid_thick;default;4000;static;cores;C2_1024;4partout;60:1;207848;-1;-1
img2d;patrin;GCC-12;1024;4;16;24;ssandPile;ocl_hybrid_thick;default;4000;static;cores;C2_1024;4partout;60:1;214885;-1;-1
img2d;patrin;GCC-12;1024;4;16;24;ssandPile;ocl_hybrid_thick;default;4000;static;cores;C2_1024;4partout;60:1;210701;-1;-1
img2d;patrin;GCC-12;1024;4;16;24;ssandPile;ocl_hybrid_thick;default;4000;static;cores;C2_1024;4partout;60:1;271031;-1;-1
img2d;patrin;GCC-12;1024;4;16;24;ssandPile;ocl_hybrid_thick;default;4000;static;cores;C2_1024;4partout;60:1;199341;-1;-1
img2d;patrin;GCC-12;1024;4;16;24;ssandPile;ocl_hybrid_thick;default;4000;static;cores;C2_1024;4partout;60:1;204993;-1;-1
img2d;patrin;GCC-12;1024;4;16;24;ssandPile;ocl_hybrid_thick;default;4000;static;cores;C2_1024;4partout;60:1;220685;-1;-1
img2d;patrin;GCC-12;1024;4;16;24;ssandPile;ocl_hybrid_thick;default;4000;static;cores;C2_1024;4partout;60:1;218063;-1;-1
img2d;patrin;GCC-12;1024;4;16;24;ssandPile;ocl_hybrid_thick;default;4000;static;cores;C2_1024;4partout;60:1;203331;-1;-1
img2d;patrin;GCC-12;1024;4;16;24;ssandPile;ocl_hybrid_thick;default;4000;static;sockets;C2_1024;4partout;60:1;214324;-1;-1
img2d;patrin;GCC-12;1024;4;16;24;ssandPile;ocl_hybrid_thick;default;4000;static;sockets;C2_1024;4partout;60:1;211367;-1;-1
img2d;patrin;GCC-12;1024;4;16;24;ssandPile;ocl_hybrid_thick;default;4000;static;sockets;C2_1024;4partout;60:1;212193;-1;-1
img2d;patrin;GCC-12;1024;4;16;24;ssandPile;ocl_hybrid_thick;default;4000;static;sockets;C2_1024;4partout;60:1;215896;-1;-1
img2d;patrin;GCC-12;1024;4;16;24;ssandPile;ocl_hybrid_thick;default;4000;static;sockets;C2_1024;4partout;60:1;295502;-1;-1
img2d;patrin;GCC-12;1024;4;16;24;ssandPile;ocl_hybrid_thick;default;4000;static;sockets;C2_1024;4partout;60:1;213345;-1;-1
img2d;patrin;GCC-12;1024;4;16;24;ssandPile;ocl_hybrid_thick;default;4000;static;sockets;C2_1024;4partout;60:1;221042;-1;-1
img2d;patrin;GCC-12;1024;4;16;24;ssandPile;ocl_hybrid_thick;default;4000;static;sockets;C2_1024;4partout;60:1;214902;-1;-1
img2d;patrin;GCC-12;1024;4;16;24;ssandPile;ocl_hybrid_thick;default;4000;static;sockets;C2_1024;4partout;60:1;220476;-1;-1
img2d;patrin;GCC-12;1024;4;16;24;ssandPile;ocl_hybrid_thick;default;4000;static;sockets;C2_1024;4partout;60:1;218672;-1;-1
img2d;patrin;GCC-12;1024;4;32;24;ssandPile;ocl_hybrid_thick;default;4000;static;threads;C2_1024;4partout;60:1;205427;-1;-1
img2d;patrin;GCC-12;1024;4;32;24;ssandPile;ocl_hybrid_thick;default;4000;static;threads;C2_1024;4partout;60:1;213496;-1;-1
img2d;patrin;GCC-12;1024;4;32;24;ssandPile;ocl_hybrid_thick;default;4000;static;threads;C2_1024;4partout;60:1;235309;-1;-1
img2d;patrin;GCC-12;1024;4;32;24;ssandPile;ocl_hybrid_thick;default;4000;static;threads;C2_1024;4partout;60:1;208733;-1;-1
img2d;patrin;GCC-12;1024;4;32;24;ssandPile;ocl_hybrid_thick;default;4000;static;threads;C2_1024;4partout;60:1;275407;-1;-1
img2d;patrin;GCC-12;1024;4;32;24;ssandPile;ocl_hybrid_thick;default;4000;static;threads;C2_1024;4partout;60:1;222422;-1;-1
img2d;patrin;GCC-12;1024;4;32;24;ssandPile;ocl_hybrid_thick;default;4000;static;threads;C2_1024;4partout;60:1;203770;-1;-1
img2d;patrin;GCC-12;1024;4;32;24;ssandPile;ocl_hybrid_thick;default;4000;static;threads;C2_1024;4partout;60:1;205240;-1;-1
img2d;patrin;GCC-12;1024;4;32;24;ssandPile;ocl_hybrid_thick;default;4000;static;threads;C2_1024;4partout;60:1;204053;-1;-1
img2d;patrin;GCC-12;1024;4;32;24;ssandPile;ocl_hybrid_thick;default;4000;static;threads;C2_1024;4partout;60:1;275062;-1;-1
img2d;patrin;GCC-12;1024;4;32;24;ssandPile;ocl_hybrid_thick;default;4000;static;cores;C2_1024;4partout;60:1;203416;-1;-1
img2d;patrin;GCC-12;1024;4;32;24;ssandPile;ocl_hybrid_thick;default;4000;static;cores;C2_1024;4partout;60:1;223062;-1;-1
img2d;patrin;GCC-12;1024;4;32;24;ssandPile;ocl_hybrid_thick;default;4000;static;cores;C2_1024;4partout;60:1;209966;-1;-1
img2d;patrin;GCC-12;1024;4;32;24;ssandPile;ocl_hybrid_thick;default;4000;static;cores;C2_1024;4partout;60:1;206313;-1;-1
img2d;patrin;GCC-12;1024;4;32;24;ssandPile;ocl_hybrid_thick;default;4000;static;cores;C2_1024;4partout;60:1;202074;-1;-1
img2d;patrin;GCC-12;1024;4;32;24;ssandPile;ocl_hybrid_thick;default;4000;static;cores;C2_1024;4partout;60:1;222367;-1;-1
img2d;patrin;GCC-12;1024;4;32;24;ssandPile;ocl_hybrid_thick;default;4000;static;cores;C2_1024;4partout;60:1;200603;-1;-1
img2d;patrin;GCC-12;1024;4;32;24;ssandPile;ocl_hybrid_thick;default;4000;static;cores;C2_1024;4partout;60:1;199852;-1;-1
img2d;patrin;GCC-12;1024;4;32;24;ssandPile;ocl_hybrid_thick;default;4000;static;cores;C2_1024;4partout;60:1;207226;-1;-1
img2d;patrin;GCC-12;1024;4;32;24;ssandPile;ocl_hybrid_thick;default;4000;static;cores;C2_1024;4partout;60:1;202649;-1;-1
img2d;patrin;GCC-12;1024;4;32;24;ssandPile;ocl_hybrid_thick;default;4000;static;sockets;C2_1024;4partout;60:1;279311;-1;-1
img2d;patrin;GCC-12;1024;4;32;24;ssandPile;ocl_hybrid_thick;default;4000;static;sockets;C2_1024;4partout;60:1;276491;-1;-1
img2d;patrin;GCC-12;1024;4;32;24;ssandPile;ocl_hybrid_thick;default;4000;static;sockets;C2_1024;4partout;60:1;212393;-1;-1
img2d;patrin;GCC-12;1024;4;32;24;ssandPile;ocl_hybrid_thick;default;4000;static;sockets;C2_1024;4partout;60:1;260583;-1;-1
img2d;patrin;GCC-12;1024;4;32;24;ssandPile;ocl_hybrid_thick;default;4000;static;sockets;C2_1024;4partout;60:1;282859;-1;-1
img2d;patrin;GCC-12;1024;4;32;24;ssandPile;ocl_hybrid_thick;default;4000;static;sockets;C2_1024;4partout;60:1;229249;-1;-1
img2d;patrin;GCC-12;1024;4;32;24;ssandPile;ocl_hybrid_thick;default;4000;static;sockets;C2_1024;4partout;60:1;220505;-1;-1
img2d;patrin;GCC-12;1024;4;32;24;ssandPile;ocl_hybrid_thick;default;4000;static;sockets;C2_1024;4partout;60:1;225792;-1;-1
img2d;patrin;GCC-12;1024;4;32;24;ssandPile;ocl_hybrid_thick;default;4000;static;sockets;C2_1024;4partout;60:1;215532;-1;-1
img2d;patrin;GCC-12;1024;4;32;24;ssandPile;ocl_hybrid_thick;default;4000;static;sockets;C2_1024;4partout;60:1;29553034;-1;-1
img2d;patrin;GCC-12;1024;4;64;24;ssandPile;ocl_hybrid_thick;default;4000;static;threads;C2_1024;4partout;60:1;251052;-1;-1
img2d;patrin;GCC-12;1024;4;64;24;ssandPile;ocl_hybrid_thick;default;4000;static;threads;C2_1024;4partout;60:1;373989;-1;-1
img2d;patrin;GCC-12;1024;4;64;24;ssandPile;ocl_hybrid_thick;default;4000;static;threads;C2_1024;4partout;60:1;291210;-1;-1
img2d;patrin;GCC-12;1024;4;64;24;ssandPile;ocl_hybrid_thick;default;4000;static;threads;C2_1024;4partout;60:1;271664;-1;-1
img2d;patrin;GCC-12;1024;4;64;24;ssandPile;ocl_hybrid_thick;default;4000;static;threads;C2_1024;4partout;60:1;269077;-1;-1
img2d;patrin;GCC-12;1024;4;64;24;ssandPile;ocl_hybrid_thick;default;4000;static;threads;C2_1024;4partout;60:1;277338;-1;-1
img2d;patrin;GCC-12;1024;4;64;24;ssandPile;ocl_hybrid_thick;default;4000;static;threads;C2_1024;4partout;60:1;276176;-1;-1
img2d;patrin;GCC-12;1024;4;64;24;ssandPile;ocl_hybrid_thick;default;4000;static;threads;C2_1024;4partout;60:1;334483;-1;-1
img2d;patrin;GCC-12;1024;4;64;24;ssandPile;ocl_hybrid_thick;default;4000;static;threads;C2_1024;4partout;60:1;265534;-1;-1
img2d;patrin;GCC-12;1024;4;64;24;ssandPile;ocl_hybrid_thick;default;4000;static;threads;C2_1024;4partout;60:1;303205;-1;-1
img2d;patrin;GCC-12;1024;4;64;24;ssandPile;ocl_hybrid_thick;default;4000;static;cores;C2_1024;4partout;60:1;266336;-1;-1
img2d;patrin;GCC-12;1024;4;64;24;ssandPile;ocl_hybrid_thick;default;4000;static;cores;C2_1024;4partout;60:1;272434;-1;-1
img2d;patrin;GCC-12;1024;4;64;24;ssandPile;ocl_hybrid_thick;default;4000;static;cores;C2_1024;4partout;60:1;293692;-1;-1
img2d;patrin;GCC-12;1024;4;64;24;ssandPile;ocl_hybrid_thick;default;4000;static;cores;C2_1024;4partout;60:1;265676;-1;-1
img2d;patrin;GCC-12;1024;4;64;24;ssandPile;ocl_hybrid_thick;default;4000;static;cores;C2_1024;4partout;60:1;257958;-1;-1
img2d;patrin;GCC-12;1024;4;64;24;ssandPile;ocl_hybrid_thick;default;4000;static;cores;C2_1024;4partout;60:1;266526;-1;-1
img2d;patrin;GCC-12;1024;4;64;24;ssandPile;ocl_hybrid_thick;default;4000;static;cores;C2_1024;4partout;60:1;342123;-1;-1
img2d;patrin;GCC-12;1024;4;64;24;ssandPile;ocl_hybrid_thick;default;4000;static;cores;C2_1024;4partout;60:1;267257;-1;-1
img2d;patrin;GCC-12;1024;4;64;24;ssandPile;ocl_hybrid_thick;default;4000;static;cores;C2_1024;4partout;60:1;269815;-1;-1
img2d;patrin;GCC-12;1024;4;64;24;ssandPile;ocl_hybrid_thick;default;4000;static;cores;C2_1024;4partout;60:1;269931;-1;-1
img2d;patrin;GCC-12;1024;4;64;24;ssandPile;ocl_hybrid_thick;default;4000;static;sockets;C2_1024;4partout;60:1;255306;-1;-1
img2d;patrin;GCC-12;1024;4;64;24;ssandPile;ocl_hybrid_thick;default;4000;static;sockets;C2_1024;4partout;60:1;328947;-1;-1
img2d;patrin;GCC-12;1024;4;64;24;ssandPile;ocl_hybrid_thick;default;4000;static;sockets;C2_1024;4partout;60:1;267802;-1;-1
img2d;patrin;GCC-12;1024;4;64;24;ssandPile;ocl_hybrid_thick;default;4000;static;sockets;C2_1024;4partout;60:1;276668;-1;-1
img2d;patrin;GCC-12;1024;4;64;24;ssandPile;ocl_hybrid_thick;default;4000;static;sockets;C2_1024;4partout;60:1;8110368;-1;-1
img2d;patrin;GCC-12;1024;4;64;24;ssandPile;ocl_hybrid_thick;default;4000;static;sockets;C2_1024;4partout;60:1;347578;-1;-1
img2d;patrin;GCC-12;1024;4;64;24;ssandPile;ocl_hybrid_thick;default;4000;static;sockets;C2_1024;4partout;60:1;319960;-1;-1
img2d;patrin;GCC-12;1024;4;64;24;ssandPile;ocl_hybrid_thick;default;4000;static;sockets;C2_1024;4partout;60:1;330467;-1;-1
img2d;patrin;GCC-12;1024;4;64;24;ssandPile;ocl_hybrid_thick;default;4000;static;sockets;C2_1024;4partout;60:1;266049;-1;-1
img2d;patrin;GCC-12;1024;4;64;24;ssandPile;ocl_hybrid_thick;default;4000;static;sockets;C2_1024;4partout;60:1;261058;-1;-1
img2d;patrin;GCC-12;1024;4;128;24;ssandPile;ocl_hybrid_thick;default;4000;static;threads;C2_1024;4partout;60:1;401080;-1;-1
img2d;patrin;GCC-12;1024;4;128;24;ssandPile;ocl_hybrid_thick;default;4000;static;threads;C2_1024;4partout;60:1;337490;-1;-1
img2d;patrin;GCC-12;1024;4;128;24;ssandPile;ocl_hybrid_thick;default;4000;static;threads;C2_1024;4partout;60:1;340954;-1;-1
img2d;patrin;GCC-12;1024;4;128;24;ssandPile;ocl_hybrid_thick;default;4000;static;threads;C2_1024;4partout;60:1;335697;-1;-1
img2d;patrin;GCC-12;1024;4;128;24;ssandPile;ocl_hybrid_thick;default;4000;static;threads;C2_1024;4partout;60:1;394974;-1;-1
img2d;patrin;GCC-12;1024;4;128;24;ssandPile;ocl_hybrid_thick;default;4000;static;threads;C2_1024;4partout;60:1;346218;-1;-1
img2d;patrin;GCC-12;1024;4;128;24;ssandPile;ocl_hybrid_thick;default;4000;static;threads;C2_1024;4partout;60:1;340756;-1;-1
img2d;patrin;GCC-12;1024;4;128;24;ssandPile;ocl_hybrid_thick;default;4000;static;threads;C2_1024;4partout;60:1;340864;-1;-1
img2d;patrin;GCC-12;1024;4;128;24;ssandPile;ocl_hybrid_thick;default;4000;static;threads;C2_1024;4partout;60:1;356316;-1;-1
img2d;patrin;GCC-12;1024;4;128;24;ssandPile;ocl_hybrid_thick;default;4000;static;threads;C2_1024;4partout;60:1;343043;-1;-1
img2d;patrin;GCC-12;1024;4;128;24;ssandPile;ocl_hybrid_thick;default;4000;static;cores;C2_1024;4partout;60:1;336068;-1;-1
img2d;patrin;GCC-12;1024;4;128;24;ssandPile;ocl_hybrid_thick;default;4000;static;cores;C2_1024;4partout;60:1;371846;-1;-1
img2d;patrin;GCC-12;1024;4;128;24;ssandPile;ocl_hybrid_thick;default;4000;static;cores;C2_1024;4partout;60:1;339383;-1;-1
img2d;patrin;GCC-12;1024;4;128;24;ssandPile;ocl_hybrid_thick;default;4000;static;cores;C2_1024;4partout;60:1;352858;-1;-1
img2d;patrin;GCC-12;1024;4;128;24;ssandPile;ocl_hybrid_thick;default;4000;static;cores;C2_1024;4partout;60:1;341547;-1;-1
img2d;patrin;GCC-12;1024;4;128;24;ssandPile;ocl_hybrid_thick;default;4000;static;cores;C2_1024;4partout;60:1;359558;-1;-1
img2d;patrin;GCC-12;1024;4;128;24;ssandPile;ocl_hybrid_thick;default;4000;static;cores;C2_1024;4partout;60:1;357263;-1;-1
img2d;patrin;GCC-12;1024;4;128;24;ssandPile;ocl_hybrid_thick;default;4000;static;cores;C2_1024;4partout;60:1;337476;-1;-1
img2d;patrin;GCC-12;1024;4;128;24;ssandPile;ocl_hybrid_thick;default;4000;static;cores;C2_1024;4partout;60:1;342373;-1;-1
img2d;patrin;GCC-12;1024;4;128;24;ssandPile;ocl_hybrid_thick;default;4000;static;cores;C2_1024;4partout;60:1;331010;-1;-1
img2d;patrin;GCC-12;1024;4;128;24;ssandPile;ocl_hybrid_thick;default;4000;static;sockets;C2_1024;4partout;60:1;330385;-1;-1
img2d;patrin;GCC-12;1024;4;128;24;ssandPile;ocl_hybrid_thick;default;4000;static;sockets;C2_1024;4partout;60:1;337357;-1;-1
img2d;patrin;GCC-12;1024;4;128;24;ssandPile;ocl_hybrid_thick;default;4000;static;sockets;C2_1024;4partout;60:1;338500;-1;-1
img2d;patrin;GCC-12;1024;4;128;24;ssandPile;ocl_hybrid_thick;default;4000;static;sockets;C2_1024;4partout;60:1;470118;-1;-1
img2d;patrin;GCC-12;1024;4;128;24;ssandPile;ocl_hybrid_thick;default;4000;static;sockets;C2_1024;4partout;60:1;361260;-1;-1
img2d;patrin;GCC-12;1024;4;128;24;ssandPile;ocl_hybrid_thick;default;4000;static;sockets;C2_1024;4partout;60:1;373311;-1;-1
img2d;patrin;GCC-12;1024;4;128;24;ssandPile;ocl_hybrid_thick;default;4000;static;sockets;C2_1024;4partout;60:1;427373;-1;-1
img2d;patrin;GCC-12;1024;4;128;24;ssandPile;ocl_hybrid_thick;default;4000;static;sockets;C2_1024;4partout;60:1;343957;-1;-1
img2d;patrin;GCC-12;1024;4;128;24;ssandPile;ocl_hybrid_thick;default;4000;static;sockets;C2_1024;4partout;60:1;341167;-1;-1
img2d;patrin;GCC-12;1024;4;128;24;ssandPile;ocl_hybrid_thick;default;4000;static;sockets;C2_1024;4partout;60:1;356232;-1;-1
img2d;patrin;GCC-12;1024;4;256;24;ssandPile;ocl_hybrid_thick;default;4000;static;threads;C2_1024;4partout;60:1;525856;-1;-1
img2d;patrin;GCC-12;1024;4;256;24;ssandPile;ocl_hybrid_thick;default;4000;static;threads;C2_1024;4partout;60:1;410748;-1;-1
img2d;patrin;GCC-12;1024;4;256;24;ssandPile;ocl_hybrid_thick;default;4000;static;threads;C2_1024;4partout;60:1;416615;-1;-1
img2d;patrin;GCC-12;1024;4;256;24;ssandPile;ocl_hybrid_thick;default;4000;static;threads;C2_1024;4partout;60:1;526540;-1;-1
img2d;patrin;GCC-12;1024;4;256;24;ssandPile;ocl_hybrid_thick;default;4000;static;threads;C2_1024;4partout;60:1;407241;-1;-1
img2d;patrin;GCC-12;1024;4;256;24;ssandPile;ocl_hybrid_thick;default;4000;static;threads;C2_1024;4partout;60:1;415950;-1;-1
img2d;patrin;GCC-12;1024;4;256;24;ssandPile;ocl_hybrid_thick;default;4000;static;threads;C2_1024;4partout;60:1;411266;-1;-1
img2d;patrin;GCC-12;1024;4;256;24;ssandPile;ocl_hybrid_thick;default;4000;static;threads;C2_1024;4partout;60:1;482543;-1;-1
img2d;patrin;GCC-12;1024;4;256;24;ssandPile;ocl_hybrid_thick;default;4000;static;threads;C2_1024;4partout;60:1;417051;-1;-1
img2d;patrin;GCC-12;1024;4;256;24;ssandPile;ocl_hybrid_thick;default;4000;static;threads;C2_1024;4partout;60:1;414306;-1;-1
img2d;patrin;GCC-12;1024;4;256;24;ssandPile;ocl_hybrid_thick;default;4000;static;cores;C2_1024;4partout;60:1;490740;-1;-1
img2d;patrin;GCC-12;1024;4;256;24;ssandPile;ocl_hybrid_thick;default;4000;static;cores;C2_1024;4partout;60:1;431811;-1;-1
img2d;patrin;GCC-12;1024;4;256;24;ssandPile;ocl_hybrid_thick;default;4000;static;cores;C2_1024;4partout;60:1;415395;-1;-1
img2d;patrin;GCC-12;1024;4;256;24;ssandPile;ocl_hybrid_thick;default;4000;static;cores;C2_1024;4partout;60:1;412393;-1;-1
img2d;patrin;GCC-12;1024;4;256;24;ssandPile;ocl_hybrid_thick;default;4000;static;cores;C2_1024;4partout;60:1;434359;-1;-1
img2d;patrin;GCC-12;1024;4;256;24;ssandPile;ocl_hybrid_thick;default;4000;static;cores;C2_1024;4partout;60:1;420706;-1;-1
img2d;patrin;GCC-12;1024;4;256;24;ssandPile;ocl_hybrid_thick;default;4000;static;cores;C2_1024;4partout;60:1;416833;-1;-1
img2d;patrin;GCC-12;1024;4;256;24;ssandPile;ocl_hybrid_thick;default;4000;static;cores;C2_1024;4partout;60:1;491445;-1;-1
img2d;patrin;GCC-12;1024;4;256;24;ssandPile;ocl_hybrid_thick;default;4000;static;cores;C2_1024;4partout;60:1;418109;-1;-1
img2d;patrin;GCC-12;1024;4;256;24;ssandPile;ocl_hybrid_thick;default;4000;static;cores;C2_1024;4partout;60:1;412846;-1;-1
img2d;patrin;GCC-12;1024;4;256;24;ssandPile;ocl_hybrid_thick;default;4000;static;sockets;C2_1024;4partout;60:1;546849;-1;-1
img2d;patrin;GCC-12;1024;4;256;24;ssandPile;ocl_hybrid_thick;default;4000;static;sockets;C2_1024;4partout;60:1;7450595;-1;-1
img2d;patrin;GCC-12;1024;4;256;24;ssandPile;ocl_hybrid_thick;default;4000;static;sockets;C2_1024;4partout;60:1;14494999;-1;-1
img2d;patrin;GCC-12;1024;4;256;24;ssandPile;ocl_hybrid_thick;default;4000;static;sockets;C2_1024;4partout;60:1;565341;-1;-1
img2d;patrin;GCC-12;1024;4;256;24;ssandPile;ocl_hybrid_thick;default;4000;static;sockets;C2_1024;4partout;60:1;603199;-1;-1
img2d;patrin;GCC-12;1024;4;256;24;ssandPile;ocl_hybrid_thick;default;4000;static;sockets;C2_1024;4partout;60:1;472673;-1;-1
img2d;patrin;GCC-12;1024;4;256;24;ssandPile;ocl_hybrid_thick;default;4000;static;sockets;C2_1024;4partout;60:1;499800;-1;-1
img2d;patrin;GCC-12;1024;4;256;24;ssandPile;ocl_hybrid_thick;default;4000;static;sockets;C2_1024;4partout;60:1;457258;-1;-1
img2d;patrin;GCC-12;1024;4;256;24;ssandPile;ocl_hybrid_thick;default;4000;static;sockets;C2_1024;4partout;60:1;482883;-1;-1
img2d;patrin;GCC-12;1024;4;256;24;ssandPile;ocl_hybrid_thick;default;4000;static;sockets;C2_1024;4partout;60:1;471154;-1;-1
img2d;patrin;GCC-12;1024;8;4;24;ssandPile;ocl_hybrid_thick;default;4000;static;threads;C2_1024;4partout;60:1;173598;-1;-1
img2d;patrin;GCC-12;1024;8;4;24;ssandPile;ocl_hybrid_thick;default;4000;static;threads;C2_1024;4partout;60:1;176568;-1;-1
img2d;patrin;GCC-12;1024;8;4;24;ssandPile;ocl_hybrid_thick;default;4000;static;threads;C2_1024;4partout;60:1;190406;-1;-1
img2d;patrin;GCC-12;1024;8;4;24;ssandPile;ocl_hybrid_thick;default;4000;static;threads;C2_1024;4partout;60:1;170012;-1;-1
img2d;patrin;GCC-12;1024;8;4;24;ssandPile;ocl_hybrid_thick;default;4000;static;threads;C2_1024;4partout;60:1;169901;-1;-1
img2d;patrin;GCC-12;1024;8;4;24;ssandPile;ocl_hybrid_thick;default;4000;static;threads;C2_1024;4partout;60:1;177189;-1;-1
img2d;patrin;GCC-12;1024;8;4;24;ssandPile;ocl_hybrid_thick;default;4000;static;threads;C2_1024;4partout;60:1;172669;-1;-1
img2d;patrin;GCC-12;1024;8;4;24;ssandPile;ocl_hybrid_thick;default;4000;static;threads;C2_1024;4partout;60:1;207593;-1;-1
img2d;patrin;GCC-12;1024;8;4;24;ssandPile;ocl_hybrid_thick;default;4000;static;threads;C2_1024;4partout;60:1;170088;-1;-1
img2d;patrin;GCC-12;1024;8;4;24;ssandPile;ocl_hybrid_thick;default;4000;static;threads;C2_1024;4partout;60:1;170385;-1;-1
img2d;patrin;GCC-12;1024;8;4;24;ssandPile;ocl_hybrid_thick;default;4000;static;cores;C2_1024;4partout;60:1;172168;-1;-1
img2d;patrin;GCC-12;1024;8;4;24;ssandPile;ocl_hybrid_thick;default;4000;static;cores;C2_1024;4partout;60:1;170267;-1;-1
img2d;patrin;GCC-12;1024;8;4;24;ssandPile;ocl_hybrid_thick;default;4000;static;cores;C2_1024;4partout;60:1;171253;-1;-1
img2d;patrin;GCC-12;1024;8;4;24;ssandPile;ocl_hybrid_thick;default;4000;static;cores;C2_1024;4partout;60:1;171422;-1;-1
img2d;patrin;GCC-12;1024;8;4;24;ssandPile;ocl_hybrid_thick;default;4000;static;cores;C2_1024;4partout;60:1;171416;-1;-1
img2d;patrin;GCC-12;1024;8;4;24;ssandPile;ocl_hybrid_thick;default;4000;static;cores;C2_1024;4partout;60:1;169264;-1;-1
img2d;patrin;GCC-12;1024;8;4;24;ssandPile;ocl_hybrid_thick;default;4000;static;cores;C2_1024;4partout;60:1;197462;-1;-1
img2d;patrin;GCC-12;1024;8;4;24;ssandPile;ocl_hybrid_thick;default;4000;static;cores;C2_1024;4partout;60:1;170006;-1;-1
img2d;patrin;GCC-12;1024;8;4;24;ssandPile;ocl_hybrid_thick;default;4000;static;cores;C2_1024;4partout;60:1;169725;-1;-1
img2d;patrin;GCC-12;1024;8;4;24;ssandPile;ocl_hybrid_thick;default;4000;static;cores;C2_1024;4partout;60:1;173136;-1;-1
img2d;patrin;GCC-12;1024;8;4;24;ssandPile;ocl_hybrid_thick;default;4000;static;sockets;C2_1024;4partout;60:1;169114;-1;-1
img2d;patrin;GCC-12;1024;8;4;24;ssandPile;ocl_hybrid_thick;default;4000;static;sockets;C2_1024;4partout;60:1;168044;-1;-1
img2d;patrin;GCC-12;1024;8;4;24;ssandPile;ocl_hybrid_thick;default;4000;static;sockets;C2_1024;4partout;60:1;212389;-1;-1
img2d;patrin;GCC-12;1024;8;4;24;ssandPile;ocl_hybrid_thick;default;4000;static;sockets;C2_1024;4partout;60:1;218945;-1;-1
img2d;patrin;GCC-12;1024;8;4;24;ssandPile;ocl_hybrid_thick;default;4000;static;sockets;C2_1024;4partout;60:1;171308;-1;-1
img2d;patrin;GCC-12;1024;8;4;24;ssandPile;ocl_hybrid_thick;default;4000;static;sockets;C2_1024;4partout;60:1;170856;-1;-1
img2d;patrin;GCC-12;1024;8;4;24;ssandPile;ocl_hybrid_thick;default;4000;static;sockets;C2_1024;4partout;60:1;191951;-1;-1
img2d;patrin;GCC-12;1024;8;4;24;ssandPile;ocl_hybrid_thick;default;4000;static;sockets;C2_1024;4partout;60:1;169715;-1;-1
img2d;patrin;GCC-12;1024;8;4;24;ssandPile;ocl_hybrid_thick;default;4000;static;sockets;C2_1024;4partout;60:1;171326;-1;-1
img2d;patrin;GCC-12;1024;8;4;24;ssandPile;ocl_hybrid_thick;default;4000;static;sockets;C2_1024;4partout;60:1;171373;-1;-1
img2d;patrin;GCC-12;1024;8;8;24;ssandPile;ocl_hybrid_thick;default;4000;static;threads;C2_1024;4partout;60:1;153960;-1;-1
img2d;patrin;GCC-12;1024;8;8;24;ssandPile;ocl_hybrid_thick;default;4000;static;threads;C2_1024;4partout;60:1;138518;-1;-1
img2d;patrin;GCC-12;1024;8;8;24;ssandPile;ocl_hybrid_thick;default;4000;static;threads;C2_1024;4partout;60:1;137177;-1;-1
img2d;patrin;GCC-12;1024;8;8;24;ssandPile;ocl_hybrid_thick;default;4000;static;threads;C2_1024;4partout;60:1;142142;-1;-1
img2d;patrin;GCC-12;1024;8;8;24;ssandPile;ocl_hybrid_thick;default;4000;static;threads;C2_1024;4partout;60:1;142738;-1;-1
img2d;patrin;GCC-12;1024;8;8;24;ssandPile;ocl_hybrid_thick;default;4000;static;threads;C2_1024;4partout;60:1;150322;-1;-1
img2d;patrin;GCC-12;1024;8;8;24;ssandPile;ocl_hybrid_thick;default;4000;static;threads;C2_1024;4partout;60:1;133478;-1;-1
img2d;patrin;GCC-12;1024;8;8;24;ssandPile;ocl_hybrid_thick;default;4000;static;threads;C2_1024;4partout;60:1;138138;-1;-1
img2d;patrin;GCC-12;1024;8;8;24;ssandPile;ocl_hybrid_thick;default;4000;static;threads;C2_1024;4partout;60:1;144060;-1;-1
img2d;patrin;GCC-12;1024;8;8;24;ssandPile;ocl_hybrid_thick;default;4000;static;threads;C2_1024;4partout;60:1;204399;-1;-1
img2d;patrin;GCC-12;1024;8;8;24;ssandPile;ocl_hybrid_thick;default;4000;static;cores;C2_1024;4partout;60:1;135023;-1;-1
img2d;patrin;GCC-12;1024;8;8;24;ssandPile;ocl_hybrid_thick;default;4000;static;cores;C2_1024;4partout;60:1;133946;-1;-1
img2d;patrin;GCC-12;1024;8;8;24;ssandPile;ocl_hybrid_thick;default;4000;static;cores;C2_1024;4partout;60:1;139034;-1;-1
img2d;patrin;GCC-12;1024;8;8;24;ssandPile;ocl_hybrid_thick;default;4000;static;cores;C2_1024;4partout;60:1;141482;-1;-1
img2d;patrin;GCC-12;1024;8;8;24;ssandPile;ocl_hybrid_thick;default;4000;static;cores;C2_1024;4partout;60:1;142822;-1;-1
img2d;patrin;GCC-12;1024;8;8;24;ssandPile;ocl_hybrid_thick;default;4000;static;cores;C2_1024;4partout;60:1;160957;-1;-1
img2d;patrin;GCC-12;1024;8;8;24;ssandPile;ocl_hybrid_thick;default;4000;static;cores;C2_1024;4partout;60:1;205550;-1;-1
img2d;patrin;GCC-12;1024;8;8;24;ssandPile;ocl_hybrid_thick;default;4000;static;cores;C2_1024;4partout;60:1;139547;-1;-1
img2d;patrin;GCC-12;1024;8;8;24;ssandPile;ocl_hybrid_thick;default;4000;static;cores;C2_1024;4partout;60:1;153434;-1;-1
img2d;patrin;GCC-12;1024;8;8;24;ssandPile;ocl_hybrid_thick;default;4000;static;cores;C2_1024;4partout;60:1;136509;-1;-1
img2d;patrin;GCC-12;1024;8;8;24;ssandPile;ocl_hybrid_thick;default;4000;static;sockets;C2_1024;4partout;60:1;164059;-1;-1
img2d;patrin;GCC-12;1024;8;8;24;ssandPile;ocl_hybrid_thick;default;4000;static;sockets;C2_1024;4partout;60:1;6354875;-1;-1
img2d;patrin;GCC-12;1024;8;8;24;ssandPile;ocl_hybrid_thick;default;4000;static;sockets;C2_1024;4partout;60:1;166148;-1;-1
img2d;patrin;GCC-12;1024;8;8;24;ssandPile;ocl_hybrid_thick;default;4000;static;sockets;C2_1024;4partout;60:1;147785;-1;-1
img2d;patrin;GCC-12;1024;8;8;24;ssandPile;ocl_hybrid_thick;default;4000;static;sockets;C2_1024;4partout;60:1;145742;-1;-1
img2d;patrin;GCC-12;1024;8;8;24;ssandPile;ocl_hybrid_thick;default;4000;static;sockets;C2_1024;4partout;60:1;151878;-1;-1
img2d;patrin;GCC-12;1024;8;8;24;ssandPile;ocl_hybrid_thick;default;4000;static;sockets;C2_1024;4partout;60:1;209347;-1;-1
img2d;patrin;GCC-12;1024;8;8;24;ssandPile;ocl_hybrid_thick;default;4000;static;sockets;C2_1024;4partout;60:1;243636;-1;-1
img2d;patrin;GCC-12;1024;8;8;24;ssandPile;ocl_hybrid_thick;default;4000;static;sockets;C2_1024;4partout;60:1;149577;-1;-1
img2d;patrin;GCC-12;1024;8;8;24;ssandPile;ocl_hybrid_thick;default;4000;static;sockets;C2_1024;4partout;60:1;154835;-1;-1
img2d;patrin;GCC-12;1024;8;16;24;ssandPile;ocl_hybrid_thick;default;4000;static;threads;C2_1024;4partout;60:1;131115;-1;-1
img2d;patrin;GCC-12;1024;8;16;24;ssandPile;ocl_hybrid_thick;default;4000;static;threads;C2_1024;4partout;60:1;135426;-1;-1
img2d;patrin;GCC-12;1024;8;16;24;ssandPile;ocl_hybrid_thick;default;4000;static;threads;C2_1024;4partout;60:1;138858;-1;-1
img2d;patrin;GCC-12;1024;8;16;24;ssandPile;ocl_hybrid_thick;default;4000;static;threads;C2_1024;4partout;60:1;216221;-1;-1
img2d;patrin;GCC-12;1024;8;16;24;ssandPile;ocl_hybrid_thick;default;4000;static;threads;C2_1024;4partout;60:1;134411;-1;-1
img2d;patrin;GCC-12;1024;8;16;24;ssandPile;ocl_hybrid_thick;default;4000;static;threads;C2_1024;4partout;60:1;131075;-1;-1
img2d;patrin;GCC-12;1024;8;16;24;ssandPile;ocl_hybrid_thick;default;4000;static;threads;C2_1024;4partout;60:1;134678;-1;-1
img2d;patrin;GCC-12;1024;8;16;24;ssandPile;ocl_hybrid_thick;default;4000;static;threads;C2_1024;4partout;60:1;132690;-1;-1
img2d;patrin;GCC-12;1024;8;16;24;ssandPile;ocl_hybrid_thick;default;4000;static;threads;C2_1024;4partout;60:1;164205;-1;-1
img2d;patrin;GCC-12;1024;8;16;24;ssandPile;ocl_hybrid_thick;default;4000;static;threads;C2_1024;4partout;60:1;132653;-1;-1
img2d;patrin;GCC-12;1024;8;16;24;ssandPile;ocl_hybrid_thick;default;4000;static;cores;C2_1024;4partout;60:1;145857;-1;-1
img2d;patrin;GCC-12;1024;8;16;24;ssandPile;ocl_hybrid_thick;default;4000;static;cores;C2_1024;4partout;60:1;144505;-1;-1
img2d;patrin;GCC-12;1024;8;16;24;ssandPile;ocl_hybrid_thick;default;4000;static;cores;C2_1024;4partout;60:1;132312;-1;-1
img2d;patrin;GCC-12;1024;8;16;24;ssandPile;ocl_hybrid_thick;default;4000;static;cores;C2_1024;4partout;60:1;134991;-1;-1
img2d;patrin;GCC-12;1024;8;16;24;ssandPile;ocl_hybrid_thick;default;4000;static;cores;C2_1024;4partout;60:1;158268;-1;-1
img2d;patrin;GCC-12;1024;8;16;24;ssandPile;ocl_hybrid_thick;default;4000;static;cores;C2_1024;4partout;60:1;133446;-1;-1
img2d;patrin;GCC-12;1024;8;16;24;ssandPile;ocl_hybrid_thick;default;4000;static;cores;C2_1024;4partout;60:1;188274;-1;-1
img2d;patrin;GCC-12;1024;8;16;24;ssandPile;ocl_hybrid_thick;default;4000;static;cores;C2_1024;4partout;60:1;137550;-1;-1
img2d;patrin;GCC-12;1024;8;16;24;ssandPile;ocl_hybrid_thick;default;4000;static;cores;C2_1024;4partout;60:1;138309;-1;-1
img2d;patrin;GCC-12;1024;8;16;24;ssandPile;ocl_hybrid_thick;default;4000;static;cores;C2_1024;4partout;60:1;131875;-1;-1
img2d;patrin;GCC-12;1024;8;16;24;ssandPile;ocl_hybrid_thick;default;4000;static;sockets;C2_1024;4partout;60:1;149749;-1;-1
img2d;patrin;GCC-12;1024;8;16;24;ssandPile;ocl_hybrid_thick;default;4000;static;sockets;C2_1024;4partout;60:1;150597;-1;-1
img2d;patrin;GCC-12;1024;8;16;24;ssandPile;ocl_hybrid_thick;default;4000;static;sockets;C2_1024;4partout;60:1;513589;-1;-1
img2d;patrin;GCC-12;1024;8;16;24;ssandPile;ocl_hybrid_thick;default;4000;static;sockets;C2_1024;4partout;60:1;143273;-1;-1
img2d;patrin;GCC-12;1024;8;16;24;ssandPile;ocl_hybrid_thick;default;4000;static;sockets;C2_1024;4partout;60:1;145959;-1;-1
img2d;patrin;GCC-12;1024;8;16;24;ssandPile;ocl_hybrid_thick;default;4000;static;sockets;C2_1024;4partout;60:1;15952426;-1;-1
img2d;patrin;GCC-12;1024;8;16;24;ssandPile;ocl_hybrid_thick;default;4000;static;sockets;C2_1024;4partout;60:1;151309;-1;-1
img2d;patrin;GCC-12;1024;8;16;24;ssandPile;ocl_hybrid_thick;default;4000;static;sockets;C2_1024;4partout;60:1;171243;-1;-1
img2d;patrin;GCC-12;1024;8;16;24;ssandPile;ocl_hybrid_thick;default;4000;static;sockets;C2_1024;4partout;60:1;323472;-1;-1
img2d;patrin;GCC-12;1024;8;16;24;ssandPile;ocl_hybrid_thick;default;4000;static;sockets;C2_1024;4partout;60:1;149271;-1;-1
img2d;patrin;GCC-12;1024;8;32;24;ssandPile;ocl_hybrid_thick;default;4000;static;threads;C2_1024;4partout;60:1;132203;-1;-1
img2d;patrin;GCC-12;1024;8;32;24;ssandPile;ocl_hybrid_thick;default;4000;static;threads;C2_1024;4partout;60:1;125317;-1;-1
img2d;patrin;GCC-12;1024;8;32;24;ssandPile;ocl_hybrid_thick;default;4000;static;threads;C2_1024;4partout;60:1;127678;-1;-1
img2d;patrin;GCC-12;1024;8;32;24;ssandPile;ocl_hybrid_thick;default;4000;static;threads;C2_1024;4partout;60:1;126531;-1;-1
img2d;patrin;GCC-12;1024;8;32;24;ssandPile;ocl_hybrid_thick;default;4000;static;threads;C2_1024;4partout;60:1;128576;-1;-1
img2d;patrin;GCC-12;1024;8;32;24;ssandPile;ocl_hybrid_thick;default;4000;static;threads;C2_1024;4partout;60:1;129391;-1;-1
img2d;patrin;GCC-12;1024;8;32;24;ssandPile;ocl_hybrid_thick;default;4000;static;threads;C2_1024;4partout;60:1;128314;-1;-1
img2d;patrin;GCC-12;1024;8;32;24;ssandPile;ocl_hybrid_thick;default;4000;static;threads;C2_1024;4partout;60:1;130082;-1;-1
img2d;patrin;GCC-12;1024;8;32;24;ssandPile;ocl_hybrid_thick;default;4000;static;threads;C2_1024;4partout;60:1;129292;-1;-1
img2d;patrin;GCC-12;1024;8;32;24;ssandPile;ocl_hybrid_thick;default;4000;static;threads;C2_1024;4partout;60:1;131903;-1;-1
img2d;patrin;GCC-12;1024;8;32;24;ssandPile;ocl_hybrid_thick;default;4000;static;cores;C2_1024;4partout;60:1;128724;-1;-1
img2d;patrin;GCC-12;1024;8;32;24;ssandPile;ocl_hybrid_thick;default;4000;static;cores;C2_1024;4partout;60:1;128878;-1;-1
img2d;patrin;GCC-12;1024;8;32;24;ssandPile;ocl_hybrid_thick;default;4000;static;cores;C2_1024;4partout;60:1;198208;-1;-1
img2d;patrin;GCC-12;1024;8;32;24;ssandPile;ocl_hybrid_thick;default;4000;static;cores;C2_1024;4partout;60:1;126672;-1;-1
img2d;patrin;GCC-12;1024;8;32;24;ssandPile;ocl_hybrid_thick;default;4000;static;cores;C2_1024;4partout;60:1;127966;-1;-1
img2d;patrin;GCC-12;1024;8;32;24;ssandPile;ocl_hybrid_thick;default;4000;static;cores;C2_1024;4partout;60:1;132999;-1;-1
img2d;patrin;GCC-12;1024;8;32;24;ssandPile;ocl_hybrid_thick;default;4000;static;cores;C2_1024;4partout;60:1;136583;-1;-1
img2d;patrin;GCC-12;1024;8;32;24;ssandPile;ocl_hybrid_thick;default;4000;static;cores;C2_1024;4partout;60:1;140243;-1;-1
img2d;patrin;GCC-12;1024;8;32;24;ssandPile;ocl_hybrid_thick;default;4000;static;cores;C2_1024;4partout;60:1;131745;-1;-1
img2d;patrin;GCC-12;1024;8;32;24;ssandPile;ocl_hybrid_thick;default;4000;static;cores;C2_1024;4partout;60:1;193923;-1;-1
img2d;patrin;GCC-12;1024;8;32;24;ssandPile;ocl_hybrid_thick;default;4000;static;sockets;C2_1024;4partout;60:1;137803;-1;-1
img2d;patrin;GCC-12;1024;8;32;24;ssandPile;ocl_hybrid_thick;default;4000;static;sockets;C2_1024;4partout;60:1;138962;-1;-1
img2d;patrin;GCC-12;1024;8;32;24;ssandPile;ocl_hybrid_thick;default;4000;static;sockets;C2_1024;4partout;60:1;167859;-1;-1
img2d;patrin;GCC-12;1024;8;32;24;ssandPile;ocl_hybrid_thick;default;4000;static;sockets;C2_1024;4partout;60:1;136355;-1;-1
img2d;patrin;GCC-12;1024;8;32;24;ssandPile;ocl_hybrid_thick;default;4000;static;sockets;C2_1024;4partout;60:1;142749;-1;-1
img2d;patrin;GCC-12;1024;8;32;24;ssandPile;ocl_hybrid_thick;default;4000;static;sockets;C2_1024;4partout;60:1;283877;-1;-1
img2d;patrin;GCC-12;1024;8;32;24;ssandPile;ocl_hybrid_thick;default;4000;static;sockets;C2_1024;4partout;60:1;147691;-1;-1
img2d;patrin;GCC-12;1024;8;32;24;ssandPile;ocl_hybrid_thick;default;4000;static;sockets;C2_1024;4partout;60:1;143524;-1;-1
img2d;patrin;GCC-12;1024;8;32;24;ssandPile;ocl_hybrid_thick;default;4000;static;sockets;C2_1024;4partout;60:1;32009550;-1;-1
img2d;patrin;GCC-12;1024;8;32;24;ssandPile;ocl_hybrid_thick;default;4000;static;sockets;C2_1024;4partout;60:1;136910;-1;-1
img2d;patrin;GCC-12;1024;8;64;24;ssandPile;ocl_hybrid_thick;default;4000;static;threads;C2_1024;4partout;60:1;145278;-1;-1
img2d;patrin;GCC-12;1024;8;64;24;ssandPile;ocl_hybrid_thick;default;4000;static;threads;C2_1024;4partout;60:1;163795;-1;-1
img2d;patrin;GCC-12;1024;8;64;24;ssandPile;ocl_hybrid_thick;default;4000;static;threads;C2_1024;4partout;60:1;147700;-1;-1
img2d;patrin;GCC-12;1024;8;64;24;ssandPile;ocl_hybrid_thick;default;4000;static;threads;C2_1024;4partout;60:1;152888;-1;-1
img2d;patrin;GCC-12;1024;8;64;24;ssandPile;ocl_hybrid_thick;default;4000;static;threads;C2_1024;4partout;60:1;152073;-1;-1
img2d;patrin;GCC-12;1024;8;64;24;ssandPile;ocl_hybrid_thick;default;4000;static;threads;C2_1024;4partout;60:1;167118;-1;-1
img2d;patrin;GCC-12;1024;8;64;24;ssandPile;ocl_hybrid_thick;default;4000;static;threads;C2_1024;4partout;60:1;157362;-1;-1
img2d;patrin;GCC-12;1024;8;64;24;ssandPile;ocl_hybrid_thick;default;4000;static;threads;C2_1024;4partout;60:1;146994;-1;-1
img2d;patrin;GCC-12;1024;8;64;24;ssandPile;ocl_hybrid_thick;default;4000;static;threads;C2_1024;4partout;60:1;152218;-1;-1
img2d;patrin;GCC-12;1024;8;64;24;ssandPile;ocl_hybrid_thick;default;4000;static;threads;C2_1024;4partout;60:1;152945;-1;-1
img2d;patrin;GCC-12;1024;8;64;24;ssandPile;ocl_hybrid_thick;default;4000;static;cores;C2_1024;4partout;60:1;153320;-1;-1
img2d;patrin;GCC-12;1024;8;64;24;ssandPile;ocl_hybrid_thick;default;4000;static;cores;C2_1024;4partout;60:1;211828;-1;-1
img2d;patrin;GCC-12;1024;8;64;24;ssandPile;ocl_hybrid_thick;default;4000;static;cores;C2_1024;4partout;60:1;150706;-1;-1
img2d;patrin;GCC-12;1024;8;64;24;ssandPile;ocl_hybrid_thick;default;4000;static;cores;C2_1024;4partout;60:1;150965;-1;-1
img2d;patrin;GCC-12;1024;8;64;24;ssandPile;ocl_hybrid_thick;default;4000;static;cores;C2_1024;4partout;60:1;150616;-1;-1
img2d;patrin;GCC-12;1024;8;64;24;ssandPile;ocl_hybrid_thick;default;4000;static;cores;C2_1024;4partout;60:1;148993;-1;-1
img2d;patrin;GCC-12;1024;8;64;24;ssandPile;ocl_hybrid_thick;default;4000;static;cores;C2_1024;4partout;60:1;149976;-1;-1
img2d;patrin;GCC-12;1024;8;64;24;ssandPile;ocl_hybrid_thick;default;4000;static;cores;C2_1024;4partout;60:1;226055;-1;-1
img2d;patrin;GCC-12;1024;8;64;24;ssandPile;ocl_hybrid_thick;default;4000;static;cores;C2_1024;4partout;60:1;148080;-1;-1
img2d;patrin;GCC-12;1024;8;64;24;ssandPile;ocl_hybrid_thick;default;4000;static;cores;C2_1024;4partout;60:1;149184;-1;-1
img2d;patrin;GCC-12;1024;8;64;24;ssandPile;ocl_hybrid_thick;default;4000;static;sockets;C2_1024;4partout;60:1;153395;-1;-1
img2d;patrin;GCC-12;1024;8;64;24;ssandPile;ocl_hybrid_thick;default;4000;static;sockets;C2_1024;4partout;60:1;157530;-1;-1
img2d;patrin;GCC-12;1024;8;64;24;ssandPile;ocl_hybrid_thick;default;4000;static;sockets;C2_1024;4partout;60:1;157642;-1;-1
img2d;patrin;GCC-12;1024;8;64;24;ssandPile;ocl_hybrid_thick;default;4000;static;sockets;C2_1024;4partout;60:1;258333;-1;-1
img2d;patrin;GCC-12;1024;8;64;24;ssandPile;ocl_hybrid_thick;default;4000;static;sockets;C2_1024;4partout;60:1;156178;-1;-1
img2d;patrin;GCC-12;1024;8;64;24;ssandPile;ocl_hybrid_thick;default;4000;static;sockets;C2_1024;4partout;60:1;153862;-1;-1
img2d;patrin;GCC-12;1024;8;64;24;ssandPile;ocl_hybrid_thick;default;4000;static;sockets;C2_1024;4partout;60:1;151522;-1;-1
img2d;patrin;GCC-12;1024;8;64;24;ssandPile;ocl_hybrid_thick;default;4000;static;sockets;C2_1024;4partout;60:1;156515;-1;-1
img2d;patrin;GCC-12;1024;8;64;24;ssandPile;ocl_hybrid_thick;default;4000;static;sockets;C2_1024;4partout;60:1;155243;-1;-1
img2d;patrin;GCC-12;1024;8;64;24;ssandPile;ocl_hybrid_thick;default;4000;static;sockets;C2_1024;4partout;60:1;153496;-1;-1
img2d;patrin;GCC-12;1024;8;128;24;ssandPile;ocl_hybrid_thick;default;4000;static;threads;C2_1024;4partout;60:1;212482;-1;-1
img2d;patrin;GCC-12;1024;8;128;24;ssandPile;ocl_hybrid_thick;default;4000;static;threads;C2_1024;4partout;60:1;235601;-1;-1
img2d;patrin;GCC-12;1024;8;128;24;ssandPile;ocl_hybrid_thick;default;4000;static;threads;C2_1024;4partout;60:1;187415;-1;-1
img2d;patrin;GCC-12;1024;8;128;24;ssandPile;ocl_hybrid_thick;default;4000;static;threads;C2_1024;4partout;60:1;198624;-1;-1
img2d;patrin;GCC-12;1024;8;128;24;ssandPile;ocl_hybrid_thick;default;4000;static;threads;C2_1024;4partout;60:1;261280;-1;-1
img2d;patrin;GCC-12;1024;8;128;24;ssandPile;ocl_hybrid_thick;default;4000;static;threads;C2_1024;4partout;60:1;235939;-1;-1
img2d;patrin;GCC-12;1024;8;128;24;ssandPile;ocl_hybrid_thick;default;4000;static;threads;C2_1024;4partout;60:1;195373;-1;-1
img2d;patrin;GCC-12;1024;8;128;24;ssandPile;ocl_hybrid_thick;default;4000;static;threads;C2_1024;4partout;60:1;194739;-1;-1
img2d;patrin;GCC-12;1024;8;128;24;ssandPile;ocl_hybrid_thick;default;4000;static;threads;C2_1024;4partout;60:1;195343;-1;-1
img2d;patrin;GCC-12;1024;8;128;24;ssandPile;ocl_hybrid_thick;default;4000;static;threads;C2_1024;4partout;60:1;193780;-1;-1
img2d;patrin;GCC-12;1024;8;128;24;ssandPile;ocl_hybrid_thick;default;4000;static;cores;C2_1024;4partout;60:1;190323;-1;-1
img2d;patrin;GCC-12;1024;8;128;24;ssandPile;ocl_hybrid_thick;default;4000;static;cores;C2_1024;4partout;60:1;195079;-1;-1
img2d;patrin;GCC-12;1024;8;128;24;ssandPile;ocl_hybrid_thick;default;4000;static;cores;C2_1024;4partout;60:1;192562;-1;-1
img2d;patrin;GCC-12;1024;8;128;24;ssandPile;ocl_hybrid_thick;default;4000;static;cores;C2_1024;4partout;60:1;206824;-1;-1
img2d;patrin;GCC-12;1024;8;128;24;ssandPile;ocl_hybrid_thick;default;4000;static;cores;C2_1024;4partout;60:1;193047;-1;-1
img2d;patrin;GCC-12;1024;8;128;24;ssandPile;ocl_hybrid_thick;default;4000;static;cores;C2_1024;4partout;60:1;259074;-1;-1
img2d;patrin;GCC-12;1024;8;128;24;ssandPile;ocl_hybrid_thick;default;4000;static;cores;C2_1024;4partout;60:1;197307;-1;-1
img2d;patrin;GCC-12;1024;8;128;24;ssandPile;ocl_hybrid_thick;default;4000;static;cores;C2_1024;4partout;60:1;191990;-1;-1
img2d;patrin;GCC-12;1024;8;128;24;ssandPile;ocl_hybrid_thick;default;4000;static;cores;C2_1024;4partout;60:1;194114;-1;-1
img2d;patrin;GCC-12;1024;8;128;24;ssandPile;ocl_hybrid_thick;default;4000;static;cores;C2_1024;4partout;60:1;197661;-1;-1
img2d;patrin;GCC-12;1024;8;128;24;ssandPile;ocl_hybrid_thick;default;4000;static;sockets;C2_1024;4partout;60:1;192030;-1;-1
img2d;patrin;GCC-12;1024;8;128;24;ssandPile;ocl_hybrid_thick;default;4000;static;sockets;C2_1024;4partout;60:1;198058;-1;-1
img2d;patrin;GCC-12;1024;8;128;24;ssandPile;ocl_hybrid_thick;default;4000;static;sockets;C2_1024;4partout;60:1;195806;-1;-1
img2d;patrin;GCC-12;1024;8;128;24;ssandPile;ocl_hybrid_thick;default;4000;static;sockets;C2_1024;4partout;60:1;195660;-1;-1
img2d;patrin;GCC-12;1024;8;128;24;ssandPile;ocl_hybrid_thick;default;4000;static;sockets;C2_1024;4partout;60:1;194163;-1;-1
img2d;patrin;GCC-12;1024;8;128;24;ssandPile;ocl_hybrid_thick;default;4000;static;sockets;C2_1024;4partout;60:1;191833;-1;-1
img2d;patrin;GCC-12;1024;8;128;24;ssandPile;ocl_hybrid_thick;default;4000;static;sockets;C2_1024;4partout;60:1;335906;-1;-1
img2d;patrin;GCC-12;1024;8;128;24;ssandPile;ocl_hybrid_thick;default;4000;static;sockets;C2_1024;4partout;60:1;185869;-1;-1
img2d;patrin;GCC-12;1024;8;128;24;ssandPile;ocl_hybrid_thick;default;4000;static;sockets;C2_1024;4partout;60:1;195634;-1;-1
img2d;patrin;GCC-12;1024;8;128;24;ssandPile;ocl_hybrid_thick;default;4000;static;sockets;C2_1024;4partout;60:1;195075;-1;-1
img2d;patrin;GCC-12;1024;16;4;24;ssandPile;ocl_hybrid_thick;default;4000;static;threads;C2_1024;4partout;60:1;131209;-1;-1
img2d;patrin;GCC-12;1024;16;4;24;ssandPile;ocl_hybrid_thick;default;4000;static;threads;C2_1024;4partout;60:1;196624;-1;-1
img2d;patrin;GCC-12;1024;16;4;24;ssandPile;ocl_hybrid_thick;default;4000;static;threads;C2_1024;4partout;60:1;128653;-1;-1
img2d;patrin;GCC-12;1024;16;4;24;ssandPile;ocl_hybrid_thick;default;4000;static;threads;C2_1024;4partout;60:1;129861;-1;-1
img2d;patrin;GCC-12;1024;16;4;24;ssandPile;ocl_hybrid_thick;default;4000;static;threads;C2_1024;4partout;60:1;129358;-1;-1
img2d;patrin;GCC-12;1024;16;4;24;ssandPile;ocl_hybrid_thick;default;4000;static;threads;C2_1024;4partout;60:1;128601;-1;-1
img2d;patrin;GCC-12;1024;16;4;24;ssandPile;ocl_hybrid_thick;default;4000;static;threads;C2_1024;4partout;60:1;128968;-1;-1
img2d;patrin;GCC-12;1024;16;4;24;ssandPile;ocl_hybrid_thick;default;4000;static;threads;C2_1024;4partout;60:1;128949;-1;-1
img2d;patrin;GCC-12;1024;16;4;24;ssandPile;ocl_hybrid_thick;default;4000;static;threads;C2_1024;4partout;60:1;189695;-1;-1
img2d;patrin;GCC-12;1024;16;4;24;ssandPile;ocl_hybrid_thick;default;4000;static;threads;C2_1024;4partout;60:1;133411;-1;-1
img2d;patrin;GCC-12;1024;16;4;24;ssandPile;ocl_hybrid_thick;default;4000;static;cores;C2_1024;4partout;60:1;129635;-1;-1
img2d;patrin;GCC-12;1024;16;4;24;ssandPile;ocl_hybrid_thick;default;4000;static;cores;C2_1024;4partout;60:1;146034;-1;-1
img2d;patrin;GCC-12;1024;16;4;24;ssandPile;ocl_hybrid_thick;default;4000;static;cores;C2_1024;4partout;60:1;130905;-1;-1
img2d;patrin;GCC-12;1024;16;4;24;ssandPile;ocl_hybrid_thick;default;4000;static;cores;C2_1024;4partout;60:1;129623;-1;-1
img2d;patrin;GCC-12;1024;16;4;24;ssandPile;ocl_hybrid_thick;default;4000;static;cores;C2_1024;4partout;60:1;129605;-1;-1
img2d;patrin;GCC-12;1024;16;4;24;ssandPile;ocl_hybrid_thick;default;4000;static;cores;C2_1024;4partout;60:1;135430;-1;-1
img2d;patrin;GCC-12;1024;16;4;24;ssandPile;ocl_hybrid_thick;default;4000;static;cores;C2_1024;4partout;60:1;131666;-1;-1
img2d;patrin;GCC-12;1024;16;4;24;ssandPile;ocl_hybrid_thick;default;4000;static;cores;C2_1024;4partout;60:1;127408;-1;-1
img2d;patrin;GCC-12;1024;16;4;24;ssandPile;ocl_hybrid_thick;default;4000;static;cores;C2_1024;4partout;60:1;130574;-1;-1
img2d;patrin;GCC-12;1024;16;4;24;ssandPile;ocl_hybrid_thick;default;4000;static;cores;C2_1024;4partout;60:1;128697;-1;-1
img2d;patrin;GCC-12;1024;16;4;24;ssandPile;ocl_hybrid_thick;default;4000;static;sockets;C2_1024;4partout;60:1;129473;-1;-1
img2d;patrin;GCC-12;1024;16;4;24;ssandPile;ocl_hybrid_thick;default;4000;static;sockets;C2_1024;4partout;60:1;128922;-1;-1
img2d;patrin;GCC-12;1024;16;4;24;ssandPile;ocl_hybrid_thick;default;4000;static;sockets;C2_1024;4partout;60:1;130010;-1;-1
img2d;patrin;GCC-12;1024;16;4;24;ssandPile;ocl_hybrid_thick;default;4000;static;sockets;C2_1024;4partout;60:1;129594;-1;-1
img2d;patrin;GCC-12;1024;16;4;24;ssandPile;ocl_hybrid_thick;default;4000;static;sockets;C2_1024;4partout;60:1;130552;-1;-1
img2d;patrin;GCC-12;1024;16;4;24;ssandPile;ocl_hybrid_thick;default;4000;static;sockets;C2_1024;4partout;60:1;129324;-1;-1
img2d;patrin;GCC-12;1024;16;4;24;ssandPile;ocl_hybrid_thick;default;4000;static;sockets;C2_1024;4partout;60:1;129951;-1;-1
img2d;patrin;GCC-12;1024;16;4;24;ssandPile;ocl_hybrid_thick;default;4000;static;sockets;C2_1024;4partout;60:1;273962;-1;-1
img2d;patrin;GCC-12;1024;16;4;24;ssandPile;ocl_hybrid_thick;default;4000;static;sockets;C2_1024;4partout;60:1;130481;-1;-1
img2d;patrin;GCC-12;1024;16;4;24;ssandPile;ocl_hybrid_thick;default;4000;static;sockets;C2_1024;4partout;60:1;129386;-1;-1
img2d;patrin;GCC-12;1024;16;8;24;ssandPile;ocl_hybrid_thick;default;4000;static;threads;C2_1024;4partout;60:1;113404;-1;-1
img2d;patrin;GCC-12;1024;16;8;24;ssandPile;ocl_hybrid_thick;default;4000;static;threads;C2_1024;4partout;60:1;111736;-1;-1
img2d;patrin;GCC-12;1024;16;8;24;ssandPile;ocl_hybrid_thick;default;4000;static;threads;C2_1024;4partout;60:1;113096;-1;-1
img2d;patrin;GCC-12;1024;16;8;24;ssandPile;ocl_hybrid_thick;default;4000;static;threads;C2_1024;4partout;60:1;112938;-1;-1
img2d;patrin;GCC-12;1024;16;8;24;ssandPile;ocl_hybrid_thick;default;4000;static;threads;C2_1024;4partout;60:1;176558;-1;-1
img2d;patrin;GCC-12;1024;16;8;24;ssandPile;ocl_hybrid_thick;default;4000;static;threads;C2_1024;4partout;60:1;114955;-1;-1
img2d;patrin;GCC-12;1024;16;8;24;ssandPile;ocl_hybrid_thick;default;4000;static;threads;C2_1024;4partout;60:1;112263;-1;-1
img2d;patrin;GCC-12;1024;16;8;24;ssandPile;ocl_hybrid_thick;default;4000;static;threads;C2_1024;4partout;60:1;112023;-1;-1
img2d;patrin;GCC-12;1024;16;8;24;ssandPile;ocl_hybrid_thick;default;4000;static;threads;C2_1024;4partout;60:1;145070;-1;-1
img2d;patrin;GCC-12;1024;16;8;24;ssandPile;ocl_hybrid_thick;default;4000;static;threads;C2_1024;4partout;60:1;109652;-1;-1
img2d;patrin;GCC-12;1024;16;8;24;ssandPile;ocl_hybrid_thick;default;4000;static;cores;C2_1024;4partout;60:1;111886;-1;-1
img2d;patrin;GCC-12;1024;16;8;24;ssandPile;ocl_hybrid_thick;default;4000;static;cores;C2_1024;4partout;60:1;176456;-1;-1
img2d;patrin;GCC-12;1024;16;8;24;ssandPile;ocl_hybrid_thick;default;4000;static;cores;C2_1024;4partout;60:1;112353;-1;-1
img2d;patrin;GCC-12;1024;16;8;24;ssandPile;ocl_hybrid_thick;default;4000;static;cores;C2_1024;4partout;60:1;129571;-1;-1
img2d;patrin;GCC-12;1024;16;8;24;ssandPile;ocl_hybrid_thick;default;4000;static;cores;C2_1024;4partout;60:1;111967;-1;-1
img2d;patrin;GCC-12;1024;16;8;24;ssandPile;ocl_hybrid_thick;default;4000;static;cores;C2_1024;4partout;60:1;112158;-1;-1
img2d;patrin;GCC-12;1024;16;8;24;ssandPile;ocl_hybrid_thick;default;4000;static;cores;C2_1024;4partout;60:1;112017;-1;-1
img2d;patrin;GCC-12;1024;16;8;24;ssandPile;ocl_hybrid_thick;default;4000;static;cores;C2_1024;4partout;60:1;113158;-1;-1
img2d;patrin;GCC-12;1024;16;8;24;ssandPile;ocl_hybrid_thick;default;4000;static;cores;C2_1024;4partout;60:1;174166;-1;-1
img2d;patrin;GCC-12;1024;16;8;24;ssandPile;ocl_hybrid_thick;default;4000;static;cores;C2_1024;4partout;60:1;111778;-1;-1
img2d;patrin;GCC-12;1024;16;8;24;ssandPile;ocl_hybrid_thick;default;4000;static;sockets;C2_1024;4partout;60:1;112716;-1;-1
img2d;patrin;GCC-12;1024;16;8;24;ssandPile;ocl_hybrid_thick;default;4000;static;sockets;C2_1024;4partout;60:1;112575;-1;-1
img2d;patrin;GCC-12;1024;16;8;24;ssandPile;ocl_hybrid_thick;default;4000;static;sockets;C2_1024;4partout;60:1;129378;-1;-1
img2d;patrin;GCC-12;1024;16;8;24;ssandPile;ocl_hybrid_thick;default;4000;static;sockets;C2_1024;4partout;60:1;112845;-1;-1
img2d;patrin;GCC-12;1024;16;8;24;ssandPile;ocl_hybrid_thick;default;4000;static;sockets;C2_1024;4partout;60:1;116904;-1;-1
img2d;patrin;GCC-12;1024;16;8;24;ssandPile;ocl_hybrid_thick;default;4000;static;sockets;C2_1024;4partout;60:1;180704;-1;-1
img2d;patrin;GCC-12;1024;16;8;24;ssandPile;ocl_hybrid_thick;default;4000;static;sockets;C2_1024;4partout;60:1;114415;-1;-1
img2d;patrin;GCC-12;1024;16;8;24;ssandPile;ocl_hybrid_thick;default;4000;static;sockets;C2_1024;4partout;60:1;136721;-1;-1
img2d;patrin;GCC-12;1024;16;8;24;ssandPile;ocl_hybrid_thick;default;4000;static;sockets;C2_1024;4partout;60:1;113780;-1;-1
img2d;patrin;GCC-12;1024;16;8;24;ssandPile;ocl_hybrid_thick;default;4000;static;sockets;C2_1024;4partout;60:1;111860;-1;-1
img2d;patrin;GCC-12;1024;16;16;24;ssandPile;ocl_hybrid_thick;default;4000;static;threads;C2_1024;4partout;60:1;108561;-1;-1
img2d;patrin;GCC-12;1024;16;16;24;ssandPile;ocl_hybrid_thick;default;4000;static;threads;C2_1024;4partout;60:1;172892;-1;-1
img2d;patrin;GCC-12;1024;16;16;24;ssandPile;ocl_hybrid_thick;default;4000;static;threads;C2_1024;4partout;60:1;112128;-1;-1
img2d;patrin;GCC-12;1024;16;16;24;ssandPile;ocl_hybrid_thick;default;4000;static;threads;C2_1024;4partout;60:1;107933;-1;-1
img2d;patrin;GCC-12;1024;16;16;24;ssandPile;ocl_hybrid_thick;default;4000;static;threads;C2_1024;4partout;60:1;109089;-1;-1
img2d;patrin;GCC-12;1024;16;16;24;ssandPile;ocl_hybrid_thick;default;4000;static;threads;C2_1024;4partout;60:1;108399;-1;-1
img2d;patrin;GCC-12;1024;16;16;24;ssandPile;ocl_hybrid_thick;default;4000;static;threads;C2_1024;4partout;60:1;108407;-1;-1
img2d;patrin;GCC-12;1024;16;16;24;ssandPile;ocl_hybrid_thick;default;4000;static;threads;C2_1024;4partout;60:1;108280;-1;-1
img2d;patrin;GCC-12;1024;16;16;24;ssandPile;ocl_hybrid_thick;default;4000;static;threads;C2_1024;4partout;60:1;171801;-1;-1
img2d;patrin;GCC-12;1024;16;16;24;ssandPile;ocl_hybrid_thick;default;4000;static;threads;C2_1024;4partout;60:1;109247;-1;-1
img2d;patrin;GCC-12;1024;16;16;24;ssandPile;ocl_hybrid_thick;default;4000;static;cores;C2_1024;4partout;60:1;109983;-1;-1
img2d;patrin;GCC-12;1024;16;16;24;ssandPile;ocl_hybrid_thick;default;4000;static;cores;C2_1024;4partout;60:1;107520;-1;-1
img2d;patrin;GCC-12;1024;16;16;24;ssandPile;ocl_hybrid_thick;default;4000;static;cores;C2_1024;4partout;60:1;106420;-1;-1
img2d;patrin;GCC-12;1024;16;16;24;ssandPile;ocl_hybrid_thick;default;4000;static;cores;C2_1024;4partout;60:1;109185;-1;-1
img2d;patrin;GCC-12;1024;16;16;24;ssandPile;ocl_hybrid_thick;default;4000;static;cores;C2_1024;4partout;60:1;108984;-1;-1
img2d;patrin;GCC-12;1024;16;16;24;ssandPile;ocl_hybrid_thick;default;4000;static;cores;C2_1024;4partout;60:1;108261;-1;-1
img2d;patrin;GCC-12;1024;16;16;24;ssandPile;ocl_hybrid_thick;default;4000;static;cores;C2_1024;4partout;60:1;126061;-1;-1
img2d;patrin;GCC-12;1024;16;16;24;ssandPile;ocl_hybrid_thick;default;4000;static;cores;C2_1024;4partout;60:1;107902;-1;-1
img2d;patrin;GCC-12;1024;16;16;24;ssandPile;ocl_hybrid_thick;default;4000;static;cores;C2_1024;4partout;60:1;108088;-1;-1
img2d;patrin;GCC-12;1024;16;16;24;ssandPile;ocl_hybrid_thick;default;4000;static;cores;C2_1024;4partout;60:1;108893;-1;-1
img2d;patrin;GCC-12;1024;16;16;24;ssandPile;ocl_hybrid_thick;default;4000;static;sockets;C2_1024;4partout;60:1;112056;-1;-1
img2d;patrin;GCC-12;1024;16;16;24;ssandPile;ocl_hybrid_thick;default;4000;static;sockets;C2_1024;4partout;60:1;113806;-1;-1
img2d;patrin;GCC-12;1024;16;16;24;ssandPile;ocl_hybrid_thick;default;4000;static;sockets;C2_1024;4partout;60:1;111181;-1;-1
img2d;patrin;GCC-12;1024;16;16;24;ssandPile;ocl_hybrid_thick;default;4000;static;sockets;C2_1024;4partout;60:1;111453;-1;-1
img2d;patrin;GCC-12;1024;16;16;24;ssandPile;ocl_hybrid_thick;default;4000;static;sockets;C2_1024;4partout;60:1;113983;-1;-1
img2d;patrin;GCC-12;1024;16;16;24;ssandPile;ocl_hybrid_thick;default;4000;static;sockets;C2_1024;4partout;60:1;361845;-1;-1
img2d;patrin;GCC-12;1024;16;16;24;ssandPile;ocl_hybrid_thick;default;4000;static;sockets;C2_1024;4partout;60:1;111068;-1;-1
img2d;patrin;GCC-12;1024;16;16;24;ssandPile;ocl_hybrid_thick;default;4000;static;sockets;C2_1024;4partout;60:1;111880;-1;-1
img2d;patrin;GCC-12;1024;16;16;24;ssandPile;ocl_hybrid_thick;default;4000;static;sockets;C2_1024;4partout;60:1;110307;-1;-1
img2d;patrin;GCC-12;1024;16;16;24;ssandPile;ocl_hybrid_thick;default;4000;static;sockets;C2_1024;4partout;60:1;113858;-1;-1
img2d;patrin;GCC-12;1024;16;32;24;ssandPile;ocl_hybrid_thick;default;4000;static;threads;C2_1024;4partout;60:1;110756;-1;-1
img2d;patrin;GCC-12;1024;16;32;24;ssandPile;ocl_hybrid_thick;default;4000;static;threads;C2_1024;4partout;60:1;110935;-1;-1
img2d;patrin;GCC-12;1024;16;32;24;ssandPile;ocl_hybrid_thick;default;4000;static;threads;C2_1024;4partout;60:1;127067;-1;-1
img2d;patrin;GCC-12;1024;16;32;24;ssandPile;ocl_hybrid_thick;default;4000;static;threads;C2_1024;4partout;60:1;110958;-1;-1
img2d;patrin;GCC-12;1024;16;32;24;ssandPile;ocl_hybrid_thick;default;4000;static;threads;C2_1024;4partout;60:1;112186;-1;-1
img2d;patrin;GCC-12;1024;16;32;24;ssandPile;ocl_hybrid_thick;default;4000;static;threads;C2_1024;4partout;60:1;110899;-1;-1
img2d;patrin;GCC-12;1024;16;32;24;ssandPile;ocl_hybrid_thick;default;4000;static;threads;C2_1024;4partout;60:1;174073;-1;-1
img2d;patrin;GCC-12;1024;16;32;24;ssandPile;ocl_hybrid_thick;default;4000;static;threads;C2_1024;4partout;60:1;111135;-1;-1
img2d;patrin;GCC-12;1024;16;32;24;ssandPile;ocl_hybrid_thick;default;4000;static;threads;C2_1024;4partout;60:1;111180;-1;-1
img2d;patrin;GCC-12;1024;16;32;24;ssandPile;ocl_hybrid_thick;default;4000;static;threads;C2_1024;4partout;60:1;149736;-1;-1
img2d;patrin;GCC-12;1024;16;32;24;ssandPile;ocl_hybrid_thick;default;4000;static;cores;C2_1024;4partout;60:1;111524;-1;-1
img2d;patrin;GCC-12;1024;16;32;24;ssandPile;ocl_hybrid_thick;default;4000;static;cores;C2_1024;4partout;60:1;111846;-1;-1
img2d;patrin;GCC-12;1024;16;32;24;ssandPile;ocl_hybrid_thick;default;4000;static;cores;C2_1024;4partout;60:1;110998;-1;-1
img2d;patrin;GCC-12;1024;16;32;24;ssandPile;ocl_hybrid_thick;default;4000;static;cores;C2_1024;4partout;60:1;173120;-1;-1
img2d;patrin;GCC-12;1024;16;32;24;ssandPile;ocl_hybrid_thick;default;4000;static;cores;C2_1024;4partout;60:1;112061;-1;-1
img2d;patrin;GCC-12;1024;16;32;24;ssandPile;ocl_hybrid_thick;default;4000;static;cores;C2_1024;4partout;60:1;111964;-1;-1
img2d;patrin;GCC-12;1024;16;32;24;ssandPile;ocl_hybrid_thick;default;4000;static;cores;C2_1024;4partout;60:1;111361;-1;-1
img2d;patrin;GCC-12;1024;16;32;24;ssandPile;ocl_hybrid_thick;default;4000;static;cores;C2_1024;4partout;60:1;110636;-1;-1
img2d;patrin;GCC-12;1024;16;32;24;ssandPile;ocl_hybrid_thick;default;4000;static;cores;C2_1024;4partout;60:1;111330;-1;-1
img2d;patrin;GCC-12;1024;16;32;24;ssandPile;ocl_hybrid_thick;default;4000;static;cores;C2_1024;4partout;60:1;111263;-1;-1
img2d;patrin;GCC-12;1024;16;32;24;ssandPile;ocl_hybrid_thick;default;4000;static;sockets;C2_1024;4partout;60:1;191868;-1;-1
img2d;patrin;GCC-12;1024;16;32;24;ssandPile;ocl_hybrid_thick;default;4000;static;sockets;C2_1024;4partout;60:1;125027;-1;-1
img2d;patrin;GCC-12;1024;16;32;24;ssandPile;ocl_hybrid_thick;default;4000;static;sockets;C2_1024;4partout;60:1;115820;-1;-1
img2d;patrin;GCC-12;1024;16;32;24;ssandPile;ocl_hybrid_thick;default;4000;static;sockets;C2_1024;4partout;60:1;115155;-1;-1
img2d;patrin;GCC-12;1024;16;32;24;ssandPile;ocl_hybrid_thick;default;4000;static;sockets;C2_1024;4partout;60:1;111882;-1;-1
img2d;patrin;GCC-12;1024;16;32;24;ssandPile;ocl_hybrid_thick;default;4000;static;sockets;C2_1024;4partout;60:1;111988;-1;-1
img2d;patrin;GCC-12;1024;16;32;24;ssandPile;ocl_hybrid_thick;default;4000;static;sockets;C2_1024;4partout;60:1;1049508;-1;-1
img2d;patrin;GCC-12;1024;16;32;24;ssandPile;ocl_hybrid_thick;default;4000;static;sockets;C2_1024;4partout;60:1;115177;-1;-1
img2d;patrin;GCC-12;1024;16;32;24;ssandPile;ocl_hybrid_thick;default;4000;static;sockets;C2_1024;4partout;60:1;111946;-1;-1
img2d;patrin;GCC-12;1024;16;32;24;ssandPile;ocl_hybrid_thick;default;4000;static;sockets;C2_1024;4partout;60:1;151022;-1;-1
img2d;patrin;GCC-12;1024;16;64;24;ssandPile;ocl_hybrid_thick;default;4000;static;threads;C2_1024;4partout;60:1;202152;-1;-1
img2d;patrin;GCC-12;1024;16;64;24;ssandPile;ocl_hybrid_thick;default;4000;static;threads;C2_1024;4partout;60:1;149463;-1;-1
img2d;patrin;GCC-12;1024;16;64;24;ssandPile;ocl_hybrid_thick;default;4000;static;threads;C2_1024;4partout;60:1;149969;-1;-1
img2d;patrin;GCC-12;1024;16;64;24;ssandPile;ocl_hybrid_thick;default;4000;static;threads;C2_1024;4partout;60:1;151477;-1;-1
img2d;patrin;GCC-12;1024;16;64;24;ssandPile;ocl_hybrid_thick;default;4000;static;threads;C2_1024;4partout;60:1;150344;-1;-1
img2d;patrin;GCC-12;1024;16;64;24;ssandPile;ocl_hybrid_thick;default;4000;static;threads;C2_1024;4partout;60:1;152286;-1;-1
img2d;patrin;GCC-12;1024;16;64;24;ssandPile;ocl_hybrid_thick;default;4000;static;threads;C2_1024;4partout;60:1;213712;-1;-1
img2d;patrin;GCC-12;1024;16;64;24;ssandPile;ocl_hybrid_thick;default;4000;static;threads;C2_1024;4partout;60:1;150793;-1;-1
img2d;patrin;GCC-12;1024;16;64;24;ssandPile;ocl_hybrid_thick;default;4000;static;threads;C2_1024;4partout;60:1;152046;-1;-1
img2d;patrin;GCC-12;1024;16;64;24;ssandPile;ocl_hybrid_thick;default;4000;static;threads;C2_1024;4partout;60:1;149798;-1;-1
img2d;patrin;GCC-12;1024;16;64;24;ssandPile;ocl_hybrid_thick;default;4000;static;cores;C2_1024;4partout;60:1;150503;-1;-1
img2d;patrin;GCC-12;1024;16;64;24;ssandPile;ocl_hybrid_thick;default;4000;static;cores;C2_1024;4partout;60:1;150513;-1;-1
img2d;patrin;GCC-12;1024;16;64;24;ssandPile;ocl_hybrid_thick;default;4000;static;cores;C2_1024;4partout;60:1;150057;-1;-1
img2d;patrin;GCC-12;1024;16;64;24;ssandPile;ocl_hybrid_thick;default;4000;static;cores;C2_1024;4partout;60:1;150675;-1;-1
img2d;patrin;GCC-12;1024;16;64;24;ssandPile;ocl_hybrid_thick;default;4000;static;cores;C2_1024;4partout;60:1;150433;-1;-1
img2d;patrin;GCC-12;1024;16;64;24;ssandPile;ocl_hybrid_thick;default;4000;static;cores;C2_1024;4partout;60:1;149994;-1;-1
img2d;patrin;GCC-12;1024;16;64;24;ssandPile;ocl_hybrid_thick;default;4000;static;cores;C2_1024;4partout;60:1;148803;-1;-1
img2d;patrin;GCC-12;1024;16;64;24;ssandPile;ocl_hybrid_thick;default;4000;static;cores;C2_1024;4partout;60:1;166391;-1;-1
img2d;patrin;GCC-12;1024;16;64;24;ssandPile;ocl_hybrid_thick;default;4000;static;cores;C2_1024;4partout;60:1;149460;-1;-1
img2d;patrin;GCC-12;1024;16;64;24;ssandPile;ocl_hybrid_thick;default;4000;static;cores;C2_1024;4partout;60:1;199439;-1;-1
img2d;patrin;GCC-12;1024;16;64;24;ssandPile;ocl_hybrid_thick;default;4000;static;sockets;C2_1024;4partout;60:1;172321;-1;-1
img2d;patrin;GCC-12;1024;16;64;24;ssandPile;ocl_hybrid_thick;default;4000;static;sockets;C2_1024;4partout;60:1;150347;-1;-1
img2d;patrin;GCC-12;1024;16;64;24;ssandPile;ocl_hybrid_thick;default;4000;static;sockets;C2_1024;4partout;60:1;620103;-1;-1
img2d;patrin;GCC-12;1024;16;64;24;ssandPile;ocl_hybrid_thick;default;4000;static;sockets;C2_1024;4partout;60:1;218381;-1;-1
img2d;patrin;GCC-12;1024;16;64;24;ssandPile;ocl_hybrid_thick;default;4000;static;sockets;C2_1024;4partout;60:1;151497;-1;-1
img2d;patrin;GCC-12;1024;16;64;24;ssandPile;ocl_hybrid_thick;default;4000;static;sockets;C2_1024;4partout;60:1;151453;-1;-1
img2d;patrin;GCC-12;1024;16;64;24;ssandPile;ocl_hybrid_thick;default;4000;static;sockets;C2_1024;4partout;60:1;151134;-1;-1
img2d;patrin;GCC-12;1024;16;64;24;ssandPile;ocl_hybrid_thick;default;4000;static;sockets;C2_1024;4partout;60:1;168363;-1;-1
img2d;patrin;GCC-12;1024;16;64;24;ssandPile;ocl_hybrid_thick;default;4000;static;sockets;C2_1024;4partout;60:1;150522;-1;-1
img2d;patrin;GCC-12;1024;16;64;24;ssandPile;ocl_hybrid_thick;default;4000;static;sockets;C2_1024;4partout;60:1;193927;-1;-1
img2d;patrin;GCC-12;1024;32;4;24;ssandPile;ocl_hybrid_thick;default;4000;static;threads;C2_1024;4partout;60:1;126279;-1;-1
img2d;patrin;GCC-12;1024;32;4;24;ssandPile;ocl_hybrid_thick;default;4000;static;threads;C2_1024;4partout;60:1;126295;-1;-1
img2d;patrin;GCC-12;1024;32;4;24;ssandPile;ocl_hybrid_thick;default;4000;static;threads;C2_1024;4partout;60:1;125824;-1;-1
img2d;patrin;GCC-12;1024;32;4;24;ssandPile;ocl_hybrid_thick;default;4000;static;threads;C2_1024;4partout;60:1;125849;-1;-1
img2d;patrin;GCC-12;1024;32;4;24;ssandPile;ocl_hybrid_thick;default;4000;static;threads;C2_1024;4partout;60:1;125834;-1;-1
img2d;patrin;GCC-12;1024;32;4;24;ssandPile;ocl_hybrid_thick;default;4000;static;threads;C2_1024;4partout;60:1;125826;-1;-1
img2d;patrin;GCC-12;1024;32;4;24;ssandPile;ocl_hybrid_thick;default;4000;static;threads;C2_1024;4partout;60:1;134679;-1;-1
img2d;patrin;GCC-12;1024;32;4;24;ssandPile;ocl_hybrid_thick;default;4000;static;threads;C2_1024;4partout;60:1;126527;-1;-1
img2d;patrin;GCC-12;1024;32;4;24;ssandPile;ocl_hybrid_thick;default;4000;static;threads;C2_1024;4partout;60:1;127327;-1;-1
img2d;patrin;GCC-12;1024;32;4;24;ssandPile;ocl_hybrid_thick;default;4000;static;threads;C2_1024;4partout;60:1;127288;-1;-1
img2d;patrin;GCC-12;1024;32;4;24;ssandPile;ocl_hybrid_thick;default;4000;static;cores;C2_1024;4partout;60:1;126778;-1;-1
img2d;patrin;GCC-12;1024;32;4;24;ssandPile;ocl_hybrid_thick;default;4000;static;cores;C2_1024;4partout;60:1;124514;-1;-1
img2d;patrin;GCC-12;1024;32;4;24;ssandPile;ocl_hybrid_thick;default;4000;static;cores;C2_1024;4partout;60:1;125625;-1;-1
img2d;patrin;GCC-12;1024;32;4;24;ssandPile;ocl_hybrid_thick;default;4000;static;cores;C2_1024;4partout;60:1;168952;-1;-1
img2d;patrin;GCC-12;1024;32;4;24;ssandPile;ocl_hybrid_thick;default;4000;static;cores;C2_1024;4partout;60:1;127394;-1;-1
img2d;patrin;GCC-12;1024;32;4;24;ssandPile;ocl_hybrid_thick;default;4000;static;cores;C2_1024;4partout;60:1;127364;-1;-1
img2d;patrin;GCC-12;1024;32;4;24;ssandPile;ocl_hybrid_thick;default;4000;static;cores;C2_1024;4partout;60:1;143531;-1;-1
img2d;patrin;GCC-12;1024;32;4;24;ssandPile;ocl_hybrid_thick;default;4000;static;cores;C2_1024;4partout;60:1;126345;-1;-1
img2d;patrin;GCC-12;1024;32;4;24;ssandPile;ocl_hybrid_thick;default;4000;static;cores;C2_1024;4partout;60:1;126485;-1;-1
img2d;patrin;GCC-12;1024;32;4;24;ssandPile;ocl_hybrid_thick;default;4000;static;cores;C2_1024;4partout;60:1;126153;-1;-1
img2d;patrin;GCC-12;1024;32;4;24;ssandPile;ocl_hybrid_thick;default;4000;static;sockets;C2_1024;4partout;60:1;126303;-1;-1
img2d;patrin;GCC-12;1024;32;4;24;ssandPile;ocl_hybrid_thick;default;4000;static;sockets;C2_1024;4partout;60:1;128533;-1;-1
img2d;patrin;GCC-12;1024;32;4;24;ssandPile;ocl_hybrid_thick;default;4000;static;sockets;C2_1024;4partout;60:1;125515;-1;-1
img2d;patrin;GCC-12;1024;32;4;24;ssandPile;ocl_hybrid_thick;default;4000;static;sockets;C2_1024;4partout;60:1;176747;-1;-1
img2d;patrin;GCC-12;1024;32;4;24;ssandPile;ocl_hybrid_thick;default;4000;static;sockets;C2_1024;4partout;60:1;126727;-1;-1
img2d;patrin;GCC-12;1024;32;4;24;ssandPile;ocl_hybrid_thick;default;4000;static;sockets;C2_1024;4partout;60:1;126504;-1;-1
img2d;patrin;GCC-12;1024;32;4;24;ssandPile;ocl_hybrid_thick;default;4000;static;sockets;C2_1024;4partout;60:1;126388;-1;-1
img2d;patrin;GCC-12;1024;32;4;24;ssandPile;ocl_hybrid_thick;default;4000;static;sockets;C2_1024;4partout;60:1;125947;-1;-1
img2d;patrin;GCC-12;1024;32;4;24;ssandPile;ocl_hybrid_thick;default;4000;static;sockets;C2_1024;4partout;60:1;125836;-1;-1
img2d;patrin;GCC-12;1024;32;4;24;ssandPile;ocl_hybrid_thick;default;4000;static;sockets;C2_1024;4partout;60:1;127049;-1;-1
img2d;patrin;GCC-12;1024;32;8;24;ssandPile;ocl_hybrid_thick;default;4000;static;threads;C2_1024;4partout;60:1;138568;-1;-1
img2d;patrin;GCC-12;1024;32;8;24;ssandPile;ocl_hybrid_thick;default;4000;static;threads;C2_1024;4partout;60:1;129535;-1;-1
img2d;patrin;GCC-12;1024;32;8;24;ssandPile;ocl_hybrid_thick;default;4000;static;threads;C2_1024;4partout;60:1;181764;-1;-1
img2d;patrin;GCC-12;1024;32;8;24;ssandPile;ocl_hybrid_thick;default;4000;static;threads;C2_1024;4partout;60:1;113492;-1;-1
img2d;patrin;GCC-12;1024;32;8;24;ssandPile;ocl_hybrid_thick;default;4000;static;threads;C2_1024;4partout;60:1;113299;-1;-1
img2d;patrin;GCC-12;1024;32;8;24;ssandPile;ocl_hybrid_thick;default;4000;static;threads;C2_1024;4partout;60:1;113949;-1;-1
img2d;patrin;GCC-12;1024;32;8;24;ssandPile;ocl_hybrid_thick;default;4000;static;threads;C2_1024;4partout;60:1;114492;-1;-1
img2d;patrin;GCC-12;1024;32;8;24;ssandPile;ocl_hybrid_thick;default;4000;static;threads;C2_1024;4partout;60:1;114640;-1;-1
img2d;patrin;GCC-12;1024;32;8;24;ssandPile;ocl_hybrid_thick;default;4000;static;threads;C2_1024;4partout;60:1;114105;-1;-1
img2d;patrin;GCC-12;1024;32;8;24;ssandPile;ocl_hybrid_thick;default;4000;static;threads;C2_1024;4partout;60:1;183861;-1;-1
img2d;patrin;GCC-12;1024;32;8;24;ssandPile;ocl_hybrid_thick;default;4000;static;cores;C2_1024;4partout;60:1;115895;-1;-1
img2d;patrin;GCC-12;1024;32;8;24;ssandPile;ocl_hybrid_thick;default;4000;static;cores;C2_1024;4partout;60:1;113181;-1;-1
img2d;patrin;GCC-12;1024;32;8;24;ssandPile;ocl_hybrid_thick;default;4000;static;cores;C2_1024;4partout;60:1;113880;-1;-1
img2d;patrin;GCC-12;1024;32;8;24;ssandPile;ocl_hybrid_thick;default;4000;static;cores;C2_1024;4partout;60:1;114112;-1;-1
img2d;patrin;GCC-12;1024;32;8;24;ssandPile;ocl_hybrid_thick;default;4000;static;cores;C2_1024;4partout;60:1;112874;-1;-1
img2d;patrin;GCC-12;1024;32;8;24;ssandPile;ocl_hybrid_thick;default;4000;static;cores;C2_1024;4partout;60:1;113697;-1;-1
img2d;patrin;GCC-12;1024;32;8;24;ssandPile;ocl_hybrid_thick;default;4000;static;cores;C2_1024;4partout;60:1;187192;-1;-1
img2d;patrin;GCC-12;1024;32;8;24;ssandPile;ocl_hybrid_thick;default;4000;static;cores;C2_1024;4partout;60:1;113401;-1;-1
img2d;patrin;GCC-12;1024;32;8;24;ssandPile;ocl_hybrid_thick;default;4000;static;cores;C2_1024;4partout;60:1;130818;-1;-1
img2d;patrin;GCC-12;1024;32;8;24;ssandPile;ocl_hybrid_thick;default;4000;static;cores;C2_1024;4partout;60:1;114872;-1;-1
img2d;patrin;GCC-12;1024;32;8;24;ssandPile;ocl_hybrid_thick;default;4000;static;sockets;C2_1024;4partout;60:1;112957;-1;-1
img2d;patrin;GCC-12;1024;32;8;24;ssandPile;ocl_hybrid_thick;default;4000;static;sockets;C2_1024;4partout;60:1;134011;-1;-1
img2d;patrin;GCC-12;1024;32;8;24;ssandPile;ocl_hybrid_thick;default;4000;static;sockets;C2_1024;4partout;60:1;113687;-1;-1
img2d;patrin;GCC-12;1024;32;8;24;ssandPile;ocl_hybrid_thick;default;4000;static;sockets;C2_1024;4partout;60:1;112673;-1;-1
img2d;patrin;GCC-12;1024;32;8;24;ssandPile;ocl_hybrid_thick;default;4000;static;sockets;C2_1024;4partout;60:1;113742;-1;-1
img2d;patrin;GCC-12;1024;32;8;24;ssandPile;ocl_hybrid_thick;default;4000;static;sockets;C2_1024;4partout;60:1;113658;-1;-1
img2d;patrin;GCC-12;1024;32;8;24;ssandPile;ocl_hybrid_thick;default;4000;static;sockets;C2_1024;4partout;60:1;112912;-1;-1
img2d;patrin;GCC-12;1024;32;8;24;ssandPile;ocl_hybrid_thick;default;4000;static;sockets;C2_1024;4partout;60:1;112997;-1;-1
img2d;patrin;GCC-12;1024;32;8;24;ssandPile;ocl_hybrid_thick;default;4000;static;sockets;C2_1024;4partout;60:1;113422;-1;-1
img2d;patrin;GCC-12;1024;32;8;24;ssandPile;ocl_hybrid_thick;default;4000;static;sockets;C2_1024;4partout;60:1;185652;-1;-1
img2d;patrin;GCC-12;1024;32;16;24;ssandPile;ocl_hybrid_thick;default;4000;static;threads;C2_1024;4partout;60:1;112238;-1;-1
img2d;patrin;GCC-12;1024;32;16;24;ssandPile;ocl_hybrid_thick;default;4000;static;threads;C2_1024;4partout;60:1;112542;-1;-1
img2d;patrin;GCC-12;1024;32;16;24;ssandPile;ocl_hybrid_thick;default;4000;static;threads;C2_1024;4partout;60:1;112572;-1;-1
img2d;patrin;GCC-12;1024;32;16;24;ssandPile;ocl_hybrid_thick;default;4000;static;threads;C2_1024;4partout;60:1;112733;-1;-1
img2d;patrin;GCC-12;1024;32;16;24;ssandPile;ocl_hybrid_thick;default;4000;static;threads;C2_1024;4partout;60:1;131738;-1;-1
img2d;patrin;GCC-12;1024;32;16;24;ssandPile;ocl_hybrid_thick;default;4000;static;threads;C2_1024;4partout;60:1;112711;-1;-1
img2d;patrin;GCC-12;1024;32;16;24;ssandPile;ocl_hybrid_thick;default;4000;static;threads;C2_1024;4partout;60:1;175512;-1;-1
img2d;patrin;GCC-12;1024;32;16;24;ssandPile;ocl_hybrid_thick;default;4000;static;threads;C2_1024;4partout;60:1;112782;-1;-1
img2d;patrin;GCC-12;1024;32;16;24;ssandPile;ocl_hybrid_thick;default;4000;static;threads;C2_1024;4partout;60:1;112508;-1;-1
img2d;patrin;GCC-12;1024;32;16;24;ssandPile;ocl_hybrid_thick;default;4000;static;threads;C2_1024;4partout;60:1;113353;-1;-1
img2d;patrin;GCC-12;1024;32;16;24;ssandPile;ocl_hybrid_thick;default;4000;static;cores;C2_1024;4partout;60:1;112031;-1;-1
img2d;patrin;GCC-12;1024;32;16;24;ssandPile;ocl_hybrid_thick;default;4000;static;cores;C2_1024;4partout;60:1;113014;-1;-1
img2d;patrin;GCC-12;1024;32;16;24;ssandPile;ocl_hybrid_thick;default;4000;static;cores;C2_1024;4partout;60:1;112763;-1;-1
img2d;patrin;GCC-12;1024;32;16;24;ssandPile;ocl_hybrid_thick;default;4000;static;cores;C2_1024;4partout;60:1;112504;-1;-1
img2d;patrin;GCC-12;1024;32;16;24;ssandPile;ocl_hybrid_thick;default;4000;static;cores;C2_1024;4partout;60:1;111856;-1;-1
img2d;patrin;GCC-12;1024;32;16;24;ssandPile;ocl_hybrid_thick;default;4000;static;cores;C2_1024;4partout;60:1;162093;-1;-1
img2d;patrin;GCC-12;1024;32;16;24;ssandPile;ocl_hybrid_thick;default;4000;static;cores;C2_1024;4partout;60:1;111768;-1;-1
img2d;patrin;GCC-12;1024;32;16;24;ssandPile;ocl_hybrid_thick;default;4000;static;cores;C2_1024;4partout;60:1;112949;-1;-1
img2d;patrin;GCC-12;1024;32;16;24;ssandPile;ocl_hybrid_thick;default;4000;static;cores;C2_1024;4partout;60:1;112003;-1;-1
img2d;patrin;GCC-12;1024;32;16;24;ssandPile;ocl_hybrid_thick;default;4000;static;cores;C2_1024;4partout;60:1;110378;-1;-1
img2d;patrin;GCC-12;1024;32;16;24;ssandPile;ocl_hybrid_thick;default;4000;static;sockets;C2_1024;4partout;60:1;109171;-1;-1
img2d;patrin;GCC-12;1024;32;16;24;ssandPile;ocl_hybrid_thick;default;4000;static;sockets;C2_1024;4partout;60:1;7904518;-1;-1
img2d;patrin;GCC-12;1024;32;16;24;ssandPile;ocl_hybrid_thick;default;4000;static;sockets;C2_1024;4partout;60:1;173085;-1;-1
img2d;patrin;GCC-12;1024;32;16;24;ssandPile;ocl_hybrid_thick;default;4000;static;sockets;C2_1024;4partout;60:1;123673;-1;-1
img2d;patrin;GCC-12;1024;32;16;24;ssandPile;ocl_hybrid_thick;default;4000;static;sockets;C2_1024;4partout;60:1;113887;-1;-1
img2d;patrin;GCC-12;1024;32;16;24;ssandPile;ocl_hybrid_thick;default;4000;static;sockets;C2_1024;4partout;60:1;113095;-1;-1
img2d;patrin;GCC-12;1024;32;16;24;ssandPile;ocl_hybrid_thick;default;4000;static;sockets;C2_1024;4partout;60:1;113159;-1;-1
img2d;patrin;GCC-12;1024;32;16;24;ssandPile;ocl_hybrid_thick;default;4000;static;sockets;C2_1024;4partout;60:1;112963;-1;-1
img2d;patrin;GCC-12;1024;32;16;24;ssandPile;ocl_hybrid_thick;default;4000;static;sockets;C2_1024;4partout;60:1;228350;-1;-1
img2d;patrin;GCC-12;1024;32;16;24;ssandPile;ocl_hybrid_thick;default;4000;static;sockets;C2_1024;4partout;60:1;112084;-1;-1
img2d;patrin;GCC-12;1024;32;32;24;ssandPile;ocl_hybrid_thick;default;4000;static;threads;C2_1024;4partout;60:1;151392;-1;-1
img2d;patrin;GCC-12;1024;32;32;24;ssandPile;ocl_hybrid_thick;default;4000;static;threads;C2_1024;4partout;60:1;159904;-1;-1
img2d;patrin;GCC-12;1024;32;32;24;ssandPile;ocl_hybrid_thick;default;4000;static;threads;C2_1024;4partout;60:1;151881;-1;-1
img2d;patrin;GCC-12;1024;32;32;24;ssandPile;ocl_hybrid_thick;default;4000;static;threads;C2_1024;4partout;60:1;150476;-1;-1
img2d;patrin;GCC-12;1024;32;32;24;ssandPile;ocl_hybrid_thick;default;4000;static;threads;C2_1024;4partout;60:1;150643;-1;-1
img2d;patrin;GCC-12;1024;32;32;24;ssandPile;ocl_hybrid_thick;default;4000;static;threads;C2_1024;4partout;60:1;161262;-1;-1
img2d;patrin;GCC-12;1024;32;32;24;ssandPile;ocl_hybrid_thick;default;4000;static;threads;C2_1024;4partout;60:1;152251;-1;-1
img2d;patrin;GCC-12;1024;32;32;24;ssandPile;ocl_hybrid_thick;default;4000;static;threads;C2_1024;4partout;60:1;152886;-1;-1
img2d;patrin;GCC-12;1024;32;32;24;ssandPile;ocl_hybrid_thick;default;4000;static;threads;C2_1024;4partout;60:1;152270;-1;-1
img2d;patrin;GCC-12;1024;32;32;24;ssandPile;ocl_hybrid_thick;default;4000;static;threads;C2_1024;4partout;60:1;150624;-1;-1
img2d;patrin;GCC-12;1024;32;32;24;ssandPile;ocl_hybrid_thick;default;4000;static;cores;C2_1024;4partout;60:1;150322;-1;-1
img2d;patrin;GCC-12;1024;32;32;24;ssandPile;ocl_hybrid_thick;default;4000;static;cores;C2_1024;4partout;60:1;205276;-1;-1
img2d;patrin;GCC-12;1024;32;32;24;ssandPile;ocl_hybrid_thick;default;4000;static;cores;C2_1024;4partout;60:1;160594;-1;-1
img2d;patrin;GCC-12;1024;32;32;24;ssandPile;ocl_hybrid_thick;default;4000;static;cores;C2_1024;4partout;60:1;159132;-1;-1
img2d;patrin;GCC-12;1024;32;32;24;ssandPile;ocl_hybrid_thick;default;4000;static;cores;C2_1024;4partout;60:1;159496;-1;-1
img2d;patrin;GCC-12;1024;32;32;24;ssandPile;ocl_hybrid_thick;default;4000;static;cores;C2_1024;4partout;60:1;151472;-1;-1
img2d;patrin;GCC-12;1024;32;32;24;ssandPile;ocl_hybrid_thick;default;4000;static;cores;C2_1024;4partout;60:1;151656;-1;-1
img2d;patrin;GCC-12;1024;32;32;24;ssandPile;ocl_hybrid_thick;default;4000;static;cores;C2_1024;4partout;60:1;221296;-1;-1
img2d;patrin;GCC-12;1024;32;32;24;ssandPile;ocl_hybrid_thick;default;4000;static;cores;C2_1024;4partout;60:1;150763;-1;-1
img2d;patrin;GCC-12;1024;32;32;24;ssandPile;ocl_hybrid_thick;default;4000;static;cores;C2_1024;4partout;60:1;150965;-1;-1
img2d;patrin;GCC-12;1024;32;32;24;ssandPile;ocl_hybrid_thick;default;4000;static;sockets;C2_1024;4partout;60:1;152674;-1;-1
img2d;patrin;GCC-12;1024;32;32;24;ssandPile;ocl_hybrid_thick;default;4000;static;sockets;C2_1024;4partout;60:1;211672;-1;-1
img2d;patrin;GCC-12;1024;32;32;24;ssandPile;ocl_hybrid_thick;default;4000;static;sockets;C2_1024;4partout;60:1;151555;-1;-1
img2d;patrin;GCC-12;1024;32;32;24;ssandPile;ocl_hybrid_thick;default;4000;static;sockets;C2_1024;4partout;60:1;167983;-1;-1
img2d;patrin;GCC-12;1024;32;32;24;ssandPile;ocl_hybrid_thick;default;4000;static;sockets;C2_1024;4partout;60:1;151412;-1;-1
img2d;patrin;GCC-12;1024;32;32;24;ssandPile;ocl_hybrid_thick;default;4000;static;sockets;C2_1024;4partout;60:1;151752;-1;-1
img2d;patrin;GCC-12;1024;32;32;24;ssandPile;ocl_hybrid_thick;default;4000;static;sockets;C2_1024;4partout;60:1;158946;-1;-1
img2d;patrin;GCC-12;1024;32;32;24;ssandPile;ocl_hybrid_thick;default;4000;static;sockets;C2_1024;4partout;60:1;151698;-1;-1
img2d;patrin;GCC-12;1024;32;32;24;ssandPile;ocl_hybrid_thick;default;4000;static;sockets;C2_1024;4partout;60:1;152237;-1;-1
img2d;patrin;GCC-12;1024;32;32;24;ssandPile;ocl_hybrid_thick;default;4000;static;sockets;C2_1024;4partout;60:1;157304;-1;-1
img2d;patrin;GCC-12;1024;64;4;24;ssandPile;ocl_hybrid_thick;default;4000;static;threads;C2_1024;4partout;60:1;127106;-1;-1
img2d;patrin;GCC-12;1024;64;4;24;ssandPile;ocl_hybrid_thick;default;4000;static;threads;C2_1024;4partout;60:1;127108;-1;-1
img2d;patrin;GCC-12;1024;64;4;24;ssandPile;ocl_hybrid_thick;default;4000;static;threads;C2_1024;4partout;60:1;124218;-1;-1
img2d;patrin;GCC-12;1024;64;4;24;ssandPile;ocl_hybrid_thick;default;4000;static;threads;C2_1024;4partout;60:1;126875;-1;-1
img2d;patrin;GCC-12;1024;64;4;24;ssandPile;ocl_hybrid_thick;default;4000;static;threads;C2_1024;4partout;60:1;128195;-1;-1
img2d;patrin;GCC-12;1024;64;4;24;ssandPile;ocl_hybrid_thick;default;4000;static;threads;C2_1024;4partout;60:1;188440;-1;-1
img2d;patrin;GCC-12;1024;64;4;24;ssandPile;ocl_hybrid_thick;default;4000;static;threads;C2_1024;4partout;60:1;125734;-1;-1
img2d;patrin;GCC-12;1024;64;4;24;ssandPile;ocl_hybrid_thick;default;4000;static;threads;C2_1024;4partout;60:1;126722;-1;-1
img2d;patrin;GCC-12;1024;64;4;24;ssandPile;ocl_hybrid_thick;default;4000;static;threads;C2_1024;4partout;60:1;127280;-1;-1
img2d;patrin;GCC-12;1024;64;4;24;ssandPile;ocl_hybrid_thick;default;4000;static;threads;C2_1024;4partout;60:1;126403;-1;-1
img2d;patrin;GCC-12;1024;64;4;24;ssandPile;ocl_hybrid_thick;default;4000;static;cores;C2_1024;4partout;60:1;125395;-1;-1
img2d;patrin;GCC-12;1024;64;4;24;ssandPile;ocl_hybrid_thick;default;4000;static;cores;C2_1024;4partout;60:1;127108;-1;-1
img2d;patrin;GCC-12;1024;64;4;24;ssandPile;ocl_hybrid_thick;default;4000;static;cores;C2_1024;4partout;60:1;199862;-1;-1
img2d;patrin;GCC-12;1024;64;4;24;ssandPile;ocl_hybrid_thick;default;4000;static;cores;C2_1024;4partout;60:1;126402;-1;-1
img2d;patrin;GCC-12;1024;64;4;24;ssandPile;ocl_hybrid_thick;default;4000;static;cores;C2_1024;4partout;60:1;127501;-1;-1
img2d;patrin;GCC-12;1024;64;4;24;ssandPile;ocl_hybrid_thick;default;4000;static;cores;C2_1024;4partout;60:1;124700;-1;-1
img2d;patrin;GCC-12;1024;64;4;24;ssandPile;ocl_hybrid_thick;default;4000;static;cores;C2_1024;4partout;60:1;129425;-1;-1
img2d;patrin;GCC-12;1024;64;4;24;ssandPile;ocl_hybrid_thick;default;4000;static;cores;C2_1024;4partout;60:1;127193;-1;-1
img2d;patrin;GCC-12;1024;64;4;24;ssandPile;ocl_hybrid_thick;default;4000;static;cores;C2_1024;4partout;60:1;126432;-1;-1
img2d;patrin;GCC-12;1024;64;4;24;ssandPile;ocl_hybrid_thick;default;4000;static;cores;C2_1024;4partout;60:1;157972;-1;-1
img2d;patrin;GCC-12;1024;64;4;24;ssandPile;ocl_hybrid_thick;default;4000;static;sockets;C2_1024;4partout;60:1;126417;-1;-1
img2d;patrin;GCC-12;1024;64;4;24;ssandPile;ocl_hybrid_thick;default;4000;static;sockets;C2_1024;4partout;60:1;126467;-1;-1
img2d;patrin;GCC-12;1024;64;4;24;ssandPile;ocl_hybrid_thick;default;4000;static;sockets;C2_1024;4partout;60:1;126504;-1;-1
img2d;patrin;GCC-12;1024;64;4;24;ssandPile;ocl_hybrid_thick;default;4000;static;sockets;C2_1024;4partout;60:1;126934;-1;-1
img2d;patrin;GCC-12;1024;64;4;24;ssandPile;ocl_hybrid_thick;default;4000;static;sockets;C2_1024;4partout;60:1;125515;-1;-1
img2d;patrin;GCC-12;1024;64;4;24;ssandPile;ocl_hybrid_thick;default;4000;static;sockets;C2_1024;4partout;60:1;189015;-1;-1
img2d;patrin;GCC-12;1024;64;4;24;ssandPile;ocl_hybrid_thick;default;4000;static;sockets;C2_1024;4partout;60:1;137258;-1;-1
img2d;patrin;GCC-12;1024;64;4;24;ssandPile;ocl_hybrid_thick;default;4000;static;sockets;C2_1024;4partout;60:1;125527;-1;-1
img2d;patrin;GCC-12;1024;64;4;24;ssandPile;ocl_hybrid_thick;default;4000;static;sockets;C2_1024;4partout;60:1;176845;-1;-1
img2d;patrin;GCC-12;1024;64;4;24;ssandPile;ocl_hybrid_thick;default;4000;static;sockets;C2_1024;4partout;60:1;125240;-1;-1
img2d;patrin;GCC-12;1024;64;8;24;ssandPile;ocl_hybrid_thick;default;4000;static;threads;C2_1024;4partout;60:1;115541;-1;-1
img2d;patrin;GCC-12;1024;64;8;24;ssandPile;ocl_hybrid_thick;default;4000;static;threads;C2_1024;4partout;60:1;156486;-1;-1
img2d;patrin;GCC-12;1024;64;8;24;ssandPile;ocl_hybrid_thick;default;4000;static;threads;C2_1024;4partout;60:1;115910;-1;-1
img2d;patrin;GCC-12;1024;64;8;24;ssandPile;ocl_hybrid_thick;default;4000;static;threads;C2_1024;4partout;60:1;115665;-1;-1
img2d;patrin;GCC-12;1024;64;8;24;ssandPile;ocl_hybrid_thick;default;4000;static;threads;C2_1024;4partout;60:1;116191;-1;-1
img2d;patrin;GCC-12;1024;64;8;24;ssandPile;ocl_hybrid_thick;default;4000;static;threads;C2_1024;4partout;60:1;113147;-1;-1
img2d;patrin;GCC-12;1024;64;8;24;ssandPile;ocl_hybrid_thick;default;4000;static;threads;C2_1024;4partout;60:1;118082;-1;-1
img2d;patrin;GCC-12;1024;64;8;24;ssandPile;ocl_hybrid_thick;default;4000;static;threads;C2_1024;4partout;60:1;115856;-1;-1
img2d;patrin;GCC-12;1024;64;8;24;ssandPile;ocl_hybrid_thick;default;4000;static;threads;C2_1024;4partout;60:1;162019;-1;-1
img2d;patrin;GCC-12;1024;64;8;24;ssandPile;ocl_hybrid_thick;default;4000;static;threads;C2_1024;4partout;60:1;113542;-1;-1
img2d;patrin;GCC-12;1024;64;8;24;ssandPile;ocl_hybrid_thick;default;4000;static;cores;C2_1024;4partout;60:1;115897;-1;-1
img2d;patrin;GCC-12;1024;64;8;24;ssandPile;ocl_hybrid_thick;default;4000;static;cores;C2_1024;4partout;60:1;115949;-1;-1
img2d;patrin;GCC-12;1024;64;8;24;ssandPile;ocl_hybrid_thick;default;4000;static;cores;C2_1024;4partout;60:1;129660;-1;-1
img2d;patrin;GCC-12;1024;64;8;24;ssandPile;ocl_hybrid_thick;default;4000;static;cores;C2_1024;4partout;60:1;116625;-1;-1
img2d;patrin;GCC-12;1024;64;8;24;ssandPile;ocl_hybrid_thick;default;4000;static;cores;C2_1024;4partout;60:1;131054;-1;-1
img2d;patrin;GCC-12;1024;64;8;24;ssandPile;ocl_hybrid_thick;default;4000;static;cores;C2_1024;4partout;60:1;196778;-1;-1
img2d;patrin;GCC-12;1024;64;8;24;ssandPile;ocl_hybrid_thick;default;4000;static;cores;C2_1024;4partout;60:1;115010;-1;-1
img2d;patrin;GCC-12;1024;64;8;24;ssandPile;ocl_hybrid_thick;default;4000;static;cores;C2_1024;4partout;60:1;115146;-1;-1
img2d;patrin;GCC-12;1024;64;8;24;ssandPile;ocl_hybrid_thick;default;4000;static;cores;C2_1024;4partout;60:1;116889;-1;-1
img2d;patrin;GCC-12;1024;64;8;24;ssandPile;ocl_hybrid_thick;default;4000;static;cores;C2_1024;4partout;60:1;117323;-1;-1
img2d;patrin;GCC-12;1024;64;8;24;ssandPile;ocl_hybrid_thick;default;4000;static;sockets;C2_1024;4partout;60:1;115826;-1;-1
img2d;patrin;GCC-12;1024;64;8;24;ssandPile;ocl_hybrid_thick;default;4000;static;sockets;C2_1024;4partout;60:1;117180;-1;-1
img2d;patrin;GCC-12;1024;64;8;24;ssandPile;ocl_hybrid_thick;default;4000;static;sockets;C2_1024;4partout;60:1;140273;-1;-1
img2d;patrin;GCC-12;1024;64;8;24;ssandPile;ocl_hybrid_thick;default;4000;static;sockets;C2_1024;4partout;60:1;117070;-1;-1
img2d;patrin;GCC-12;1024;64;8;24;ssandPile;ocl_hybrid_thick;default;4000;static;sockets;C2_1024;4partout;60:1;115455;-1;-1
img2d;patrin;GCC-12;1024;64;8;24;ssandPile;ocl_hybrid_thick;default;4000;static;sockets;C2_1024;4partout;60:1;116797;-1;-1
img2d;patrin;GCC-12;1024;64;8;24;ssandPile;ocl_hybrid_thick;default;4000;static;sockets;C2_1024;4partout;60:1;116000;-1;-1
img2d;patrin;GCC-12;1024;64;8;24;ssandPile;ocl_hybrid_thick;default;4000;static;sockets;C2_1024;4partout;60:1;115899;-1;-1
img2d;patrin;GCC-12;1024;64;8;24;ssandPile;ocl_hybrid_thick;default;4000;static;sockets;C2_1024;4partout;60:1;115456;-1;-1
img2d;patrin;GCC-12;1024;64;8;24;ssandPile;ocl_hybrid_thick;default;4000;static;sockets;C2_1024;4partout;60:1;114531;-1;-1
img2d;patrin;GCC-12;1024;64;16;24;ssandPile;ocl_hybrid_thick;default;4000;static;threads;C2_1024;4partout;60:1;157715;-1;-1
img2d;patrin;GCC-12;1024;64;16;24;ssandPile;ocl_hybrid_thick;default;4000;static;threads;C2_1024;4partout;60:1;143935;-1;-1
img2d;patrin;GCC-12;1024;64;16;24;ssandPile;ocl_hybrid_thick;default;4000;static;threads;C2_1024;4partout;60:1;143647;-1;-1
img2d;patrin;GCC-12;1024;64;16;24;ssandPile;ocl_hybrid_thick;default;4000;static;threads;C2_1024;4partout;60:1;143826;-1;-1
img2d;patrin;GCC-12;1024;64;16;24;ssandPile;ocl_hybrid_thick;default;4000;static;threads;C2_1024;4partout;60:1;144588;-1;-1
img2d;patrin;GCC-12;1024;64;16;24;ssandPile;ocl_hybrid_thick;default;4000;static;threads;C2_1024;4partout;60:1;221766;-1;-1
img2d;patrin;GCC-12;1024;64;16;24;ssandPile;ocl_hybrid_thick;default;4000;static;threads;C2_1024;4partout;60:1;145562;-1;-1
img2d;patrin;GCC-12;1024;64;16;24;ssandPile;ocl_hybrid_thick;default;4000;static;threads;C2_1024;4partout;60:1;205859;-1;-1
img2d;patrin;GCC-12;1024;64;16;24;ssandPile;ocl_hybrid_thick;default;4000;static;threads;C2_1024;4partout;60:1;147085;-1;-1
img2d;patrin;GCC-12;1024;64;16;24;ssandPile;ocl_hybrid_thick;default;4000;static;threads;C2_1024;4partout;60:1;145308;-1;-1
img2d;patrin;GCC-12;1024;64;16;24;ssandPile;ocl_hybrid_thick;default;4000;static;cores;C2_1024;4partout;60:1;143969;-1;-1
img2d;patrin;GCC-12;1024;64;16;24;ssandPile;ocl_hybrid_thick;default;4000;static;cores;C2_1024;4partout;60:1;207798;-1;-1
img2d;patrin;GCC-12;1024;64;16;24;ssandPile;ocl_hybrid_thick;default;4000;static;cores;C2_1024;4partout;60:1;143332;-1;-1
img2d;patrin;GCC-12;1024;64;16;24;ssandPile;ocl_hybrid_thick;default;4000;static;cores;C2_1024;4partout;60:1;143406;-1;-1
img2d;patrin;GCC-12;1024;64;16;24;ssandPile;ocl_hybrid_thick;default;4000;static;cores;C2_1024;4partout;60:1;143493;-1;-1
img2d;patrin;GCC-12;1024;64;16;24;ssandPile;ocl_hybrid_thick;default;4000;static;cores;C2_1024;4partout;60:1;174905;-1;-1
img2d;patrin;GCC-12;1024;64;16;24;ssandPile;ocl_hybrid_thick;default;4000;static;cores;C2_1024;4partout;60:1;144027;-1;-1
img2d;patrin;GCC-12;1024;64;16;24;ssandPile;ocl_hybrid_thick;default;4000;static;cores;C2_1024;4partout;60:1;144759;-1;-1
img2d;patrin;GCC-12;1024;64;16;24;ssandPile;ocl_hybrid_thick;default;4000;static;cores;C2_1024;4partout;60:1;144049;-1;-1
img2d;patrin;GCC-12;1024;64;16;24;ssandPile;ocl_hybrid_thick;default;4000;static;cores;C2_1024;4partout;60:1;146655;-1;-1
img2d;patrin;GCC-12;1024;64;16;24;ssandPile;ocl_hybrid_thick;default;4000;static;sockets;C2_1024;4partout;60:1;143473;-1;-1
img2d;patrin;GCC-12;1024;64;16;24;ssandPile;ocl_hybrid_thick;default;4000;static;sockets;C2_1024;4partout;60:1;140877;-1;-1
img2d;patrin;GCC-12;1024;64;16;24;ssandPile;ocl_hybrid_thick;default;4000;static;sockets;C2_1024;4partout;60:1;144595;-1;-1
img2d;patrin;GCC-12;1024;64;16;24;ssandPile;ocl_hybrid_thick;default;4000;static;sockets;C2_1024;4partout;60:1;145361;-1;-1
img2d;patrin;GCC-12;1024;64;16;24;ssandPile;ocl_hybrid_thick;default;4000;static;sockets;C2_1024;4partout;60:1;142493;-1;-1
img2d;patrin;GCC-12;1024;64;16;24;ssandPile;ocl_hybrid_thick;default;4000;static;sockets;C2_1024;4partout;60:1;147464;-1;-1
img2d;patrin;GCC-12;1024;64;16;24;ssandPile;ocl_hybrid_thick;default;4000;static;sockets;C2_1024;4partout;60:1;144132;-1;-1
img2d;patrin;GCC-12;1024;64;16;24;ssandPile;ocl_hybrid_thick;default;4000;static;sockets;C2_1024;4partout;60:1;143419;-1;-1
img2d;patrin;GCC-12;1024;64;16;24;ssandPile;ocl_hybrid_thick;default;4000;static;sockets;C2_1024;4partout;60:1;143377;-1;-1
img2d;patrin;GCC-12;1024;64;16;24;ssandPile;ocl_hybrid_thick;default;4000;static;sockets;C2_1024;4partout;60:1;144086;-1;-1
img2d;patrin;GCC-12;1024;128;4;24;ssandPile;ocl_hybrid_thick;default;4000;static;threads;C2_1024;4partout;60:1;223247;-1;-1
img2d;patrin;GCC-12;1024;128;4;24;ssandPile;ocl_hybrid_thick;default;4000;static;threads;C2_1024;4partout;60:1;130956;-1;-1
img2d;patrin;GCC-12;1024;128;4;24;ssandPile;ocl_hybrid_thick;default;4000;static;threads;C2_1024;4partout;60:1;133035;-1;-1
img2d;patrin;GCC-12;1024;128;4;24;ssandPile;ocl_hybrid_thick;default;4000;static;threads;C2_1024;4partout;60:1;129764;-1;-1
img2d;patrin;GCC-12;1024;128;4;24;ssandPile;ocl_hybrid_thick;default;4000;static;threads;C2_1024;4partout;60:1;135535;-1;-1
img2d;patrin;GCC-12;1024;128;4;24;ssandPile;ocl_hybrid_thick;default;4000;static;threads;C2_1024;4partout;60:1;129767;-1;-1
img2d;patrin;GCC-12;1024;128;4;24;ssandPile;ocl_hybrid_thick;default;4000;static;threads;C2_1024;4partout;60:1;130065;-1;-1
img2d;patrin;GCC-12;1024;128;4;24;ssandPile;ocl_hybrid_thick;default;4000;static;threads;C2_1024;4partout;60:1;131090;-1;-1
img2d;patrin;GCC-12;1024;128;4;24;ssandPile;ocl_hybrid_thick;default;4000;static;threads;C2_1024;4partout;60:1;130496;-1;-1
img2d;patrin;GCC-12;1024;128;4;24;ssandPile;ocl_hybrid_thick;default;4000;static;threads;C2_1024;4partout;60:1;129606;-1;-1
img2d;patrin;GCC-12;1024;128;4;24;ssandPile;ocl_hybrid_thick;default;4000;static;cores;C2_1024;4partout;60:1;142962;-1;-1
img2d;patrin;GCC-12;1024;128;4;24;ssandPile;ocl_hybrid_thick;default;4000;static;cores;C2_1024;4partout;60:1;129575;-1;-1
img2d;patrin;GCC-12;1024;128;4;24;ssandPile;ocl_hybrid_thick;default;4000;static;cores;C2_1024;4partout;60:1;131481;-1;-1
img2d;patrin;GCC-12;1024;128;4;24;ssandPile;ocl_hybrid_thick;default;4000;static;cores;C2_1024;4partout;60:1;130416;-1;-1
img2d;patrin;GCC-12;1024;128;4;24;ssandPile;ocl_hybrid_thick;default;4000;static;cores;C2_1024;4partout;60:1;131548;-1;-1
img2d;patrin;GCC-12;1024;128;4;24;ssandPile;ocl_hybrid_thick;default;4000;static;cores;C2_1024;4partout;60:1;130781;-1;-1
img2d;patrin;GCC-12;1024;128;4;24;ssandPile;ocl_hybrid_thick;default;4000;static;cores;C2_1024;4partout;60:1;130649;-1;-1
img2d;patrin;GCC-12;1024;128;4;24;ssandPile;ocl_hybrid_thick;default;4000;static;cores;C2_1024;4partout;60:1;129897;-1;-1
img2d;patrin;GCC-12;1024;128;4;24;ssandPile;ocl_hybrid_thick;default;4000;static;cores;C2_1024;4partout;60:1;130267;-1;-1
img2d;patrin;GCC-12;1024;128;4;24;ssandPile;ocl_hybrid_thick;default;4000;static;cores;C2_1024;4partout;60:1;130739;-1;-1
img2d;patrin;GCC-12;1024;128;4;24;ssandPile;ocl_hybrid_thick;default;4000;static;sockets;C2_1024;4partout;60:1;195708;-1;-1
img2d;patrin;GCC-12;1024;128;4;24;ssandPile;ocl_hybrid_thick;default;4000;static;sockets;C2_1024;4partout;60:1;128954;-1;-1
img2d;patrin;GCC-12;1024;128;4;24;ssandPile;ocl_hybrid_thick;default;4000;static;sockets;C2_1024;4partout;60:1;129962;-1;-1
img2d;patrin;GCC-12;1024;128;4;24;ssandPile;ocl_hybrid_thick;default;4000;static;sockets;C2_1024;4partout;60:1;129649;-1;-1
img2d;patrin;GCC-12;1024;128;4;24;ssandPile;ocl_hybrid_thick;default;4000;static;sockets;C2_1024;4partout;60:1;131600;-1;-1
img2d;patrin;GCC-12;1024;128;4;24;ssandPile;ocl_hybrid_thick;default;4000;static;sockets;C2_1024;4partout;60:1;130457;-1;-1
img2d;patrin;GCC-12;1024;128;4;24;ssandPile;ocl_hybrid_thick;default;4000;static;sockets;C2_1024;4partout;60:1;214723;-1;-1
img2d;patrin;GCC-12;1024;128;4;24;ssandPile;ocl_hybrid_thick;default;4000;static;sockets;C2_1024;4partout;60:1;130519;-1;-1
img2d;patrin;GCC-12;1024;128;4;24;ssandPile;ocl_hybrid_thick;default;4000;static;sockets;C2_1024;4partout;60:1;142214;-1;-1
img2d;patrin;GCC-12;1024;128;4;24;ssandPile;ocl_hybrid_thick;default;4000;static;sockets;C2_1024;4partout;60:1;130354;-1;-1
img2d;patrin;GCC-12;1024;128;8;24;ssandPile;ocl_hybrid_thick;default;4000;static;threads;C2_1024;4partout;60:1;150199;-1;-1
img2d;patrin;GCC-12;1024;128;8;24;ssandPile;ocl_hybrid_thick;default;4000;static;threads;C2_1024;4partout;60:1;152118;-1;-1
img2d;patrin;GCC-12;1024;128;8;24;ssandPile;ocl_hybrid_thick;default;4000;static;threads;C2_1024;4partout;60:1;192472;-1;-1
img2d;patrin;GCC-12;1024;128;8;24;ssandPile;ocl_hybrid_thick;default;4000;static;threads;C2_1024;4partout;60:1;151403;-1;-1
img2d;patrin;GCC-12;1024;128;8;24;ssandPile;ocl_hybrid_thick;default;4000;static;threads;C2_1024;4partout;60:1;148501;-1;-1
img2d;patrin;GCC-12;1024;128;8;24;ssandPile;ocl_hybrid_thick;default;4000;static;threads;C2_1024;4partout;60:1;149768;-1;-1
img2d;patrin;GCC-12;1024;128;8;24;ssandPile;ocl_hybrid_thick;default;4000;static;threads;C2_1024;4partout;60:1;149573;-1;-1
img2d;patrin;GCC-12;1024;128;8;24;ssandPile;ocl_hybrid_thick;default;4000;static;threads;C2_1024;4partout;60:1;148945;-1;-1
img2d;patrin;GCC-12;1024;128;8;24;ssandPile;ocl_hybrid_thick;default;4000;static;threads;C2_1024;4partout;60:1;149572;-1;-1
img2d;patrin;GCC-12;1024;128;8;24;ssandPile;ocl_hybrid_thick;default;4000;static;threads;C2_1024;4partout;60:1;149570;-1;-1
img2d;patrin;GCC-12;1024;128;8;24;ssandPile;ocl_hybrid_thick;default;4000;static;cores;C2_1024;4partout;60:1;148941;-1;-1
img2d;patrin;GCC-12;1024;128;8;24;ssandPile;ocl_hybrid_thick;default;4000;static;cores;C2_1024;4partout;60:1;149172;-1;-1
img2d;patrin;GCC-12;1024;128;8;24;ssandPile;ocl_hybrid_thick;default;4000;static;cores;C2_1024;4partout;60:1;148321;-1;-1
img2d;patrin;GCC-12;1024;128;8;24;ssandPile;ocl_hybrid_thick;default;4000;static;cores;C2_1024;4partout;60:1;150149;-1;-1
img2d;patrin;GCC-12;1024;128;8;24;ssandPile;ocl_hybrid_thick;default;4000;static;cores;C2_1024;4partout;60:1;150719;-1;-1
img2d;patrin;GCC-12;1024;128;8;24;ssandPile;ocl_hybrid_thick;default;4000;static;cores;C2_1024;4partout;60:1;218372;-1;-1
img2d;patrin;GCC-12;1024;128;8;24;ssandPile;ocl_hybrid_thick;default;4000;static;cores;C2_1024;4partout;60:1;148811;-1;-1
img2d;patrin;GCC-12;1024;128;8;24;ssandPile;ocl_hybrid_thick;default;4000;static;cores;C2_1024;4partout;60:1;164298;-1;-1
img2d;patrin;GCC-12;1024;128;8;24;ssandPile;ocl_hybrid_thick;default;4000;static;cores;C2_1024;4partout;60:1;150032;-1;-1
img2d;patrin;GCC-12;1024;128;8;24;ssandPile;ocl_hybrid_thick;default;4000;static;cores;C2_1024;4partout;60:1;148738;-1;-1
img2d;patrin;GCC-12;1024;128;8;24;ssandPile;ocl_hybrid_thick;default;4000;static;sockets;C2_1024;4partout;60:1;21094765;-1;-1
img2d;patrin;GCC-12;1024;128;8;24;ssandPile;ocl_hybrid_thick;default;4000;static;sockets;C2_1024;4partout;60:1;158875;-1;-1
img2d;patrin;GCC-12;1024;128;8;24;ssandPile;ocl_hybrid_thick;default;4000;static;sockets;C2_1024;4partout;60:1;150684;-1;-1
img2d;patrin;GCC-12;1024;128;8;24;ssandPile;ocl_hybrid_thick;default;4000;static;sockets;C2_1024;4partout;60:1;163975;-1;-1
img2d;patrin;GCC-12;1024;128;8;24;ssandPile;ocl_hybrid_thick;default;4000;static;sockets;C2_1024;4partout;60:1;150030;-1;-1
img2d;patrin;GCC-12;1024;128;8;24;ssandPile;ocl_hybrid_thick;default;4000;static;sockets;C2_1024;4partout;60:1;150419;-1;-1
img2d;patrin;GCC-12;1024;128;8;24;ssandPile;ocl_hybrid_thick;default;4000;static;sockets;C2_1024;4partout;60:1;213543;-1;-1
img2d;patrin;GCC-12;1024;128;8;24;ssandPile;ocl_hybrid_thick;default;4000;static;sockets;C2_1024;4partout;60:1;149612;-1;-1
img2d;patrin;GCC-12;1024;128;8;24;ssandPile;ocl_hybrid_thick;default;4000;static;sockets;C2_1024;4partout;60:1;150263;-1;-1
img2d;patrin;GCC-12;1024;128;8;24;ssandPile;ocl_hybrid_thick;default;4000;static;sockets;C2_1024;4partout;60:1;148502;-1;-1
img2d;patrin;GCC-12;1024;256;4;24;ssandPile;ocl_hybrid_thick;default;4000;static;threads;C2_1024;4partout;60:1;164027;-1;-1
img2d;patrin;GCC-12;1024;256;4;24;ssandPile;ocl_hybrid_thick;default;4000;static;threads;C2_1024;4partout;60:1;165096;-1;-1
img2d;patrin;GCC-12;1024;256;4;24;ssandPile;ocl_hybrid_thick;default;4000;static;threads;C2_1024;4partout;60:1;190774;-1;-1
img2d;patrin;GCC-12;1024;256;4;24;ssandPile;ocl_hybrid_thick;default;4000;static;threads;C2_1024;4partout;60:1;165476;-1;-1
img2d;patrin;GCC-12;1024;256;4;24;ssandPile;ocl_hybrid_thick;default;4000;static;threads;C2_1024;4partout;60:1;164883;-1;-1
img2d;patrin;GCC-12;1024;256;4;24;ssandPile;ocl_hybrid_thick;default;4000;static;threads;C2_1024;4partout;60:1;166943;-1;-1
img2d;patrin;GCC-12;1024;256;4;24;ssandPile;ocl_hybrid_thick;default;4000;static;threads;C2_1024;4partout;60:1;198466;-1;-1
img2d;patrin;GCC-12;1024;256;4;24;ssandPile;ocl_hybrid_thick;default;4000;static;threads;C2_1024;4partout;60:1;181518;-1;-1
img2d;patrin;GCC-12;1024;256;4;24;ssandPile;ocl_hybrid_thick;default;4000;static;threads;C2_1024;4partout;60:1;185445;-1;-1
img2d;patrin;GCC-12;1024;256;4;24;ssandPile;ocl_hybrid_thick;default;4000;static;threads;C2_1024;4partout;60:1;164173;-1;-1
img2d;patrin;GCC-12;1024;256;4;24;ssandPile;ocl_hybrid_thick;default;4000;static;cores;C2_1024;4partout;60:1;167175;-1;-1
img2d;patrin;GCC-12;1024;256;4;24;ssandPile;ocl_hybrid_thick;default;4000;static;cores;C2_1024;4partout;60:1;163299;-1;-1
img2d;patrin;GCC-12;1024;256;4;24;ssandPile;ocl_hybrid_thick;default;4000;static;cores;C2_1024;4partout;60:1;164644;-1;-1
img2d;patrin;GCC-12;1024;256;4;24;ssandPile;ocl_hybrid_thick;default;4000;static;cores;C2_1024;4partout;60:1;164899;-1;-1
img2d;patrin;GCC-12;1024;256;4;24;ssandPile;ocl_hybrid_thick;default;4000;static;cores;C2_1024;4partout;60:1;213147;-1;-1
img2d;patrin;GCC-12;1024;256;4;24;ssandPile;ocl_hybrid_thick;default;4000;static;cores;C2_1024;4partout;60:1;164813;-1;-1
img2d;patrin;GCC-12;1024;256;4;24;ssandPile;ocl_hybrid_thick;default;4000;static;cores;C2_1024;4partout;60:1;165303;-1;-1
img2d;patrin;GCC-12;1024;256;4;24;ssandPile;ocl_hybrid_thick;default;4000;static;cores;C2_1024;4partout;60:1;164376;-1;-1
img2d;patrin;GCC-12;1024;256;4;24;ssandPile;ocl_hybrid_thick;default;4000;static;cores;C2_1024;4partout;60:1;164215;-1;-1
img2d;patrin;GCC-12;1024;256;4;24;ssandPile;ocl_hybrid_thick;default;4000;static;cores;C2_1024;4partout;60:1;180126;-1;-1
img2d;patrin;GCC-12;1024;256;4;24;ssandPile;ocl_hybrid_thick;default;4000;static;sockets;C2_1024;4partout;60:1;239297;-1;-1
img2d;patrin;GCC-12;1024;256;4;24;ssandPile;ocl_hybrid_thick;default;4000;static;sockets;C2_1024;4partout;60:1;183343;-1;-1
img2d;patrin;GCC-12;1024;256;4;24;ssandPile;ocl_hybrid_thick;default;4000;static;sockets;C2_1024;4partout;60:1;166727;-1;-1
img2d;patrin;GCC-12;1024;256;4;24;ssandPile;ocl_hybrid_thick;default;4000;static;sockets;C2_1024;4partout;60:1;166067;-1;-1
img2d;patrin;GCC-12;1024;256;4;24;ssandPile;ocl_hybrid_thick;default;4000;static;sockets;C2_1024;4partout;60:1;163835;-1;-1
img2d;patrin;GCC-12;1024;256;4;24;ssandPile;ocl_hybrid_thick;default;4000;static;sockets;C2_1024;4partout;60:1;227054;-1;-1
img2d;patrin;GCC-12;1024;256;4;24;ssandPile;ocl_hybrid_thick;default;4000;static;sockets;C2_1024;4partout;60:1;2751656;-1;-1
img2d;patrin;GCC-12;1024;256;4;24;ssandPile;ocl_hybrid_thick;default;4000;static;sockets;C2_1024;4partout;60:1;271569;-1;-1
img2d;patrin;GCC-12;1024;256;4;24;ssandPile;ocl_hybrid_thick;default;4000;static;sockets;C2_1024;4partout;60:1;238247;-1;-1
img2d;patrin;GCC-12;1024;256;4;24;ssandPile;ocl_hybrid_thick;default;4000;static;sockets;C2_1024;4partout;60:1;17653931;-1;-1
img2d;patrin;GCC-12;2048;4;4;24;ssandPile;ocl_hybrid_thick;default;2000;static;threads;C3_2048;spirals;60:1;648644;-1;-1
img2d;patrin;GCC-12;2048;4;4;24;ssandPile;ocl_hybrid_thick;default;2000;static;threads;C3_2048;spirals;60:1;552683;-1;-1
img2d;patrin;GCC-12;2048;4;4;24;ssandPile;ocl_hybrid_thick;default;2000;static;threads;C3_2048;spirals;60:1;551977;-1;-1
img2d;patrin;GCC-12;2048;4;4;24;ssandPile;ocl_hybrid_thick;default;2000;static;threads;C3_2048;spirals;60:1;555034;-1;-1
img2d;patrin;GCC-12;2048;4;4;24;ssandPile;ocl_hybrid_thick;default;2000;static;threads;C3_2048;spirals;60:1;554465;-1;-1
img2d;patrin;GCC-12;2048;4;4;24;ssandPile;ocl_hybrid_thick;default;2000;static;threads;C3_2048;spirals;60:1;439875;-1;-1
img2d;patrin;GCC-12;2048;4;4;24;ssandPile;ocl_hybrid_thick;default;2000;static;threads;C3_2048;spirals;60:1;543098;-1;-1
img2d;patrin;GCC-12;2048;4;4;24;ssandPile;ocl_hybrid_thick;default;2000;static;threads;C3_2048;spirals;60:1;459110;-1;-1
img2d;patrin;GCC-12;2048;4;4;24;ssandPile;ocl_hybrid_thick;default;2000;static;threads;C3_2048;spirals;60:1;599689;-1;-1
img2d;patrin;GCC-12;2048;4;4;24;ssandPile;ocl_hybrid_thick;default;2000;static;threads;C3_2048;spirals;60:1;590336;-1;-1
img2d;patrin;GCC-12;2048;4;4;24;ssandPile;ocl_hybrid_thick;default;2000;static;cores;C3_2048;spirals;60:1;569704;-1;-1
img2d;patrin;GCC-12;2048;4;4;24;ssandPile;ocl_hybrid_thick;default;2000;static;cores;C3_2048;spirals;60:1;462226;-1;-1
img2d;patrin;GCC-12;2048;4;4;24;ssandPile;ocl_hybrid_thick;default;2000;static;cores;C3_2048;spirals;60:1;498340;-1;-1
img2d;patrin;GCC-12;2048;4;4;24;ssandPile;ocl_hybrid_thick;default;2000;static;cores;C3_2048;spirals;60:1;488536;-1;-1
img2d;patrin;GCC-12;2048;4;4;24;ssandPile;ocl_hybrid_thick;default;2000;static;cores;C3_2048;spirals;60:1;424233;-1;-1
img2d;patrin;GCC-12;2048;4;4;24;ssandPile;ocl_hybrid_thick;default;2000;static;cores;C3_2048;spirals;60:1;567862;-1;-1
img2d;patrin;GCC-12;2048;4;4;24;ssandPile;ocl_hybrid_thick;default;2000;static;cores;C3_2048;spirals;60:1;423382;-1;-1
img2d;patrin;GCC-12;2048;4;4;24;ssandPile;ocl_hybrid_thick;default;2000;static;cores;C3_2048;spirals;60:1;426378;-1;-1
img2d;patrin;GCC-12;2048;4;4;24;ssandPile;ocl_hybrid_thick;default;2000;static;cores;C3_2048;spirals;60:1;421638;-1;-1
img2d;patrin;GCC-12;2048;4;4;24;ssandPile;ocl_hybrid_thick;default;2000;static;cores;C3_2048;spirals;60:1;442781;-1;-1
img2d;patrin;GCC-12;2048;4;4;24;ssandPile;ocl_hybrid_thick;default;2000;static;sockets;C3_2048;spirals;60:1;548832;-1;-1
img2d;patrin;GCC-12;2048;4;4;24;ssandPile;ocl_hybrid_thick;default;2000;static;sockets;C3_2048;spirals;60:1;410031;-1;-1
img2d;patrin;GCC-12;2048;4;4;24;ssandPile;ocl_hybrid_thick;default;2000;static;sockets;C3_2048;spirals;60:1;493046;-1;-1
img2d;patrin;GCC-12;2048;4;4;24;ssandPile;ocl_hybrid_thick;default;2000;static;sockets;C3_2048;spirals;60:1;478199;-1;-1
img2d;patrin;GCC-12;2048;4;4;24;ssandPile;ocl_hybrid_thick;default;2000;static;sockets;C3_2048;spirals;60:1;489182;-1;-1
img2d;patrin;GCC-12;2048;4;4;24;ssandPile;ocl_hybrid_thick;default;2000;static;sockets;C3_2048;spirals;60:1;506824;-1;-1
img2d;patrin;GCC-12;2048;4;4;24;ssandPile;ocl_hybrid_thick;default;2000;static;sockets;C3_2048;spirals;60:1;13322705;-1;-1
img2d;patrin;GCC-12;2048;4;4;24;ssandPile;ocl_hybrid_thick;default;2000;static;sockets;C3_2048;spirals;60:1;680301;-1;-1
img2d;patrin;GCC-12;2048;4;4;24;ssandPile;ocl_hybrid_thick;default;2000;static;sockets;C3_2048;spirals;60:1;574811;-1;-1
img2d;patrin;GCC-12;2048;4;4;24;ssandPile;ocl_hybrid_thick;default;2000;static;sockets;C3_2048;spirals;60:1;417622;-1;-1
img2d;patrin;GCC-12;2048;4;8;24;ssandPile;ocl_hybrid_thick;default;2000;static;threads;C3_2048;spirals;60:1;403556;-1;-1
img2d;patrin;GCC-12;2048;4;8;24;ssandPile;ocl_hybrid_thick;default;2000;static;threads;C3_2048;spirals;60:1;390974;-1;-1
img2d;patrin;GCC-12;2048;4;8;24;ssandPile;ocl_hybrid_thick;default;2000;static;threads;C3_2048;spirals;60:1;376276;-1;-1
img2d;patrin;GCC-12;2048;4;8;24;ssandPile;ocl_hybrid_thick;default;2000;static;threads;C3_2048;spirals;60:1;482625;-1;-1
img2d;patrin;GCC-12;2048;4;8;24;ssandPile;ocl_hybrid_thick;default;2000;static;threads;C3_2048;spirals;60:1;497903;-1;-1
img2d;patrin;GCC-12;2048;4;8;24;ssandPile;ocl_hybrid_thick;default;2000;static;threads;C3_2048;spirals;60:1;429756;-1;-1
img2d;patrin;GCC-12;2048;4;8;24;ssandPile;ocl_hybrid_thick;default;2000;static;threads;C3_2048;spirals;60:1;473839;-1;-1
img2d;patrin;GCC-12;2048;4;8;24;ssandPile;ocl_hybrid_thick;default;2000;static;threads;C3_2048;spirals;60:1;406090;-1;-1
img2d;patrin;GCC-12;2048;4;8;24;ssandPile;ocl_hybrid_thick;default;2000;static;threads;C3_2048;spirals;60:1;398341;-1;-1
img2d;patrin;GCC-12;2048;4;8;24;ssandPile;ocl_hybrid_thick;default;2000;static;threads;C3_2048;spirals;60:1;366619;-1;-1
img2d;patrin;GCC-12;2048;4;8;24;ssandPile;ocl_hybrid_thick;default;2000;static;cores;C3_2048;spirals;60:1;499737;-1;-1
img2d;patrin;GCC-12;2048;4;8;24;ssandPile;ocl_hybrid_thick;default;2000;static;cores;C3_2048;spirals;60:1;392274;-1;-1
img2d;patrin;GCC-12;2048;4;8;24;ssandPile;ocl_hybrid_thick;default;2000;static;cores;C3_2048;spirals;60:1;398930;-1;-1
img2d;patrin;GCC-12;2048;4;8;24;ssandPile;ocl_hybrid_thick;default;2000;static;cores;C3_2048;spirals;60:1;488596;-1;-1
img2d;patrin;GCC-12;2048;4;8;24;ssandPile;ocl_hybrid_thick;default;2000;static;cores;C3_2048;spirals;60:1;375059;-1;-1
img2d;patrin;GCC-12;2048;4;8;24;ssandPile;ocl_hybrid_thick;default;2000;static;cores;C3_2048;spirals;60:1;392806;-1;-1
img2d;patrin;GCC-12;2048;4;8;24;ssandPile;ocl_hybrid_thick;default;2000;static;cores;C3_2048;spirals;60:1;443831;-1;-1
img2d;patrin;GCC-12;2048;4;8;24;ssandPile;ocl_hybrid_thick;default;2000;static;cores;C3_2048;spirals;60:1;387213;-1;-1
img2d;patrin;GCC-12;2048;4;8;24;ssandPile;ocl_hybrid_thick;default;2000;static;cores;C3_2048;spirals;60:1;554143;-1;-1
img2d;patrin;GCC-12;2048;4;8;24;ssandPile;ocl_hybrid_thick;default;2000;static;cores;C3_2048;spirals;60:1;395987;-1;-1
img2d;patrin;GCC-12;2048;4;8;24;ssandPile;ocl_hybrid_thick;default;2000;static;sockets;C3_2048;spirals;60:1;4473610;-1;-1
img2d;patrin;GCC-12;2048;4;8;24;ssandPile;ocl_hybrid_thick;default;2000;static;sockets;C3_2048;spirals;60:1;494656;-1;-1
img2d;patrin;GCC-12;2048;4;8;24;ssandPile;ocl_hybrid_thick;default;2000;static;sockets;C3_2048;spirals;60:1;393535;-1;-1
img2d;patrin;GCC-12;2048;4;8;24;ssandPile;ocl_hybrid_thick;default;2000;static;sockets;C3_2048;spirals;60:1;519769;-1;-1
img2d;patrin;GCC-12;2048;4;8;24;ssandPile;ocl_hybrid_thick;default;2000;static;sockets;C3_2048;spirals;60:1;396208;-1;-1
img2d;patrin;GCC-12;2048;4;8;24;ssandPile;ocl_hybrid_thick;default;2000;static;sockets;C3_2048;spirals;60:1;372495;-1;-1
img2d;patrin;GCC-12;2048;4;8;24;ssandPile;ocl_hybrid_thick;default;2000;static;sockets;C3_2048;spirals;60:1;510745;-1;-1
img2d;patrin;GCC-12;2048;4;8;24;ssandPile;ocl_hybrid_thick;default;2000;static;sockets;C3_2048;spirals;60:1;8224704;-1;-1
img2d;patrin;GCC-12;2048;4;8;24;ssandPile;ocl_hybrid_thick;default;2000;static;sockets;C3_2048;spirals;60:1;369916;-1;-1
img2d;patrin;GCC-12;2048;4;8;24;ssandPile;ocl_hybrid_thick;default;2000;static;sockets;C3_2048;spirals;60:1;431217;-1;-1
img2d;patrin;GCC-12;2048;4;16;24;ssandPile;ocl_hybrid_thick;default;2000;static;threads;C3_2048;spirals;60:1;473365;-1;-1
img2d;patrin;GCC-12;2048;4;16;24;ssandPile;ocl_hybrid_thick;default;2000;static;threads;C3_2048;spirals;60:1;362921;-1;-1
img2d;patrin;GCC-12;2048;4;16;24;ssandPile;ocl_hybrid_thick;default;2000;static;threads;C3_2048;spirals;60:1;420302;-1;-1
img2d;patrin;GCC-12;2048;4;16;24;ssandPile;ocl_hybrid_thick;default;2000;static;threads;C3_2048;spirals;60:1;375317;-1;-1
img2d;patrin;GCC-12;2048;4;16;24;ssandPile;ocl_hybrid_thick;default;2000;static;threads;C3_2048;spirals;60:1;451675;-1;-1
img2d;patrin;GCC-12;2048;4;16;24;ssandPile;ocl_hybrid_thick;default;2000;static;threads;C3_2048;spirals;60:1;374419;-1;-1
img2d;patrin;GCC-12;2048;4;16;24;ssandPile;ocl_hybrid_thick;default;2000;static;threads;C3_2048;spirals;60:1;393788;-1;-1
img2d;patrin;GCC-12;2048;4;16;24;ssandPile;ocl_hybrid_thick;default;2000;static;threads;C3_2048;spirals;60:1;411405;-1;-1
img2d;patrin;GCC-12;2048;4;16;24;ssandPile;ocl_hybrid_thick;default;2000;static;threads;C3_2048;spirals;60:1;373038;-1;-1
img2d;patrin;GCC-12;2048;4;16;24;ssandPile;ocl_hybrid_thick;default;2000;static;threads;C3_2048;spirals;60:1;389692;-1;-1
img2d;patrin;GCC-12;2048;4;16;24;ssandPile;ocl_hybrid_thick;default;2000;static;cores;C3_2048;spirals;60:1;483207;-1;-1
img2d;patrin;GCC-12;2048;4;16;24;ssandPile;ocl_hybrid_thick;default;2000;static;cores;C3_2048;spirals;60:1;439388;-1;-1
img2d;patrin;GCC-12;2048;4;16;24;ssandPile;ocl_hybrid_thick;default;2000;static;cores;C3_2048;spirals;60:1;387906;-1;-1
img2d;patrin;GCC-12;2048;4;16;24;ssandPile;ocl_hybrid_thick;default;2000;static;cores;C3_2048;spirals;60:1;382730;-1;-1
img2d;patrin;GCC-12;2048;4;16;24;ssandPile;ocl_hybrid_thick;default;2000;static;cores;C3_2048;spirals;60:1;461440;-1;-1
img2d;patrin;GCC-12;2048;4;16;24;ssandPile;ocl_hybrid_thick;default;2000;static;cores;C3_2048;spirals;60:1;350273;-1;-1
img2d;patrin;GCC-12;2048;4;16;24;ssandPile;ocl_hybrid_thick;default;2000;static;cores;C3_2048;spirals;60:1;393397;-1;-1
img2d;patrin;GCC-12;2048;4;16;24;ssandPile;ocl_hybrid_thick;default;2000;static;cores;C3_2048;spirals;60:1;372412;-1;-1
img2d;patrin;GCC-12;2048;4;16;24;ssandPile;ocl_hybrid_thick;default;2000;static;cores;C3_2048;spirals;60:1;441491;-1;-1
img2d;patrin;GCC-12;2048;4;16;24;ssandPile;ocl_hybrid_thick;default;2000;static;cores;C3_2048;spirals;60:1;377434;-1;-1
img2d;patrin;GCC-12;2048;4;16;24;ssandPile;ocl_hybrid_thick;default;2000;static;sockets;C3_2048;spirals;60:1;358409;-1;-1
img2d;patrin;GCC-12;2048;4;16;24;ssandPile;ocl_hybrid_thick;default;2000;static;sockets;C3_2048;spirals;60:1;2387133;-1;-1
img2d;patrin;GCC-12;2048;4;16;24;ssandPile;ocl_hybrid_thick;default;2000;static;sockets;C3_2048;spirals;60:1;376350;-1;-1
img2d;patrin;GCC-12;2048;4;16;24;ssandPile;ocl_hybrid_thick;default;2000;static;sockets;C3_2048;spirals;60:1;373758;-1;-1
img2d;patrin;GCC-12;2048;4;16;24;ssandPile;ocl_hybrid_thick;default;2000;static;sockets;C3_2048;spirals;60:1;377550;-1;-1
img2d;patrin;GCC-12;2048;4;16;24;ssandPile;ocl_hybrid_thick;default;2000;static;sockets;C3_2048;spirals;60:1;464353;-1;-1
img2d;patrin;GCC-12;2048;4;16;24;ssandPile;ocl_hybrid_thick;default;2000;static;sockets;C3_2048;spirals;60:1;367135;-1;-1
img2d;patrin;GCC-12;2048;4;16;24;ssandPile;ocl_hybrid_thick;default;2000;static;sockets;C3_2048;spirals;60:1;359644;-1;-1
img2d;patrin;GCC-12;2048;4;16;24;ssandPile;ocl_hybrid_thick;default;2000;static;sockets;C3_2048;spirals;60:1;5717722;-1;-1
img2d;patrin;GCC-12;2048;4;16;24;ssandPile;ocl_hybrid_thick;default;2000;static;sockets;C3_2048;spirals;60:1;383971;-1;-1
img2d;patrin;GCC-12;2048;4;32;24;ssandPile;ocl_hybrid_thick;default;2000;static;threads;C3_2048;spirals;60:1;419100;-1;-1
img2d;patrin;GCC-12;2048;4;32;24;ssandPile;ocl_hybrid_thick;default;2000;static;threads;C3_2048;spirals;60:1;386825;-1;-1
img2d;patrin;GCC-12;2048;4;32;24;ssandPile;ocl_hybrid_thick;default;2000;static;threads;C3_2048;spirals;60:1;396159;-1;-1
img2d;patrin;GCC-12;2048;4;32;24;ssandPile;ocl_hybrid_thick;default;2000;static;threads;C3_2048;spirals;60:1;463457;-1;-1
img2d;patrin;GCC-12;2048;4;32;24;ssandPile;ocl_hybrid_thick;default;2000;static;threads;C3_2048;spirals;60:1;377915;-1;-1
img2d;patrin;GCC-12;2048;4;32;24;ssandPile;ocl_hybrid_thick;default;2000;static;threads;C3_2048;spirals;60:1;388813;-1;-1
img2d;patrin;GCC-12;2048;4;32;24;ssandPile;ocl_hybrid_thick;default;2000;static;threads;C3_2048;spirals;60:1;384097;-1;-1
img2d;patrin;GCC-12;2048;4;32;24;ssandPile;ocl_hybrid_thick;default;2000;static;threads;C3_2048;spirals;60:1;438991;-1;-1
img2d;patrin;GCC-12;2048;4;32;24;ssandPile;ocl_hybrid_thick;default;2000;static;threads;C3_2048;spirals;60:1;383541;-1;-1
img2d;patrin;GCC-12;2048;4;32;24;ssandPile;ocl_hybrid_thick;default;2000;static;threads;C3_2048;spirals;60:1;389151;-1;-1
img2d;patrin;GCC-12;2048;4;32;24;ssandPile;ocl_hybrid_thick;default;2000;static;cores;C3_2048;spirals;60:1;472030;-1;-1
img2d;patrin;GCC-12;2048;4;32;24;ssandPile;ocl_hybrid_thick;default;2000;static;cores;C3_2048;spirals;60:1;367853;-1;-1
img2d;patrin;GCC-12;2048;4;32;24;ssandPile;ocl_hybrid_thick;default;2000;static;cores;C3_2048;spirals;60:1;386064;-1;-1
img2d;patrin;GCC-12;2048;4;32;24;ssandPile;ocl_hybrid_thick;default;2000;static;cores;C3_2048;spirals;60:1;367672;-1;-1
img2d;patrin;GCC-12;2048;4;32;24;ssandPile;ocl_hybrid_thick;default;2000;static;cores;C3_2048;spirals;60:1;442675;-1;-1
img2d;patrin;GCC-12;2048;4;32;24;ssandPile;ocl_hybrid_thick;default;2000;static;cores;C3_2048;spirals;60:1;405562;-1;-1
img2d;patrin;GCC-12;2048;4;32;24;ssandPile;ocl_hybrid_thick;default;2000;static;cores;C3_2048;spirals;60:1;378894;-1;-1
img2d;patrin;GCC-12;2048;4;32;24;ssandPile;ocl_hybrid_thick;default;2000;static;cores;C3_2048;spirals;60:1;462067;-1;-1
img2d;patrin;GCC-12;2048;4;32;24;ssandPile;ocl_hybrid_thick;default;2000;static;cores;C3_2048;spirals;60:1;373409;-1;-1
img2d;patrin;GCC-12;2048;4;32;24;ssandPile;ocl_hybrid_thick;default;2000;static;cores;C3_2048;spirals;60:1;374507;-1;-1
img2d;patrin;GCC-12;2048;4;32;24;ssandPile;ocl_hybrid_thick;default;2000;static;sockets;C3_2048;spirals;60:1;385585;-1;-1
img2d;patrin;GCC-12;2048;4;32;24;ssandPile;ocl_hybrid_thick;default;2000;static;sockets;C3_2048;spirals;60:1;458218;-1;-1
img2d;patrin;GCC-12;2048;4;32;24;ssandPile;ocl_hybrid_thick;default;2000;static;sockets;C3_2048;spirals;60:1;391897;-1;-1
img2d;patrin;GCC-12;2048;4;32;24;ssandPile;ocl_hybrid_thick;default;2000;static;sockets;C3_2048;spirals;60:1;392414;-1;-1
img2d;patrin;GCC-12;2048;4;32;24;ssandPile;ocl_hybrid_thick;default;2000;static;sockets;C3_2048;spirals;60:1;473894;-1;-1
img2d;patrin;GCC-12;2048;4;32;24;ssandPile;ocl_hybrid_thick;default;2000;static;sockets;C3_2048;spirals;60:1;393516;-1;-1
img2d;patrin;GCC-12;2048;4;32;24;ssandPile;ocl_hybrid_thick;default;2000;static;sockets;C3_2048;spirals;60:1;371653;-1;-1
img2d;patrin;GCC-12;2048;4;32;24;ssandPile;ocl_hybrid_thick;default;2000;static;sockets;C3_2048;spirals;60:1;390526;-1;-1
img2d;patrin;GCC-12;2048;4;32;24;ssandPile;ocl_hybrid_thick;default;2000;static;sockets;C3_2048;spirals;60:1;391072;-1;-1
img2d;patrin;GCC-12;2048;4;32;24;ssandPile;ocl_hybrid_thick;default;2000;static;sockets;C3_2048;spirals;60:1;428736;-1;-1
img2d;patrin;GCC-12;2048;4;64;24;ssandPile;ocl_hybrid_thick;default;2000;static;threads;C3_2048;spirals;60:1;438587;-1;-1
img2d;patrin;GCC-12;2048;4;64;24;ssandPile;ocl_hybrid_thick;default;2000;static;threads;C3_2048;spirals;60:1;466359;-1;-1
img2d;patrin;GCC-12;2048;4;64;24;ssandPile;ocl_hybrid_thick;default;2000;static;threads;C3_2048;spirals;60:1;407593;-1;-1
img2d;patrin;GCC-12;2048;4;64;24;ssandPile;ocl_hybrid_thick;default;2000;static;threads;C3_2048;spirals;60:1;406543;-1;-1
img2d;patrin;GCC-12;2048;4;64;24;ssandPile;ocl_hybrid_thick;default;2000;static;threads;C3_2048;spirals;60:1;444486;-1;-1
img2d;patrin;GCC-12;2048;4;64;24;ssandPile;ocl_hybrid_thick;default;2000;static;threads;C3_2048;spirals;60:1;398123;-1;-1
img2d;patrin;GCC-12;2048;4;64;24;ssandPile;ocl_hybrid_thick;default;2000;static;threads;C3_2048;spirals;60:1;403443;-1;-1
img2d;patrin;GCC-12;2048;4;64;24;ssandPile;ocl_hybrid_thick;default;2000;static;threads;C3_2048;spirals;60:1;543556;-1;-1
img2d;patrin;GCC-12;2048;4;64;24;ssandPile;ocl_hybrid_thick;default;2000;static;threads;C3_2048;spirals;60:1;417993;-1;-1
img2d;patrin;GCC-12;2048;4;64;24;ssandPile;ocl_hybrid_thick;default;2000;static;threads;C3_2048;spirals;60:1;403754;-1;-1
img2d;patrin;GCC-12;2048;4;64;24;ssandPile;ocl_hybrid_thick;default;2000;static;cores;C3_2048;spirals;60:1;400499;-1;-1
img2d;patrin;GCC-12;2048;4;64;24;ssandPile;ocl_hybrid_thick;default;2000;static;cores;C3_2048;spirals;60:1;472490;-1;-1
img2d;patrin;GCC-12;2048;4;64;24;ssandPile;ocl_hybrid_thick;default;2000;static;cores;C3_2048;spirals;60:1;397514;-1;-1
img2d;patrin;GCC-12;2048;4;64;24;ssandPile;ocl_hybrid_thick;default;2000;static;cores;C3_2048;spirals;60:1;405895;-1;-1
img2d;patrin;GCC-12;2048;4;64;24;ssandPile;ocl_hybrid_thick;default;2000;static;cores;C3_2048;spirals;60:1;400920;-1;-1
img2d;patrin;GCC-12;2048;4;64;24;ssandPile;ocl_hybrid_thick;default;2000;static;cores;C3_2048;spirals;60:1;404185;-1;-1
img2d;patrin;GCC-12;2048;4;64;24;ssandPile;ocl_hybrid_thick;default;2000;static;cores;C3_2048;spirals;60:1;403357;-1;-1
img2d;patrin;GCC-12;2048;4;64;24;ssandPile;ocl_hybrid_thick;default;2000;static;cores;C3_2048;spirals;60:1;405932;-1;-1
img2d;patrin;GCC-12;2048;4;64;24;ssandPile;ocl_hybrid_thick;default;2000;static;cores;C3_2048;spirals;60:1;490043;-1;-1
img2d;patrin;GCC-12;2048;4;64;24;ssandPile;ocl_hybrid_thick;default;2000;static;cores;C3_2048;spirals;60:1;400898;-1;-1
img2d;patrin;GCC-12;2048;4;64;24;ssandPile;ocl_hybrid_thick;default;2000;static;sockets;C3_2048;spirals;60:1;390472;-1;-1
img2d;patrin;GCC-12;2048;4;64;24;ssandPile;ocl_hybrid_thick;default;2000;static;sockets;C3_2048;spirals;60:1;475890;-1;-1
img2d;patrin;GCC-12;2048;4;64;24;ssandPile;ocl_hybrid_thick;default;2000;static;sockets;C3_2048;spirals;60:1;442109;-1;-1
img2d;patrin;GCC-12;2048;4;64;24;ssandPile;ocl_hybrid_thick;default;2000;static;sockets;C3_2048;spirals;60:1;2296959;-1;-1
img2d;patrin;GCC-12;2048;4;64;24;ssandPile;ocl_hybrid_thick;default;2000;static;sockets;C3_2048;spirals;60:1;395111;-1;-1
img2d;patrin;GCC-12;2048;4;64;24;ssandPile;ocl_hybrid_thick;default;2000;static;sockets;C3_2048;spirals;60:1;550713;-1;-1
img2d;patrin;GCC-12;2048;4;64;24;ssandPile;ocl_hybrid_thick;default;2000;static;sockets;C3_2048;spirals;60:1;406449;-1;-1
img2d;patrin;GCC-12;2048;4;64;24;ssandPile;ocl_hybrid_thick;default;2000;static;sockets;C3_2048;spirals;60:1;397096;-1;-1
img2d;patrin;GCC-12;2048;4;64;24;ssandPile;ocl_hybrid_thick;default;2000;static;sockets;C3_2048;spirals;60:1;479646;-1;-1
img2d;patrin;GCC-12;2048;4;64;24;ssandPile;ocl_hybrid_thick;default;2000;static;sockets;C3_2048;spirals;60:1;387375;-1;-1
img2d;patrin;GCC-12;2048;4;128;24;ssandPile;ocl_hybrid_thick;default;2000;static;threads;C3_2048;spirals;60:1;507814;-1;-1
img2d;patrin;GCC-12;2048;4;128;24;ssandPile;ocl_hybrid_thick;default;2000;static;threads;C3_2048;spirals;60:1;591391;-1;-1
img2d;patrin;GCC-12;2048;4;128;24;ssandPile;ocl_hybrid_thick;default;2000;static;threads;C3_2048;spirals;60:1;526317;-1;-1
img2d;patrin;GCC-12;2048;4;128;24;ssandPile;ocl_hybrid_thick;default;2000;static;threads;C3_2048;spirals;60:1;482270;-1;-1
img2d;patrin;GCC-12;2048;4;128;24;ssandPile;ocl_hybrid_thick;default;2000;static;threads;C3_2048;spirals;60:1;544391;-1;-1
img2d;patrin;GCC-12;2048;4;128;24;ssandPile;ocl_hybrid_thick;default;2000;static;threads;C3_2048;spirals;60:1;482114;-1;-1
img2d;patrin;GCC-12;2048;4;128;24;ssandPile;ocl_hybrid_thick;default;2000;static;threads;C3_2048;spirals;60:1;480617;-1;-1
img2d;patrin;GCC-12;2048;4;128;24;ssandPile;ocl_hybrid_thick;default;2000;static;threads;C3_2048;spirals;60:1;576892;-1;-1
img2d;patrin;GCC-12;2048;4;128;24;ssandPile;ocl_hybrid_thick;default;2000;static;threads;C3_2048;spirals;60:1;524676;-1;-1
img2d;patrin;GCC-12;2048;4;128;24;ssandPile;ocl_hybrid_thick;default;2000;static;threads;C3_2048;spirals;60:1;476840;-1;-1
img2d;patrin;GCC-12;2048;4;128;24;ssandPile;ocl_hybrid_thick;default;2000;static;cores;C3_2048;spirals;60:1;591072;-1;-1
img2d;patrin;GCC-12;2048;4;128;24;ssandPile;ocl_hybrid_thick;default;2000;static;cores;C3_2048;spirals;60:1;490829;-1;-1
img2d;patrin;GCC-12;2048;4;128;24;ssandPile;ocl_hybrid_thick;default;2000;static;cores;C3_2048;spirals;60:1;480254;-1;-1
img2d;patrin;GCC-12;2048;4;128;24;ssandPile;ocl_hybrid_thick;default;2000;static;cores;C3_2048;spirals;60:1;528197;-1;-1
img2d;patrin;GCC-12;2048;4;128;24;ssandPile;ocl_hybrid_thick;default;2000;static;cores;C3_2048;spirals;60:1;499459;-1;-1
img2d;patrin;GCC-12;2048;4;128;24;ssandPile;ocl_hybrid_thick;default;2000;static;cores;C3_2048;spirals;60:1;478835;-1;-1
img2d;patrin;GCC-12;2048;4;128;24;ssandPile;ocl_hybrid_thick;default;2000;static;cores;C3_2048;spirals;60:1;541620;-1;-1
img2d;patrin;GCC-12;2048;4;128;24;ssandPile;ocl_hybrid_thick;default;2000;static;cores;C3_2048;spirals;60:1;485454;-1;-1
img2d;patrin;GCC-12;2048;4;128;24;ssandPile;ocl_hybrid_thick;default;2000;static;cores;C3_2048;spirals;60:1;483493;-1;-1
img2d;patrin;GCC-12;2048;4;128;24;ssandPile;ocl_hybrid_thick;default;2000;static;cores;C3_2048;spirals;60:1;553042;-1;-1
img2d;patrin;GCC-12;2048;4;128;24;ssandPile;ocl_hybrid_thick;default;2000;static;sockets;C3_2048;spirals;60:1;5638453;-1;-1
img2d;patrin;GCC-12;2048;4;128;24;ssandPile;ocl_hybrid_thick;default;2000;static;sockets;C3_2048;spirals;60:1;523573;-1;-1
img2d;patrin;GCC-12;2048;4;128;24;ssandPile;ocl_hybrid_thick;default;2000;static;sockets;C3_2048;spirals;60:1;488942;-1;-1
img2d;patrin;GCC-12;2048;4;128;24;ssandPile;ocl_hybrid_thick;default;2000;static;sockets;C3_2048;spirals;60:1;16001525;-1;-1
img2d;patrin;GCC-12;2048;4;128;24;ssandPile;ocl_hybrid_thick;default;2000;static;sockets;C3_2048;spirals;60:1;446449;-1;-1
img2d;patrin;GCC-12;2048;4;128;24;ssandPile;ocl_hybrid_thick;default;2000;static;sockets;C3_2048;spirals;60:1;499697;-1;-1
img2d;patrin;GCC-12;2048;4;128;24;ssandPile;ocl_hybrid_thick;default;2000;static;sockets;C3_2048;spirals;60:1;482458;-1;-1
img2d;patrin;GCC-12;2048;4;128;24;ssandPile;ocl_hybrid_thick;default;2000;static;sockets;C3_2048;spirals;60:1;3328805;-1;-1
img2d;patrin;GCC-12;2048;4;128;24;ssandPile;ocl_hybrid_thick;default;2000;static;sockets;C3_2048;spirals;60:1;475061;-1;-1
img2d;patrin;GCC-12;2048;4;128;24;ssandPile;ocl_hybrid_thick;default;2000;static;sockets;C3_2048;spirals;60:1;6434259;-1;-1
img2d;patrin;GCC-12;2048;4;256;24;ssandPile;ocl_hybrid_thick;default;2000;static;threads;C3_2048;spirals;60:1;650939;-1;-1
img2d;patrin;GCC-12;2048;4;256;24;ssandPile;ocl_hybrid_thick;default;2000;static;threads;C3_2048;spirals;60:1;694612;-1;-1
img2d;patrin;GCC-12;2048;4;256;24;ssandPile;ocl_hybrid_thick;default;2000;static;threads;C3_2048;spirals;60:1;733275;-1;-1
img2d;patrin;GCC-12;2048;4;256;24;ssandPile;ocl_hybrid_thick;default;2000;static;threads;C3_2048;spirals;60:1;730533;-1;-1
img2d;patrin;GCC-12;2048;4;256;24;ssandPile;ocl_hybrid_thick;default;2000;static;threads;C3_2048;spirals;60:1;741152;-1;-1
img2d;patrin;GCC-12;2048;4;256;24;ssandPile;ocl_hybrid_thick;default;2000;static;threads;C3_2048;spirals;60:1;658962;-1;-1
img2d;patrin;GCC-12;2048;4;256;24;ssandPile;ocl_hybrid_thick;default;2000;static;threads;C3_2048;spirals;60:1;664769;-1;-1
img2d;patrin;GCC-12;2048;4;256;24;ssandPile;ocl_hybrid_thick;default;2000;static;threads;C3_2048;spirals;60:1;754853;-1;-1
img2d;patrin;GCC-12;2048;4;256;24;ssandPile;ocl_hybrid_thick;default;2000;static;threads;C3_2048;spirals;60:1;688048;-1;-1
img2d;patrin;GCC-12;2048;4;256;24;ssandPile;ocl_hybrid_thick;default;2000;static;threads;C3_2048;spirals;60:1;740748;-1;-1
img2d;patrin;GCC-12;2048;4;256;24;ssandPile;ocl_hybrid_thick;default;2000;static;cores;C3_2048;spirals;60:1;674931;-1;-1
img2d;patrin;GCC-12;2048;4;256;24;ssandPile;ocl_hybrid_thick;default;2000;static;cores;C3_2048;spirals;60:1;753238;-1;-1
img2d;patrin;GCC-12;2048;4;256;24;ssandPile;ocl_hybrid_thick;default;2000;static;cores;C3_2048;spirals;60:1;667962;-1;-1
img2d;patrin;GCC-12;2048;4;256;24;ssandPile;ocl_hybrid_thick;default;2000;static;cores;C3_2048;spirals;60:1;666957;-1;-1
img2d;patrin;GCC-12;2048;4;256;24;ssandPile;ocl_hybrid_thick;default;2000;static;cores;C3_2048;spirals;60:1;746499;-1;-1
img2d;patrin;GCC-12;2048;4;256;24;ssandPile;ocl_hybrid_thick;default;2000;static;cores;C3_2048;spirals;60:1;671389;-1;-1
img2d;patrin;GCC-12;2048;4;256;24;ssandPile;ocl_hybrid_thick;default;2000;static;cores;C3_2048;spirals;60:1;745454;-1;-1
img2d;patrin;GCC-12;2048;4;256;24;ssandPile;ocl_hybrid_thick;default;2000;static;cores;C3_2048;spirals;60:1;676560;-1;-1
img2d;patrin;GCC-12;2048;4;256;24;ssandPile;ocl_hybrid_thick;default;2000;static;cores;C3_2048;spirals;60:1;665939;-1;-1
img2d;patrin;GCC-12;2048;4;256;24;ssandPile;ocl_hybrid_thick;default;2000;static;cores;C3_2048;spirals;60:1;660617;-1;-1
img2d;patrin;GCC-12;2048;4;256;24;ssandPile;ocl_hybrid_thick;default;2000;static;sockets;C3_2048;spirals;60:1;681057;-1;-1
img2d;patrin;GCC-12;2048;4;256;24;ssandPile;ocl_hybrid_thick;default;2000;static;sockets;C3_2048;spirals;60:1;724150;-1;-1
img2d;patrin;GCC-12;2048;4;256;24;ssandPile;ocl_hybrid_thick;default;2000;static;sockets;C3_2048;spirals;60:1;668936;-1;-1
img2d;patrin;GCC-12;2048;4;256;24;ssandPile;ocl_hybrid_thick;default;2000;static;sockets;C3_2048;spirals;60:1;5291206;-1;-1
img2d;patrin;GCC-12;2048;4;256;24;ssandPile;ocl_hybrid_thick;default;2000;static;sockets;C3_2048;spirals;60:1;737146;-1;-1
img2d;patrin;GCC-12;2048;4;256;24;ssandPile;ocl_hybrid_thick;default;2000;static;sockets;C3_2048;spirals;60:1;757143;-1;-1
img2d;patrin;GCC-12;2048;4;256;24;ssandPile;ocl_hybrid_thick;default;2000;static;sockets;C3_2048;spirals;60:1;668114;-1;-1
img2d;patrin;GCC-12;2048;4;256;24;ssandPile;ocl_hybrid_thick;default;2000;static;sockets;C3_2048;spirals;60:1;7690920;-1;-1
img2d;patrin;GCC-12;2048;4;256;24;ssandPile;ocl_hybrid_thick;default;2000;static;sockets;C3_2048;spirals;60:1;2622620;-1;-1
img2d;patrin;GCC-12;2048;4;256;24;ssandPile;ocl_hybrid_thick;default;2000;static;sockets;C3_2048;spirals;60:1;647842;-1;-1
img2d;patrin;GCC-12;2048;8;4;24;ssandPile;ocl_hybrid_thick;default;2000;static;threads;C3_2048;spirals;60:1;236895;-1;-1
img2d;patrin;GCC-12;2048;8;4;24;ssandPile;ocl_hybrid_thick;default;2000;static;threads;C3_2048;spirals;60:1;321008;-1;-1
img2d;patrin;GCC-12;2048;8;4;24;ssandPile;ocl_hybrid_thick;default;2000;static;threads;C3_2048;spirals;60:1;230780;-1;-1
img2d;patrin;GCC-12;2048;8;4;24;ssandPile;ocl_hybrid_thick;default;2000;static;threads;C3_2048;spirals;60:1;251801;-1;-1
img2d;patrin;GCC-12;2048;8;4;24;ssandPile;ocl_hybrid_thick;default;2000;static;threads;C3_2048;spirals;60:1;234798;-1;-1
img2d;patrin;GCC-12;2048;8;4;24;ssandPile;ocl_hybrid_thick;default;2000;static;threads;C3_2048;spirals;60:1;244336;-1;-1
img2d;patrin;GCC-12;2048;8;4;24;ssandPile;ocl_hybrid_thick;default;2000;static;threads;C3_2048;spirals;60:1;235876;-1;-1
img2d;patrin;GCC-12;2048;8;4;24;ssandPile;ocl_hybrid_thick;default;2000;static;threads;C3_2048;spirals;60:1;314714;-1;-1
img2d;patrin;GCC-12;2048;8;4;24;ssandPile;ocl_hybrid_thick;default;2000;static;threads;C3_2048;spirals;60:1;230993;-1;-1
img2d;patrin;GCC-12;2048;8;4;24;ssandPile;ocl_hybrid_thick;default;2000;static;threads;C3_2048;spirals;60:1;235235;-1;-1
img2d;patrin;GCC-12;2048;8;4;24;ssandPile;ocl_hybrid_thick;default;2000;static;cores;C3_2048;spirals;60:1;232851;-1;-1
img2d;patrin;GCC-12;2048;8;4;24;ssandPile;ocl_hybrid_thick;default;2000;static;cores;C3_2048;spirals;60:1;259432;-1;-1
img2d;patrin;GCC-12;2048;8;4;24;ssandPile;ocl_hybrid_thick;default;2000;static;cores;C3_2048;spirals;60:1;308571;-1;-1
img2d;patrin;GCC-12;2048;8;4;24;ssandPile;ocl_hybrid_thick;default;2000;static;cores;C3_2048;spirals;60:1;233146;-1;-1
img2d;patrin;GCC-12;2048;8;4;24;ssandPile;ocl_hybrid_thick;default;2000;static;cores;C3_2048;spirals;60:1;234833;-1;-1
img2d;patrin;GCC-12;2048;8;4;24;ssandPile;ocl_hybrid_thick;default;2000;static;cores;C3_2048;spirals;60:1;235405;-1;-1
img2d;patrin;GCC-12;2048;8;4;24;ssandPile;ocl_hybrid_thick;default;2000;static;cores;C3_2048;spirals;60:1;252364;-1;-1
img2d;patrin;GCC-12;2048;8;4;24;ssandPile;ocl_hybrid_thick;default;2000;static;cores;C3_2048;spirals;60:1;274192;-1;-1
img2d;patrin;GCC-12;2048;8;4;24;ssandPile;ocl_hybrid_thick;default;2000;static;cores;C3_2048;spirals;60:1;230521;-1;-1
img2d;patrin;GCC-12;2048;8;4;24;ssandPile;ocl_hybrid_thick;default;2000;static;cores;C3_2048;spirals;60:1;232725;-1;-1
img2d;patrin;GCC-12;2048;8;4;24;ssandPile;ocl_hybrid_thick;default;2000;static;sockets;C3_2048;spirals;60:1;244046;-1;-1
img2d;patrin;GCC-12;2048;8;4;24;ssandPile;ocl_hybrid_thick;default;2000;static;sockets;C3_2048;spirals;60:1;236530;-1;-1
img2d;patrin;GCC-12;2048;8;4;24;ssandPile;ocl_hybrid_thick;default;2000;static;sockets;C3_2048;spirals;60:1;244975;-1;-1
img2d;patrin;GCC-12;2048;8;4;24;ssandPile;ocl_hybrid_thick;default;2000;static;sockets;C3_2048;spirals;60:1;16004482;-1;-1
img2d;patrin;GCC-12;2048;8;4;24;ssandPile;ocl_hybrid_thick;default;2000;static;sockets;C3_2048;spirals;60:1;238118;-1;-1
img2d;patrin;GCC-12;2048;8;4;24;ssandPile;ocl_hybrid_thick;default;2000;static;sockets;C3_2048;spirals;60:1;241005;-1;-1
img2d;patrin;GCC-12;2048;8;4;24;ssandPile;ocl_hybrid_thick;default;2000;static;sockets;C3_2048;spirals;60:1;238488;-1;-1
img2d;patrin;GCC-12;2048;8;4;24;ssandPile;ocl_hybrid_thick;default;2000;static;sockets;C3_2048;spirals;60:1;233206;-1;-1
img2d;patrin;GCC-12;2048;8;4;24;ssandPile;ocl_hybrid_thick;default;2000;static;sockets;C3_2048;spirals;60:1;291177;-1;-1
img2d;patrin;GCC-12;2048;8;4;24;ssandPile;ocl_hybrid_thick;default;2000;static;sockets;C3_2048;spirals;60:1;262805;-1;-1
img2d;patrin;GCC-12;2048;8;8;24;ssandPile;ocl_hybrid_thick;default;2000;static;threads;C3_2048;spirals;60:1;212796;-1;-1
img2d;patrin;GCC-12;2048;8;8;24;ssandPile;ocl_hybrid_thick;default;2000;static;threads;C3_2048;spirals;60:1;211481;-1;-1
img2d;patrin;GCC-12;2048;8;8;24;ssandPile;ocl_hybrid_thick;default;2000;static;threads;C3_2048;spirals;60:1;208499;-1;-1
img2d;patrin;GCC-12;2048;8;8;24;ssandPile;ocl_hybrid_thick;default;2000;static;threads;C3_2048;spirals;60:1;210355;-1;-1
img2d;patrin;GCC-12;2048;8;8;24;ssandPile;ocl_hybrid_thick;default;2000;static;threads;C3_2048;spirals;60:1;214548;-1;-1
img2d;patrin;GCC-12;2048;8;8;24;ssandPile;ocl_hybrid_thick;default;2000;static;threads;C3_2048;spirals;60:1;213300;-1;-1
img2d;patrin;GCC-12;2048;8;8;24;ssandPile;ocl_hybrid_thick;default;2000;static;threads;C3_2048;spirals;60:1;208926;-1;-1
img2d;patrin;GCC-12;2048;8;8;24;ssandPile;ocl_hybrid_thick;default;2000;static;threads;C3_2048;spirals;60:1;223355;-1;-1
img2d;patrin;GCC-12;2048;8;8;24;ssandPile;ocl_hybrid_thick;default;2000;static;threads;C3_2048;spirals;60:1;238549;-1;-1
img2d;patrin;GCC-12;2048;8;8;24;ssandPile;ocl_hybrid_thick;default;2000;static;threads;C3_2048;spirals;60:1;202222;-1;-1
img2d;patrin;GCC-12;2048;8;8;24;ssandPile;ocl_hybrid_thick;default;2000;static;cores;C3_2048;spirals;60:1;203764;-1;-1
img2d;patrin;GCC-12;2048;8;8;24;ssandPile;ocl_hybrid_thick;default;2000;static;cores;C3_2048;spirals;60:1;211244;-1;-1
img2d;patrin;GCC-12;2048;8;8;24;ssandPile;ocl_hybrid_thick;default;2000;static;cores;C3_2048;spirals;60:1;203954;-1;-1
img2d;patrin;GCC-12;2048;8;8;24;ssandPile;ocl_hybrid_thick;default;2000;static;cores;C3_2048;spirals;60:1;281990;-1;-1
img2d;patrin;GCC-12;2048;8;8;24;ssandPile;ocl_hybrid_thick;default;2000;static;cores;C3_2048;spirals;60:1;211331;-1;-1
img2d;patrin;GCC-12;2048;8;8;24;ssandPile;ocl_hybrid_thick;default;2000;static;cores;C3_2048;spirals;60:1;206205;-1;-1
img2d;patrin;GCC-12;2048;8;8;24;ssandPile;ocl_hybrid_thick;default;2000;static;cores;C3_2048;spirals;60:1;211404;-1;-1
img2d;patrin;GCC-12;2048;8;8;24;ssandPile;ocl_hybrid_thick;default;2000;static;cores;C3_2048;spirals;60:1;205533;-1;-1
img2d;patrin;GCC-12;2048;8;8;24;ssandPile;ocl_hybrid_thick;default;2000;static;cores;C3_2048;spirals;60:1;270498;-1;-1
img2d;patrin;GCC-12;2048;8;8;24;ssandPile;ocl_hybrid_thick;default;2000;static;cores;C3_2048;spirals;60:1;226309;-1;-1
img2d;patrin;GCC-12;2048;8;8;24;ssandPile;ocl_hybrid_thick;default;2000;static;sockets;C3_2048;spirals;60:1;208436;-1;-1
img2d;patrin;GCC-12;2048;8;8;24;ssandPile;ocl_hybrid_thick;default;2000;static;sockets;C3_2048;spirals;60:1;274241;-1;-1
img2d;patrin;GCC-12;2048;8;8;24;ssandPile;ocl_hybrid_thick;default;2000;static;sockets;C3_2048;spirals;60:1;207716;-1;-1
img2d;patrin;GCC-12;2048;8;8;24;ssandPile;ocl_hybrid_thick;default;2000;static;sockets;C3_2048;spirals;60:1;206540;-1;-1
img2d;patrin;GCC-12;2048;8;8;24;ssandPile;ocl_hybrid_thick;default;2000;static;sockets;C3_2048;spirals;60:1;210889;-1;-1
img2d;patrin;GCC-12;2048;8;8;24;ssandPile;ocl_hybrid_thick;default;2000;static;sockets;C3_2048;spirals;60:1;204250;-1;-1
img2d;patrin;GCC-12;2048;8;8;24;ssandPile;ocl_hybrid_thick;default;2000;static;sockets;C3_2048;spirals;60:1;224697;-1;-1
img2d;patrin;GCC-12;2048;8;8;24;ssandPile;ocl_hybrid_thick;default;2000;static;sockets;C3_2048;spirals;60:1;294717;-1;-1
img2d;patrin;GCC-12;2048;8;8;24;ssandPile;ocl_hybrid_thick;default;2000;static;sockets;C3_2048;spirals;60:1;211713;-1;-1
img2d;patrin;GCC-12;2048;8;8;24;ssandPile;ocl_hybrid_thick;default;2000;static;sockets;C3_2048;spirals;60:1;211525;-1;-1
img2d;patrin;GCC-12;2048;8;16;24;ssandPile;ocl_hybrid_thick;default;2000;static;threads;C3_2048;spirals;60:1;223103;-1;-1
img2d;patrin;GCC-12;2048;8;16;24;ssandPile;ocl_hybrid_thick;default;2000;static;threads;C3_2048;spirals;60:1;206309;-1;-1
img2d;patrin;GCC-12;2048;8;16;24;ssandPile;ocl_hybrid_thick;default;2000;static;threads;C3_2048;spirals;60:1;266115;-1;-1
img2d;patrin;GCC-12;2048;8;16;24;ssandPile;ocl_hybrid_thick;default;2000;static;threads;C3_2048;spirals;60:1;197692;-1;-1
img2d;patrin;GCC-12;2048;8;16;24;ssandPile;ocl_hybrid_thick;default;2000;static;threads;C3_2048;spirals;60:1;201568;-1;-1
img2d;patrin;GCC-12;2048;8;16;24;ssandPile;ocl_hybrid_thick;default;2000;static;threads;C3_2048;spirals;60:1;206543;-1;-1
img2d;patrin;GCC-12;2048;8;16;24;ssandPile;ocl_hybrid_thick;default;2000;static;threads;C3_2048;spirals;60:1;196531;-1;-1
img2d;patrin;GCC-12;2048;8;16;24;ssandPile;ocl_hybrid_thick;default;2000;static;threads;C3_2048;spirals;60:1;272604;-1;-1
img2d;patrin;GCC-12;2048;8;16;24;ssandPile;ocl_hybrid_thick;default;2000;static;threads;C3_2048;spirals;60:1;220911;-1;-1
img2d;patrin;GCC-12;2048;8;16;24;ssandPile;ocl_hybrid_thick;default;2000;static;threads;C3_2048;spirals;60:1;205674;-1;-1
img2d;patrin;GCC-12;2048;8;16;24;ssandPile;ocl_hybrid_thick;default;2000;static;cores;C3_2048;spirals;60:1;203618;-1;-1
img2d;patrin;GCC-12;2048;8;16;24;ssandPile;ocl_hybrid_thick;default;2000;static;cores;C3_2048;spirals;60:1;205994;-1;-1
img2d;patrin;GCC-12;2048;8;16;24;ssandPile;ocl_hybrid_thick;default;2000;static;cores;C3_2048;spirals;60:1;277586;-1;-1
img2d;patrin;GCC-12;2048;8;16;24;ssandPile;ocl_hybrid_thick;default;2000;static;cores;C3_2048;spirals;60:1;199227;-1;-1
img2d;patrin;GCC-12;2048;8;16;24;ssandPile;ocl_hybrid_thick;default;2000;static;cores;C3_2048;spirals;60:1;202851;-1;-1
img2d;patrin;GCC-12;2048;8;16;24;ssandPile;ocl_hybrid_thick;default;2000;static;cores;C3_2048;spirals;60:1;205958;-1;-1
img2d;patrin;GCC-12;2048;8;16;24;ssandPile;ocl_hybrid_thick;default;2000;static;cores;C3_2048;spirals;60:1;212241;-1;-1
img2d;patrin;GCC-12;2048;8;16;24;ssandPile;ocl_hybrid_thick;default;2000;static;cores;C3_2048;spirals;60:1;201883;-1;-1
img2d;patrin;GCC-12;2048;8;16;24;ssandPile;ocl_hybrid_thick;default;2000;static;cores;C3_2048;spirals;60:1;196828;-1;-1
img2d;patrin;GCC-12;2048;8;16;24;ssandPile;ocl_hybrid_thick;default;2000;static;cores;C3_2048;spirals;60:1;204884;-1;-1
img2d;patrin;GCC-12;2048;8;16;24;ssandPile;ocl_hybrid_thick;default;2000;static;sockets;C3_2048;spirals;60:1;230107;-1;-1
img2d;patrin;GCC-12;2048;8;16;24;ssandPile;ocl_hybrid_thick;default;2000;static;sockets;C3_2048;spirals;60:1;202979;-1;-1
img2d;patrin;GCC-12;2048;8;16;24;ssandPile;ocl_hybrid_thick;default;2000;static;sockets;C3_2048;spirals;60:1;216497;-1;-1
img2d;patrin;GCC-12;2048;8;16;24;ssandPile;ocl_hybrid_thick;default;2000;static;sockets;C3_2048;spirals;60:1;211452;-1;-1
img2d;patrin;GCC-12;2048;8;16;24;ssandPile;ocl_hybrid_thick;default;2000;static;sockets;C3_2048;spirals;60:1;219127;-1;-1
img2d;patrin;GCC-12;2048;8;16;24;ssandPile;ocl_hybrid_thick;default;2000;static;sockets;C3_2048;spirals;60:1;210699;-1;-1
img2d;patrin;GCC-12;2048;8;16;24;ssandPile;ocl_hybrid_thick;default;2000;static;sockets;C3_2048;spirals;60:1;207544;-1;-1
img2d;patrin;GCC-12;2048;8;16;24;ssandPile;ocl_hybrid_thick;default;2000;static;sockets;C3_2048;spirals;60:1;206211;-1;-1
img2d;patrin;GCC-12;2048;8;16;24;ssandPile;ocl_hybrid_thick;default;2000;static;sockets;C3_2048;spirals;60:1;216311;-1;-1
img2d;patrin;GCC-12;2048;8;16;24;ssandPile;ocl_hybrid_thick;default;2000;static;sockets;C3_2048;spirals;60:1;214586;-1;-1
img2d;patrin;GCC-12;2048;8;32;24;ssandPile;ocl_hybrid_thick;default;2000;static;threads;C3_2048;spirals;60:1;195794;-1;-1
img2d;patrin;GCC-12;2048;8;32;24;ssandPile;ocl_hybrid_thick;default;2000;static;threads;C3_2048;spirals;60:1;198635;-1;-1
img2d;patrin;GCC-12;2048;8;32;24;ssandPile;ocl_hybrid_thick;default;2000;static;threads;C3_2048;spirals;60:1;197531;-1;-1
img2d;patrin;GCC-12;2048;8;32;24;ssandPile;ocl_hybrid_thick;default;2000;static;threads;C3_2048;spirals;60:1;201102;-1;-1
img2d;patrin;GCC-12;2048;8;32;24;ssandPile;ocl_hybrid_thick;default;2000;static;threads;C3_2048;spirals;60:1;198165;-1;-1
img2d;patrin;GCC-12;2048;8;32;24;ssandPile;ocl_hybrid_thick;default;2000;static;threads;C3_2048;spirals;60:1;202129;-1;-1
img2d;patrin;GCC-12;2048;8;32;24;ssandPile;ocl_hybrid_thick;default;2000;static;threads;C3_2048;spirals;60:1;198194;-1;-1
img2d;patrin;GCC-12;2048;8;32;24;ssandPile;ocl_hybrid_thick;default;2000;static;threads;C3_2048;spirals;60:1;218254;-1;-1
img2d;patrin;GCC-12;2048;8;32;24;ssandPile;ocl_hybrid_thick;default;2000;static;threads;C3_2048;spirals;60:1;260198;-1;-1
img2d;patrin;GCC-12;2048;8;32;24;ssandPile;ocl_hybrid_thick;default;2000;static;threads;C3_2048;spirals;60:1;197580;-1;-1
img2d;patrin;GCC-12;2048;8;32;24;ssandPile;ocl_hybrid_thick;default;2000;static;cores;C3_2048;spirals;60:1;203061;-1;-1
img2d;patrin;GCC-12;2048;8;32;24;ssandPile;ocl_hybrid_thick;default;2000;static;cores;C3_2048;spirals;60:1;206301;-1;-1
img2d;patrin;GCC-12;2048;8;32;24;ssandPile;ocl_hybrid_thick;default;2000;static;cores;C3_2048;spirals;60:1;195381;-1;-1
img2d;patrin;GCC-12;2048;8;32;24;ssandPile;ocl_hybrid_thick;default;2000;static;cores;C3_2048;spirals;60:1;279897;-1;-1
img2d;patrin;GCC-12;2048;8;32;24;ssandPile;ocl_hybrid_thick;default;2000;static;cores;C3_2048;spirals;60:1;191776;-1;-1
img2d;patrin;GCC-12;2048;8;32;24;ssandPile;ocl_hybrid_thick;default;2000;static;cores;C3_2048;spirals;60:1;197594;-1;-1
img2d;patrin;GCC-12;2048;8;32;24;ssandPile;ocl_hybrid_thick;default;2000;static;cores;C3_2048;spirals;60:1;197245;-1;-1
img2d;patrin;GCC-12;2048;8;32;24;ssandPile;ocl_hybrid_thick;default;2000;static;cores;C3_2048;spirals;60:1;196489;-1;-1
img2d;patrin;GCC-12;2048;8;32;24;ssandPile;ocl_hybrid_thick;default;2000;static;cores;C3_2048;spirals;60:1;196716;-1;-1
img2d;patrin;GCC-12;2048;8;32;24;ssandPile;ocl_hybrid_thick;default;2000;static;cores;C3_2048;spirals;60:1;206472;-1;-1
img2d;patrin;GCC-12;2048;8;32;24;ssandPile;ocl_hybrid_thick;default;2000;static;sockets;C3_2048;spirals;60:1;216419;-1;-1
img2d;patrin;GCC-12;2048;8;32;24;ssandPile;ocl_hybrid_thick;default;2000;static;sockets;C3_2048;spirals;60:1;210809;-1;-1
img2d;patrin;GCC-12;2048;8;32;24;ssandPile;ocl_hybrid_thick;default;2000;static;sockets;C3_2048;spirals;60:1;4161938;-1;-1
img2d;patrin;GCC-12;2048;8;32;24;ssandPile;ocl_hybrid_thick;default;2000;static;sockets;C3_2048;spirals;60:1;194388;-1;-1
img2d;patrin;GCC-12;2048;8;32;24;ssandPile;ocl_hybrid_thick;default;2000;static;sockets;C3_2048;spirals;60:1;259382;-1;-1
img2d;patrin;GCC-12;2048;8;32;24;ssandPile;ocl_hybrid_thick;default;2000;static;sockets;C3_2048;spirals;60:1;199537;-1;-1
img2d;patrin;GCC-12;2048;8;32;24;ssandPile;ocl_hybrid_thick;default;2000;static;sockets;C3_2048;spirals;60:1;234949;-1;-1
img2d;patrin;GCC-12;2048;8;32;24;ssandPile;ocl_hybrid_thick;default;2000;static;sockets;C3_2048;spirals;60:1;226198;-1;-1
img2d;patrin;GCC-12;2048;8;32;24;ssandPile;ocl_hybrid_thick;default;2000;static;sockets;C3_2048;spirals;60:1;200253;-1;-1
img2d;patrin;GCC-12;2048;8;32;24;ssandPile;ocl_hybrid_thick;default;2000;static;sockets;C3_2048;spirals;60:1;282724;-1;-1
img2d;patrin;GCC-12;2048;8;64;24;ssandPile;ocl_hybrid_thick;default;2000;static;threads;C3_2048;spirals;60:1;198830;-1;-1
img2d;patrin;GCC-12;2048;8;64;24;ssandPile;ocl_hybrid_thick;default;2000;static;threads;C3_2048;spirals;60:1;200916;-1;-1
img2d;patrin;GCC-12;2048;8;64;24;ssandPile;ocl_hybrid_thick;default;2000;static;threads;C3_2048;spirals;60:1;199860;-1;-1
img2d;patrin;GCC-12;2048;8;64;24;ssandPile;ocl_hybrid_thick;default;2000;static;threads;C3_2048;spirals;60:1;200053;-1;-1
img2d;patrin;GCC-12;2048;8;64;24;ssandPile;ocl_hybrid_thick;default;2000;static;threads;C3_2048;spirals;60:1;217749;-1;-1
img2d;patrin;GCC-12;2048;8;64;24;ssandPile;ocl_hybrid_thick;default;2000;static;threads;C3_2048;spirals;60:1;200066;-1;-1
img2d;patrin;GCC-12;2048;8;64;24;ssandPile;ocl_hybrid_thick;default;2000;static;threads;C3_2048;spirals;60:1;222112;-1;-1
img2d;patrin;GCC-12;2048;8;64;24;ssandPile;ocl_hybrid_thick;default;2000;static;threads;C3_2048;spirals;60:1;199287;-1;-1
img2d;patrin;GCC-12;2048;8;64;24;ssandPile;ocl_hybrid_thick;default;2000;static;threads;C3_2048;spirals;60:1;209240;-1;-1
img2d;patrin;GCC-12;2048;8;64;24;ssandPile;ocl_hybrid_thick;default;2000;static;threads;C3_2048;spirals;60:1;250907;-1;-1
img2d;patrin;GCC-12;2048;8;64;24;ssandPile;ocl_hybrid_thick;default;2000;static;cores;C3_2048;spirals;60:1;205250;-1;-1
img2d;patrin;GCC-12;2048;8;64;24;ssandPile;ocl_hybrid_thick;default;2000;static;cores;C3_2048;spirals;60:1;217794;-1;-1
img2d;patrin;GCC-12;2048;8;64;24;ssandPile;ocl_hybrid_thick;default;2000;static;cores;C3_2048;spirals;60:1;201296;-1;-1
img2d;patrin;GCC-12;2048;8;64;24;ssandPile;ocl_hybrid_thick;default;2000;static;cores;C3_2048;spirals;60:1;198858;-1;-1
img2d;patrin;GCC-12;2048;8;64;24;ssandPile;ocl_hybrid_thick;default;2000;static;cores;C3_2048;spirals;60:1;265307;-1;-1
img2d;patrin;GCC-12;2048;8;64;24;ssandPile;ocl_hybrid_thick;default;2000;static;cores;C3_2048;spirals;60:1;196972;-1;-1
img2d;patrin;GCC-12;2048;8;64;24;ssandPile;ocl_hybrid_thick;default;2000;static;cores;C3_2048;spirals;60:1;218173;-1;-1
img2d;patrin;GCC-12;2048;8;64;24;ssandPile;ocl_hybrid_thick;default;2000;static;cores;C3_2048;spirals;60:1;205807;-1;-1
img2d;patrin;GCC-12;2048;8;64;24;ssandPile;ocl_hybrid_thick;default;2000;static;cores;C3_2048;spirals;60:1;199127;-1;-1
img2d;patrin;GCC-12;2048;8;64;24;ssandPile;ocl_hybrid_thick;default;2000;static;cores;C3_2048;spirals;60:1;269990;-1;-1
img2d;patrin;GCC-12;2048;8;64;24;ssandPile;ocl_hybrid_thick;default;2000;static;sockets;C3_2048;spirals;60:1;200700;-1;-1
img2d;patrin;GCC-12;2048;8;64;24;ssandPile;ocl_hybrid_thick;default;2000;static;sockets;C3_2048;spirals;60:1;201764;-1;-1
img2d;patrin;GCC-12;2048;8;64;24;ssandPile;ocl_hybrid_thick;default;2000;static;sockets;C3_2048;spirals;60:1;192459;-1;-1
img2d;patrin;GCC-12;2048;8;64;24;ssandPile;ocl_hybrid_thick;default;2000;static;sockets;C3_2048;spirals;60:1;197064;-1;-1
img2d;patrin;GCC-12;2048;8;64;24;ssandPile;ocl_hybrid_thick;default;2000;static;sockets;C3_2048;spirals;60:1;250130;-1;-1
img2d;patrin;GCC-12;2048;8;64;24;ssandPile;ocl_hybrid_thick;default;2000;static;sockets;C3_2048;spirals;60:1;201930;-1;-1
img2d;patrin;GCC-12;2048;8;64;24;ssandPile;ocl_hybrid_thick;default;2000;static;sockets;C3_2048;spirals;60:1;201189;-1;-1
img2d;patrin;GCC-12;2048;8;64;24;ssandPile;ocl_hybrid_thick;default;2000;static;sockets;C3_2048;spirals;60:1;200701;-1;-1
img2d;patrin;GCC-12;2048;8;64;24;ssandPile;ocl_hybrid_thick;default;2000;static;sockets;C3_2048;spirals;60:1;201653;-1;-1
img2d;patrin;GCC-12;2048;8;64;24;ssandPile;ocl_hybrid_thick;default;2000;static;sockets;C3_2048;spirals;60:1;206204;-1;-1
img2d;patrin;GCC-12;2048;8;128;24;ssandPile;ocl_hybrid_thick;default;2000;static;threads;C3_2048;spirals;60:1;260349;-1;-1
img2d;patrin;GCC-12;2048;8;128;24;ssandPile;ocl_hybrid_thick;default;2000;static;threads;C3_2048;spirals;60:1;256972;-1;-1
img2d;patrin;GCC-12;2048;8;128;24;ssandPile;ocl_hybrid_thick;default;2000;static;threads;C3_2048;spirals;60:1;257667;-1;-1
img2d;patrin;GCC-12;2048;8;128;24;ssandPile;ocl_hybrid_thick;default;2000;static;threads;C3_2048;spirals;60:1;392823;-1;-1
img2d;patrin;GCC-12;2048;8;128;24;ssandPile;ocl_hybrid_thick;default;2000;static;threads;C3_2048;spirals;60:1;256079;-1;-1
img2d;patrin;GCC-12;2048;8;128;24;ssandPile;ocl_hybrid_thick;default;2000;static;threads;C3_2048;spirals;60:1;255536;-1;-1
img2d;patrin;GCC-12;2048;8;128;24;ssandPile;ocl_hybrid_thick;default;2000;static;threads;C3_2048;spirals;60:1;259199;-1;-1
img2d;patrin;GCC-12;2048;8;128;24;ssandPile;ocl_hybrid_thick;default;2000;static;threads;C3_2048;spirals;60:1;256738;-1;-1
img2d;patrin;GCC-12;2048;8;128;24;ssandPile;ocl_hybrid_thick;default;2000;static;threads;C3_2048;spirals;60:1;257447;-1;-1
img2d;patrin;GCC-12;2048;8;128;24;ssandPile;ocl_hybrid_thick;default;2000;static;threads;C3_2048;spirals;60:1;258116;-1;-1
img2d;patrin;GCC-12;2048;8;128;24;ssandPile;ocl_hybrid_thick;default;2000;static;cores;C3_2048;spirals;60:1;257600;-1;-1
img2d;patrin;GCC-12;2048;8;128;24;ssandPile;ocl_hybrid_thick;default;2000;static;cores;C3_2048;spirals;60:1;262377;-1;-1
img2d;patrin;GCC-12;2048;8;128;24;ssandPile;ocl_hybrid_thick;default;2000;static;cores;C3_2048;spirals;60:1;332877;-1;-1
img2d;patrin;GCC-12;2048;8;128;24;ssandPile;ocl_hybrid_thick;default;2000;static;cores;C3_2048;spirals;60:1;256626;-1;-1
img2d;patrin;GCC-12;2048;8;128;24;ssandPile;ocl_hybrid_thick;default;2000;static;cores;C3_2048;spirals;60:1;257757;-1;-1
img2d;patrin;GCC-12;2048;8;128;24;ssandPile;ocl_hybrid_thick;default;2000;static;cores;C3_2048;spirals;60:1;258651;-1;-1
img2d;patrin;GCC-12;2048;8;128;24;ssandPile;ocl_hybrid_thick;default;2000;static;cores;C3_2048;spirals;60:1;357372;-1;-1
img2d;patrin;GCC-12;2048;8;128;24;ssandPile;ocl_hybrid_thick;default;2000;static;cores;C3_2048;spirals;60:1;254932;-1;-1
img2d;patrin;GCC-12;2048;8;128;24;ssandPile;ocl_hybrid_thick;default;2000;static;cores;C3_2048;spirals;60:1;255934;-1;-1
img2d;patrin;GCC-12;2048;8;128;24;ssandPile;ocl_hybrid_thick;default;2000;static;cores;C3_2048;spirals;60:1;258975;-1;-1
img2d;patrin;GCC-12;2048;8;128;24;ssandPile;ocl_hybrid_thick;default;2000;static;sockets;C3_2048;spirals;60:1;253456;-1;-1
img2d;patrin;GCC-12;2048;8;128;24;ssandPile;ocl_hybrid_thick;default;2000;static;sockets;C3_2048;spirals;60:1;322584;-1;-1
img2d;patrin;GCC-12;2048;8;128;24;ssandPile;ocl_hybrid_thick;default;2000;static;sockets;C3_2048;spirals;60:1;260974;-1;-1
img2d;patrin;GCC-12;2048;8;128;24;ssandPile;ocl_hybrid_thick;default;2000;static;sockets;C3_2048;spirals;60:1;272464;-1;-1
img2d;patrin;GCC-12;2048;8;128;24;ssandPile;ocl_hybrid_thick;default;2000;static;sockets;C3_2048;spirals;60:1;261642;-1;-1
img2d;patrin;GCC-12;2048;8;128;24;ssandPile;ocl_hybrid_thick;default;2000;static;sockets;C3_2048;spirals;60:1;332659;-1;-1
img2d;patrin;GCC-12;2048;8;128;24;ssandPile;ocl_hybrid_thick;default;2000;static;sockets;C3_2048;spirals;60:1;257791;-1;-1
img2d;patrin;GCC-12;2048;8;128;24;ssandPile;ocl_hybrid_thick;default;2000;static;sockets;C3_2048;spirals;60:1;265854;-1;-1
img2d;patrin;GCC-12;2048;8;128;24;ssandPile;ocl_hybrid_thick;default;2000;static;sockets;C3_2048;spirals;60:1;277051;-1;-1
img2d;patrin;GCC-12;2048;8;128;24;ssandPile;ocl_hybrid_thick;default;2000;static;sockets;C3_2048;spirals;60:1;356173;-1;-1
img2d;patrin;GCC-12;2048;16;4;24;ssandPile;ocl_hybrid_thick;default;2000;static;threads;C3_2048;spirals;60:1;163608;-1;-1
img2d;patrin;GCC-12;2048;16;4;24;ssandPile;ocl_hybrid_thick;default;2000;static;threads;C3_2048;spirals;60:1;163666;-1;-1
img2d;patrin;GCC-12;2048;16;4;24;ssandPile;ocl_hybrid_thick;default;2000;static;threads;C3_2048;spirals;60:1;166935;-1;-1
img2d;patrin;GCC-12;2048;16;4;24;ssandPile;ocl_hybrid_thick;default;2000;static;threads;C3_2048;spirals;60:1;163108;-1;-1
img2d;patrin;GCC-12;2048;16;4;24;ssandPile;ocl_hybrid_thick;default;2000;static;threads;C3_2048;spirals;60:1;171645;-1;-1
img2d;patrin;GCC-12;2048;16;4;24;ssandPile;ocl_hybrid_thick;default;2000;static;threads;C3_2048;spirals;60:1;174222;-1;-1
img2d;patrin;GCC-12;2048;16;4;24;ssandPile;ocl_hybrid_thick;default;2000;static;threads;C3_2048;spirals;60:1;175106;-1;-1
img2d;patrin;GCC-12;2048;16;4;24;ssandPile;ocl_hybrid_thick;default;2000;static;threads;C3_2048;spirals;60:1;164207;-1;-1
img2d;patrin;GCC-12;2048;16;4;24;ssandPile;ocl_hybrid_thick;default;2000;static;threads;C3_2048;spirals;60:1;162716;-1;-1
img2d;patrin;GCC-12;2048;16;4;24;ssandPile;ocl_hybrid_thick;default;2000;static;threads;C3_2048;spirals;60:1;162459;-1;-1
img2d;patrin;GCC-12;2048;16;4;24;ssandPile;ocl_hybrid_thick;default;2000;static;cores;C3_2048;spirals;60:1;164522;-1;-1
img2d;patrin;GCC-12;2048;16;4;24;ssandPile;ocl_hybrid_thick;default;2000;static;cores;C3_2048;spirals;60:1;163783;-1;-1
img2d;patrin;GCC-12;2048;16;4;24;ssandPile;ocl_hybrid_thick;default;2000;static;cores;C3_2048;spirals;60:1;163240;-1;-1
img2d;patrin;GCC-12;2048;16;4;24;ssandPile;ocl_hybrid_thick;default;2000;static;cores;C3_2048;spirals;60:1;181258;-1;-1
img2d;patrin;GCC-12;2048;16;4;24;ssandPile;ocl_hybrid_thick;default;2000;static;cores;C3_2048;spirals;60:1;166593;-1;-1
img2d;patrin;GCC-12;2048;16;4;24;ssandPile;ocl_hybrid_thick;default;2000;static;cores;C3_2048;spirals;60:1;192172;-1;-1
img2d;patrin;GCC-12;2048;16;4;24;ssandPile;ocl_hybrid_thick;default;2000;static;cores;C3_2048;spirals;60:1;167519;-1;-1
img2d;patrin;GCC-12;2048;16;4;24;ssandPile;ocl_hybrid_thick;default;2000;static;cores;C3_2048;spirals;60:1;163439;-1;-1
img2d;patrin;GCC-12;2048;16;4;24;ssandPile;ocl_hybrid_thick;default;2000;static;cores;C3_2048;spirals;60:1;165369;-1;-1
img2d;patrin;GCC-12;2048;16;4;24;ssandPile;ocl_hybrid_thick;default;2000;static;cores;C3_2048;spirals;60:1;165679;-1;-1
img2d;patrin;GCC-12;2048;16;4;24;ssandPile;ocl_hybrid_thick;default;2000;static;sockets;C3_2048;spirals;60:1;164291;-1;-1
img2d;patrin;GCC-12;2048;16;4;24;ssandPile;ocl_hybrid_thick;default;2000;static;sockets;C3_2048;spirals;60:1;165301;-1;-1
img2d;patrin;GCC-12;2048;16;4;24;ssandPile;ocl_hybrid_thick;default;2000;static;sockets;C3_2048;spirals;60:1;230346;-1;-1
img2d;patrin;GCC-12;2048;16;4;24;ssandPile;ocl_hybrid_thick;default;2000;static;sockets;C3_2048;spirals;60:1;166786;-1;-1
img2d;patrin;GCC-12;2048;16;4;24;ssandPile;ocl_hybrid_thick;default;2000;static;sockets;C3_2048;spirals;60:1;163066;-1;-1
img2d;patrin;GCC-12;2048;16;4;24;ssandPile;ocl_hybrid_thick;default;2000;static;sockets;C3_2048;spirals;60:1;164979;-1;-1
img2d;patrin;GCC-12;2048;16;4;24;ssandPile;ocl_hybrid_thick;default;2000;static;sockets;C3_2048;spirals;60:1;164661;-1;-1
img2d;patrin;GCC-12;2048;16;4;24;ssandPile;ocl_hybrid_thick;default;2000;static;sockets;C3_2048;spirals;60:1;239891;-1;-1
img2d;patrin;GCC-12;2048;16;4;24;ssandPile;ocl_hybrid_thick;default;2000;static;sockets;C3_2048;spirals;60:1;163430;-1;-1
img2d;patrin;GCC-12;2048;16;4;24;ssandPile;ocl_hybrid_thick;default;2000;static;sockets;C3_2048;spirals;60:1;163795;-1;-1
img2d;patrin;GCC-12;2048;16;8;24;ssandPile;ocl_hybrid_thick;default;2000;static;threads;C3_2048;spirals;60:1;153260;-1;-1
img2d;patrin;GCC-12;2048;16;8;24;ssandPile;ocl_hybrid_thick;default;2000;static;threads;C3_2048;spirals;60:1;155935;-1;-1
img2d;patrin;GCC-12;2048;16;8;24;ssandPile;ocl_hybrid_thick;default;2000;static;threads;C3_2048;spirals;60:1;154231;-1;-1
img2d;patrin;GCC-12;2048;16;8;24;ssandPile;ocl_hybrid_thick;default;2000;static;threads;C3_2048;spirals;60:1;217068;-1;-1
img2d;patrin;GCC-12;2048;16;8;24;ssandPile;ocl_hybrid_thick;default;2000;static;threads;C3_2048;spirals;60:1;154261;-1;-1
img2d;patrin;GCC-12;2048;16;8;24;ssandPile;ocl_hybrid_thick;default;2000;static;threads;C3_2048;spirals;60:1;154393;-1;-1
img2d;patrin;GCC-12;2048;16;8;24;ssandPile;ocl_hybrid_thick;default;2000;static;threads;C3_2048;spirals;60:1;154359;-1;-1
img2d;patrin;GCC-12;2048;16;8;24;ssandPile;ocl_hybrid_thick;default;2000;static;threads;C3_2048;spirals;60:1;153847;-1;-1
img2d;patrin;GCC-12;2048;16;8;24;ssandPile;ocl_hybrid_thick;default;2000;static;threads;C3_2048;spirals;60:1;153312;-1;-1
img2d;patrin;GCC-12;2048;16;8;24;ssandPile;ocl_hybrid_thick;default;2000;static;threads;C3_2048;spirals;60:1;216876;-1;-1
img2d;patrin;GCC-12;2048;16;8;24;ssandPile;ocl_hybrid_thick;default;2000;static;cores;C3_2048;spirals;60:1;172581;-1;-1
img2d;patrin;GCC-12;2048;16;8;24;ssandPile;ocl_hybrid_thick;default;2000;static;cores;C3_2048;spirals;60:1;152363;-1;-1
img2d;patrin;GCC-12;2048;16;8;24;ssandPile;ocl_hybrid_thick;default;2000;static;cores;C3_2048;spirals;60:1;155386;-1;-1
img2d;patrin;GCC-12;2048;16;8;24;ssandPile;ocl_hybrid_thick;default;2000;static;cores;C3_2048;spirals;60:1;157166;-1;-1
img2d;patrin;GCC-12;2048;16;8;24;ssandPile;ocl_hybrid_thick;default;2000;static;cores;C3_2048;spirals;60:1;155097;-1;-1
img2d;patrin;GCC-12;2048;16;8;24;ssandPile;ocl_hybrid_thick;default;2000;static;cores;C3_2048;spirals;60:1;195489;-1;-1
img2d;patrin;GCC-12;2048;16;8;24;ssandPile;ocl_hybrid_thick;default;2000;static;cores;C3_2048;spirals;60:1;156817;-1;-1
img2d;patrin;GCC-12;2048;16;8;24;ssandPile;ocl_hybrid_thick;default;2000;static;cores;C3_2048;spirals;60:1;153126;-1;-1
img2d;patrin;GCC-12;2048;16;8;24;ssandPile;ocl_hybrid_thick;default;2000;static;cores;C3_2048;spirals;60:1;154315;-1;-1
img2d;patrin;GCC-12;2048;16;8;24;ssandPile;ocl_hybrid_thick;default;2000;static;cores;C3_2048;spirals;60:1;155113;-1;-1
img2d;patrin;GCC-12;2048;16;8;24;ssandPile;ocl_hybrid_thick;default;2000;static;sockets;C3_2048;spirals;60:1;174546;-1;-1
img2d;patrin;GCC-12;2048;16;8;24;ssandPile;ocl_hybrid_thick;default;2000;static;sockets;C3_2048;spirals;60:1;154970;-1;-1
img2d;patrin;GCC-12;2048;16;8;24;ssandPile;ocl_hybrid_thick;default;2000;static;sockets;C3_2048;spirals;60:1;161058;-1;-1
img2d;patrin;GCC-12;2048;16;8;24;ssandPile;ocl_hybrid_thick;default;2000;static;sockets;C3_2048;spirals;60:1;153973;-1;-1
img2d;patrin;GCC-12;2048;16;8;24;ssandPile;ocl_hybrid_thick;default;2000;static;sockets;C3_2048;spirals;60:1;156699;-1;-1
img2d;patrin;GCC-12;2048;16;8;24;ssandPile;ocl_hybrid_thick;default;2000;static;sockets;C3_2048;spirals;60:1;152095;-1;-1
img2d;patrin;GCC-12;2048;16;8;24;ssandPile;ocl_hybrid_thick;default;2000;static;sockets;C3_2048;spirals;60:1;153969;-1;-1
img2d;patrin;GCC-12;2048;16;8;24;ssandPile;ocl_hybrid_thick;default;2000;static;sockets;C3_2048;spirals;60:1;158037;-1;-1
img2d;patrin;GCC-12;2048;16;8;24;ssandPile;ocl_hybrid_thick;default;2000;static;sockets;C3_2048;spirals;60:1;154619;-1;-1
img2d;patrin;GCC-12;2048;16;8;24;ssandPile;ocl_hybrid_thick;default;2000;static;sockets;C3_2048;spirals;60:1;157273;-1;-1
img2d;patrin;GCC-12;2048;16;16;24;ssandPile;ocl_hybrid_thick;default;2000;static;threads;C3_2048;spirals;60:1;154140;-1;-1
img2d;patrin;GCC-12;2048;16;16;24;ssandPile;ocl_hybrid_thick;default;2000;static;threads;C3_2048;spirals;60:1;153046;-1;-1
img2d;patrin;GCC-12;2048;16;16;24;ssandPile;ocl_hybrid_thick;default;2000;static;threads;C3_2048;spirals;60:1;223201;-1;-1
img2d;patrin;GCC-12;2048;16;16;24;ssandPile;ocl_hybrid_thick;default;2000;static;threads;C3_2048;spirals;60:1;154447;-1;-1
img2d;patrin;GCC-12;2048;16;16;24;ssandPile;ocl_hybrid_thick;default;2000;static;threads;C3_2048;spirals;60:1;153189;-1;-1
img2d;patrin;GCC-12;2048;16;16;24;ssandPile;ocl_hybrid_thick;default;2000;static;threads;C3_2048;spirals;60:1;154426;-1;-1
img2d;patrin;GCC-12;2048;16;16;24;ssandPile;ocl_hybrid_thick;default;2000;static;threads;C3_2048;spirals;60:1;153692;-1;-1
img2d;patrin;GCC-12;2048;16;16;24;ssandPile;ocl_hybrid_thick;default;2000;static;threads;C3_2048;spirals;60:1;154844;-1;-1
img2d;patrin;GCC-12;2048;16;16;24;ssandPile;ocl_hybrid_thick;default;2000;static;threads;C3_2048;spirals;60:1;240089;-1;-1
img2d;patrin;GCC-12;2048;16;16;24;ssandPile;ocl_hybrid_thick;default;2000;static;threads;C3_2048;spirals;60:1;154100;-1;-1
img2d;patrin;GCC-12;2048;16;16;24;ssandPile;ocl_hybrid_thick;default;2000;static;cores;C3_2048;spirals;60:1;154979;-1;-1
img2d;patrin;GCC-12;2048;16;16;24;ssandPile;ocl_hybrid_thick;default;2000;static;cores;C3_2048;spirals;60:1;170850;-1;-1
img2d;patrin;GCC-12;2048;16;16;24;ssandPile;ocl_hybrid_thick;default;2000;static;cores;C3_2048;spirals;60:1;153030;-1;-1
img2d;patrin;GCC-12;2048;16;16;24;ssandPile;ocl_hybrid_thick;default;2000;static;cores;C3_2048;spirals;60:1;155072;-1;-1
img2d;patrin;GCC-12;2048;16;16;24;ssandPile;ocl_hybrid_thick;default;2000;static;cores;C3_2048;spirals;60:1;216781;-1;-1
img2d;patrin;GCC-12;2048;16;16;24;ssandPile;ocl_hybrid_thick;default;2000;static;cores;C3_2048;spirals;60:1;152884;-1;-1
img2d;patrin;GCC-12;2048;16;16;24;ssandPile;ocl_hybrid_thick;default;2000;static;cores;C3_2048;spirals;60:1;157607;-1;-1
img2d;patrin;GCC-12;2048;16;16;24;ssandPile;ocl_hybrid_thick;default;2000;static;cores;C3_2048;spirals;60:1;155519;-1;-1
img2d;patrin;GCC-12;2048;16;16;24;ssandPile;ocl_hybrid_thick;default;2000;static;cores;C3_2048;spirals;60:1;154266;-1;-1
img2d;patrin;GCC-12;2048;16;16;24;ssandPile;ocl_hybrid_thick;default;2000;static;cores;C3_2048;spirals;60:1;155321;-1;-1
img2d;patrin;GCC-12;2048;16;16;24;ssandPile;ocl_hybrid_thick;default;2000;static;sockets;C3_2048;spirals;60:1;198026;-1;-1
img2d;patrin;GCC-12;2048;16;16;24;ssandPile;ocl_hybrid_thick;default;2000;static;sockets;C3_2048;spirals;60:1;178807;-1;-1
img2d;patrin;GCC-12;2048;16;16;24;ssandPile;ocl_hybrid_thick;default;2000;static;sockets;C3_2048;spirals;60:1;173647;-1;-1
img2d;patrin;GCC-12;2048;16;16;24;ssandPile;ocl_hybrid_thick;default;2000;static;sockets;C3_2048;spirals;60:1;154458;-1;-1
img2d;patrin;GCC-12;2048;16;16;24;ssandPile;ocl_hybrid_thick;default;2000;static;sockets;C3_2048;spirals;60:1;208994;-1;-1
img2d;patrin;GCC-12;2048;16;16;24;ssandPile;ocl_hybrid_thick;default;2000;static;sockets;C3_2048;spirals;60:1;234840;-1;-1
img2d;patrin;GCC-12;2048;16;16;24;ssandPile;ocl_hybrid_thick;default;2000;static;sockets;C3_2048;spirals;60:1;186716;-1;-1
img2d;patrin;GCC-12;2048;16;16;24;ssandPile;ocl_hybrid_thick;default;2000;static;sockets;C3_2048;spirals;60:1;156563;-1;-1
img2d;patrin;GCC-12;2048;16;16;24;ssandPile;ocl_hybrid_thick;default;2000;static;sockets;C3_2048;spirals;60:1;154982;-1;-1
img2d;patrin;GCC-12;2048;16;16;24;ssandPile;ocl_hybrid_thick;default;2000;static;sockets;C3_2048;spirals;60:1;182005;-1;-1
img2d;patrin;GCC-12;2048;16;32;24;ssandPile;ocl_hybrid_thick;default;2000;static;threads;C3_2048;spirals;60:1;254413;-1;-1
img2d;patrin;GCC-12;2048;16;32;24;ssandPile;ocl_hybrid_thick;default;2000;static;threads;C3_2048;spirals;60:1;173812;-1;-1
img2d;patrin;GCC-12;2048;16;32;24;ssandPile;ocl_hybrid_thick;default;2000;static;threads;C3_2048;spirals;60:1;166431;-1;-1
img2d;patrin;GCC-12;2048;16;32;24;ssandPile;ocl_hybrid_thick;default;2000;static;threads;C3_2048;spirals;60:1;166444;-1;-1
img2d;patrin;GCC-12;2048;16;32;24;ssandPile;ocl_hybrid_thick;default;2000;static;threads;C3_2048;spirals;60:1;177750;-1;-1
img2d;patrin;GCC-12;2048;16;32;24;ssandPile;ocl_hybrid_thick;default;2000;static;threads;C3_2048;spirals;60:1;171286;-1;-1
img2d;patrin;GCC-12;2048;16;32;24;ssandPile;ocl_hybrid_thick;default;2000;static;threads;C3_2048;spirals;60:1;213308;-1;-1
img2d;patrin;GCC-12;2048;16;32;24;ssandPile;ocl_hybrid_thick;default;2000;static;threads;C3_2048;spirals;60:1;173345;-1;-1
img2d;patrin;GCC-12;2048;16;32;24;ssandPile;ocl_hybrid_thick;default;2000;static;threads;C3_2048;spirals;60:1;167403;-1;-1
img2d;patrin;GCC-12;2048;16;32;24;ssandPile;ocl_hybrid_thick;default;2000;static;threads;C3_2048;spirals;60:1;166243;-1;-1
img2d;patrin;GCC-12;2048;16;32;24;ssandPile;ocl_hybrid_thick;default;2000;static;cores;C3_2048;spirals;60:1;166795;-1;-1
img2d;patrin;GCC-12;2048;16;32;24;ssandPile;ocl_hybrid_thick;default;2000;static;cores;C3_2048;spirals;60:1;167030;-1;-1
img2d;patrin;GCC-12;2048;16;32;24;ssandPile;ocl_hybrid_thick;default;2000;static;cores;C3_2048;spirals;60:1;168522;-1;-1
img2d;patrin;GCC-12;2048;16;32;24;ssandPile;ocl_hybrid_thick;default;2000;static;cores;C3_2048;spirals;60:1;166954;-1;-1
img2d;patrin;GCC-12;2048;16;32;24;ssandPile;ocl_hybrid_thick;default;2000;static;cores;C3_2048;spirals;60:1;166144;-1;-1
img2d;patrin;GCC-12;2048;16;32;24;ssandPile;ocl_hybrid_thick;default;2000;static;cores;C3_2048;spirals;60:1;167633;-1;-1
img2d;patrin;GCC-12;2048;16;32;24;ssandPile;ocl_hybrid_thick;default;2000;static;cores;C3_2048;spirals;60:1;166296;-1;-1
img2d;patrin;GCC-12;2048;16;32;24;ssandPile;ocl_hybrid_thick;default;2000;static;cores;C3_2048;spirals;60:1;166847;-1;-1
img2d;patrin;GCC-12;2048;16;32;24;ssandPile;ocl_hybrid_thick;default;2000;static;cores;C3_2048;spirals;60:1;166601;-1;-1
img2d;patrin;GCC-12;2048;16;32;24;ssandPile;ocl_hybrid_thick;default;2000;static;cores;C3_2048;spirals;60:1;193519;-1;-1
img2d;patrin;GCC-12;2048;16;32;24;ssandPile;ocl_hybrid_thick;default;2000;static;sockets;C3_2048;spirals;60:1;166868;-1;-1
img2d;patrin;GCC-12;2048;16;32;24;ssandPile;ocl_hybrid_thick;default;2000;static;sockets;C3_2048;spirals;60:1;165117;-1;-1
img2d;patrin;GCC-12;2048;16;32;24;ssandPile;ocl_hybrid_thick;default;2000;static;sockets;C3_2048;spirals;60:1;245104;-1;-1
img2d;patrin;GCC-12;2048;16;32;24;ssandPile;ocl_hybrid_thick;default;2000;static;sockets;C3_2048;spirals;60:1;12388921;-1;-1
img2d;patrin;GCC-12;2048;16;32;24;ssandPile;ocl_hybrid_thick;default;2000;static;sockets;C3_2048;spirals;60:1;175503;-1;-1
img2d;patrin;GCC-12;2048;16;32;24;ssandPile;ocl_hybrid_thick;default;2000;static;sockets;C3_2048;spirals;60:1;169277;-1;-1
img2d;patrin;GCC-12;2048;16;32;24;ssandPile;ocl_hybrid_thick;default;2000;static;sockets;C3_2048;spirals;60:1;193383;-1;-1
img2d;patrin;GCC-12;2048;16;32;24;ssandPile;ocl_hybrid_thick;default;2000;static;sockets;C3_2048;spirals;60:1;167221;-1;-1
img2d;patrin;GCC-12;2048;16;32;24;ssandPile;ocl_hybrid_thick;default;2000;static;sockets;C3_2048;spirals;60:1;165727;-1;-1
img2d;patrin;GCC-12;2048;16;32;24;ssandPile;ocl_hybrid_thick;default;2000;static;sockets;C3_2048;spirals;60:1;230704;-1;-1
img2d;patrin;GCC-12;2048;16;64;24;ssandPile;ocl_hybrid_thick;default;2000;static;threads;C3_2048;spirals;60:1;245757;-1;-1
img2d;patrin;GCC-12;2048;16;64;24;ssandPile;ocl_hybrid_thick;default;2000;static;threads;C3_2048;spirals;60:1;245604;-1;-1
img2d;patrin;GCC-12;2048;16;64;24;ssandPile;ocl_hybrid_thick;default;2000;static;threads;C3_2048;spirals;60:1;245231;-1;-1
img2d;patrin;GCC-12;2048;16;64;24;ssandPile;ocl_hybrid_thick;default;2000;static;threads;C3_2048;spirals;60:1;269664;-1;-1
img2d;patrin;GCC-12;2048;16;64;24;ssandPile;ocl_hybrid_thick;default;2000;static;threads;C3_2048;spirals;60:1;249918;-1;-1
img2d;patrin;GCC-12;2048;16;64;24;ssandPile;ocl_hybrid_thick;default;2000;static;threads;C3_2048;spirals;60:1;256242;-1;-1
img2d;patrin;GCC-12;2048;16;64;24;ssandPile;ocl_hybrid_thick;default;2000;static;threads;C3_2048;spirals;60:1;245148;-1;-1
img2d;patrin;GCC-12;2048;16;64;24;ssandPile;ocl_hybrid_thick;default;2000;static;threads;C3_2048;spirals;60:1;245559;-1;-1
img2d;patrin;GCC-12;2048;16;64;24;ssandPile;ocl_hybrid_thick;default;2000;static;threads;C3_2048;spirals;60:1;320423;-1;-1
img2d;patrin;GCC-12;2048;16;64;24;ssandPile;ocl_hybrid_thick;default;2000;static;threads;C3_2048;spirals;60:1;245514;-1;-1
img2d;patrin;GCC-12;2048;16;64;24;ssandPile;ocl_hybrid_thick;default;2000;static;cores;C3_2048;spirals;60:1;245773;-1;-1
img2d;patrin;GCC-12;2048;16;64;24;ssandPile;ocl_hybrid_thick;default;2000;static;cores;C3_2048;spirals;60:1;244664;-1;-1
img2d;patrin;GCC-12;2048;16;64;24;ssandPile;ocl_hybrid_thick;default;2000;static;cores;C3_2048;spirals;60:1;245631;-1;-1
img2d;patrin;GCC-12;2048;16;64;24;ssandPile;ocl_hybrid_thick;default;2000;static;cores;C3_2048;spirals;60:1;312756;-1;-1
img2d;patrin;GCC-12;2048;16;64;24;ssandPile;ocl_hybrid_thick;default;2000;static;cores;C3_2048;spirals;60:1;274745;-1;-1
img2d;patrin;GCC-12;2048;16;64;24;ssandPile;ocl_hybrid_thick;default;2000;static;cores;C3_2048;spirals;60:1;244232;-1;-1
img2d;patrin;GCC-12;2048;16;64;24;ssandPile;ocl_hybrid_thick;default;2000;static;cores;C3_2048;spirals;60:1;245269;-1;-1
img2d;patrin;GCC-12;2048;16;64;24;ssandPile;ocl_hybrid_thick;default;2000;static;cores;C3_2048;spirals;60:1;246520;-1;-1
img2d;patrin;GCC-12;2048;16;64;24;ssandPile;ocl_hybrid_thick;default;2000;static;cores;C3_2048;spirals;60:1;260794;-1;-1
img2d;patrin;GCC-12;2048;16;64;24;ssandPile;ocl_hybrid_thick;default;2000;static;cores;C3_2048;spirals;60:1;249769;-1;-1
img2d;patrin;GCC-12;2048;16;64;24;ssandPile;ocl_hybrid_thick;default;2000;static;sockets;C3_2048;spirals;60:1;258512;-1;-1
img2d;patrin;GCC-12;2048;16;64;24;ssandPile;ocl_hybrid_thick;default;2000;static;sockets;C3_2048;spirals;60:1;248253;-1;-1
img2d;patrin;GCC-12;2048;16;64;24;ssandPile;ocl_hybrid_thick;default;2000;static;sockets;C3_2048;spirals;60:1;643279;-1;-1
img2d;patrin;GCC-12;2048;16;64;24;ssandPile;ocl_hybrid_thick;default;2000;static;sockets;C3_2048;spirals;60:1;246556;-1;-1
img2d;patrin;GCC-12;2048;16;64;24;ssandPile;ocl_hybrid_thick;default;2000;static;sockets;C3_2048;spirals;60:1;1412405;-1;-1
img2d;patrin;GCC-12;2048;16;64;24;ssandPile;ocl_hybrid_thick;default;2000;static;sockets;C3_2048;spirals;60:1;464350;-1;-1
img2d;patrin;GCC-12;2048;16;64;24;ssandPile;ocl_hybrid_thick;default;2000;static;sockets;C3_2048;spirals;60:1;245465;-1;-1
img2d;patrin;GCC-12;2048;16;64;24;ssandPile;ocl_hybrid_thick;default;2000;static;sockets;C3_2048;spirals;60:1;10430118;-1;-1
img2d;patrin;GCC-12;2048;16;64;24;ssandPile;ocl_hybrid_thick;default;2000;static;sockets;C3_2048;spirals;60:1;256679;-1;-1
img2d;patrin;GCC-12;2048;16;64;24;ssandPile;ocl_hybrid_thick;default;2000;static;sockets;C3_2048;spirals;60:1;253591;-1;-1
img2d;patrin;GCC-12;2048;32;4;24;ssandPile;ocl_hybrid_thick;default;2000;static;threads;C3_2048;spirals;60:1;160511;-1;-1
img2d;patrin;GCC-12;2048;32;4;24;ssandPile;ocl_hybrid_thick;default;2000;static;threads;C3_2048;spirals;60:1;161606;-1;-1
img2d;patrin;GCC-12;2048;32;4;24;ssandPile;ocl_hybrid_thick;default;2000;static;threads;C3_2048;spirals;60:1;165664;-1;-1
img2d;patrin;GCC-12;2048;32;4;24;ssandPile;ocl_hybrid_thick;default;2000;static;threads;C3_2048;spirals;60:1;196276;-1;-1
img2d;patrin;GCC-12;2048;32;4;24;ssandPile;ocl_hybrid_thick;default;2000;static;threads;C3_2048;spirals;60:1;161113;-1;-1
img2d;patrin;GCC-12;2048;32;4;24;ssandPile;ocl_hybrid_thick;default;2000;static;threads;C3_2048;spirals;60:1;179380;-1;-1
img2d;patrin;GCC-12;2048;32;4;24;ssandPile;ocl_hybrid_thick;default;2000;static;threads;C3_2048;spirals;60:1;161424;-1;-1
img2d;patrin;GCC-12;2048;32;4;24;ssandPile;ocl_hybrid_thick;default;2000;static;threads;C3_2048;spirals;60:1;161136;-1;-1
img2d;patrin;GCC-12;2048;32;4;24;ssandPile;ocl_hybrid_thick;default;2000;static;threads;C3_2048;spirals;60:1;200151;-1;-1
img2d;patrin;GCC-12;2048;32;4;24;ssandPile;ocl_hybrid_thick;default;2000;static;threads;C3_2048;spirals;60:1;159916;-1;-1
img2d;patrin;GCC-12;2048;32;4;24;ssandPile;ocl_hybrid_thick;default;2000;static;cores;C3_2048;spirals;60:1;183144;-1;-1
img2d;patrin;GCC-12;2048;32;4;24;ssandPile;ocl_hybrid_thick;default;2000;static;cores;C3_2048;spirals;60:1;179138;-1;-1
img2d;patrin;GCC-12;2048;32;4;24;ssandPile;ocl_hybrid_thick;default;2000;static;cores;C3_2048;spirals;60:1;160876;-1;-1
img2d;patrin;GCC-12;2048;32;4;24;ssandPile;ocl_hybrid_thick;default;2000;static;cores;C3_2048;spirals;60:1;173135;-1;-1
img2d;patrin;GCC-12;2048;32;4;24;ssandPile;ocl_hybrid_thick;default;2000;static;cores;C3_2048;spirals;60:1;159958;-1;-1
img2d;patrin;GCC-12;2048;32;4;24;ssandPile;ocl_hybrid_thick;default;2000;static;cores;C3_2048;spirals;60:1;160552;-1;-1
img2d;patrin;GCC-12;2048;32;4;24;ssandPile;ocl_hybrid_thick;default;2000;static;cores;C3_2048;spirals;60:1;160387;-1;-1
img2d;patrin;GCC-12;2048;32;4;24;ssandPile;ocl_hybrid_thick;default;2000;static;cores;C3_2048;spirals;60:1;159306;-1;-1
img2d;patrin;GCC-12;2048;32;4;24;ssandPile;ocl_hybrid_thick;default;2000;static;cores;C3_2048;spirals;60:1;161715;-1;-1
img2d;patrin;GCC-12;2048;32;4;24;ssandPile;ocl_hybrid_thick;default;2000;static;cores;C3_2048;spirals;60:1;161110;-1;-1
img2d;patrin;GCC-12;2048;32;4;24;ssandPile;ocl_hybrid_thick;default;2000;static;sockets;C3_2048;spirals;60:1;313470;-1;-1
img2d;patrin;GCC-12;2048;32;4;24;ssandPile;ocl_hybrid_thick;default;2000;static;sockets;C3_2048;spirals;60:1;177152;-1;-1
img2d;patrin;GCC-12;2048;32;4;24;ssandPile;ocl_hybrid_thick;default;2000;static;sockets;C3_2048;spirals;60:1;160254;-1;-1
img2d;patrin;GCC-12;2048;32;4;24;ssandPile;ocl_hybrid_thick;default;2000;static;sockets;C3_2048;spirals;60:1;160997;-1;-1
img2d;patrin;GCC-12;2048;32;4;24;ssandPile;ocl_hybrid_thick;default;2000;static;sockets;C3_2048;spirals;60:1;161306;-1;-1
img2d;patrin;GCC-12;2048;32;4;24;ssandPile;ocl_hybrid_thick;default;2000;static;sockets;C3_2048;spirals;60:1;318816;-1;-1
img2d;patrin;GCC-12;2048;32;4;24;ssandPile;ocl_hybrid_thick;default;2000;static;sockets;C3_2048;spirals;60:1;159637;-1;-1
img2d;patrin;GCC-12;2048;32;4;24;ssandPile;ocl_hybrid_thick;default;2000;static;sockets;C3_2048;spirals;60:1;159692;-1;-1
img2d;patrin;GCC-12;2048;32;4;24;ssandPile;ocl_hybrid_thick;default;2000;static;sockets;C3_2048;spirals;60:1;170523;-1;-1
img2d;patrin;GCC-12;2048;32;4;24;ssandPile;ocl_hybrid_thick;default;2000;static;sockets;C3_2048;spirals;60:1;167446;-1;-1
img2d;patrin;GCC-12;2048;32;8;24;ssandPile;ocl_hybrid_thick;default;2000;static;threads;C3_2048;spirals;60:1;253310;-1;-1
img2d;patrin;GCC-12;2048;32;8;24;ssandPile;ocl_hybrid_thick;default;2000;static;threads;C3_2048;spirals;60:1;159788;-1;-1
img2d;patrin;GCC-12;2048;32;8;24;ssandPile;ocl_hybrid_thick;default;2000;static;threads;C3_2048;spirals;60:1;157904;-1;-1
img2d;patrin;GCC-12;2048;32;8;24;ssandPile;ocl_hybrid_thick;default;2000;static;threads;C3_2048;spirals;60:1;157464;-1;-1
img2d;patrin;GCC-12;2048;32;8;24;ssandPile;ocl_hybrid_thick;default;2000;static;threads;C3_2048;spirals;60:1;156962;-1;-1
img2d;patrin;GCC-12;2048;32;8;24;ssandPile;ocl_hybrid_thick;default;2000;static;threads;C3_2048;spirals;60:1;157872;-1;-1
img2d;patrin;GCC-12;2048;32;8;24;ssandPile;ocl_hybrid_thick;default;2000;static;threads;C3_2048;spirals;60:1;222369;-1;-1
img2d;patrin;GCC-12;2048;32;8;24;ssandPile;ocl_hybrid_thick;default;2000;static;threads;C3_2048;spirals;60:1;160194;-1;-1
img2d;patrin;GCC-12;2048;32;8;24;ssandPile;ocl_hybrid_thick;default;2000;static;threads;C3_2048;spirals;60:1;157403;-1;-1
img2d;patrin;GCC-12;2048;32;8;24;ssandPile;ocl_hybrid_thick;default;2000;static;threads;C3_2048;spirals;60:1;172262;-1;-1
img2d;patrin;GCC-12;2048;32;8;24;ssandPile;ocl_hybrid_thick;default;2000;static;cores;C3_2048;spirals;60:1;180024;-1;-1
img2d;patrin;GCC-12;2048;32;8;24;ssandPile;ocl_hybrid_thick;default;2000;static;cores;C3_2048;spirals;60:1;158001;-1;-1
img2d;patrin;GCC-12;2048;32;8;24;ssandPile;ocl_hybrid_thick;default;2000;static;cores;C3_2048;spirals;60:1;204126;-1;-1
img2d;patrin;GCC-12;2048;32;8;24;ssandPile;ocl_hybrid_thick;default;2000;static;cores;C3_2048;spirals;60:1;160971;-1;-1
img2d;patrin;GCC-12;2048;32;8;24;ssandPile;ocl_hybrid_thick;default;2000;static;cores;C3_2048;spirals;60:1;158032;-1;-1
img2d;patrin;GCC-12;2048;32;8;24;ssandPile;ocl_hybrid_thick;default;2000;static;cores;C3_2048;spirals;60:1;157996;-1;-1
img2d;patrin;GCC-12;2048;32;8;24;ssandPile;ocl_hybrid_thick;default;2000;static;cores;C3_2048;spirals;60:1;157810;-1;-1
img2d;patrin;GCC-12;2048;32;8;24;ssandPile;ocl_hybrid_thick;default;2000;static;cores;C3_2048;spirals;60:1;168954;-1;-1
img2d;patrin;GCC-12;2048;32;8;24;ssandPile;ocl_hybrid_thick;default;2000;static;cores;C3_2048;spirals;60:1;206374;-1;-1
img2d;patrin;GCC-12;2048;32;8;24;ssandPile;ocl_hybrid_thick;default;2000;static;cores;C3_2048;spirals;60:1;157006;-1;-1
img2d;patrin;GCC-12;2048;32;8;24;ssandPile;ocl_hybrid_thick;default;2000;static;sockets;C3_2048;spirals;60:1;167066;-1;-1
img2d;patrin;GCC-12;2048;32;8;24;ssandPile;ocl_hybrid_thick;default;2000;static;sockets;C3_2048;spirals;60:1;157081;-1;-1
img2d;patrin;GCC-12;2048;32;8;24;ssandPile;ocl_hybrid_thick;default;2000;static;sockets;C3_2048;spirals;60:1;163516;-1;-1
img2d;patrin;GCC-12;2048;32;8;24;ssandPile;ocl_hybrid_thick;default;2000;static;sockets;C3_2048;spirals;60:1;158167;-1;-1
img2d;patrin;GCC-12;2048;32;8;24;ssandPile;ocl_hybrid_thick;default;2000;static;sockets;C3_2048;spirals;60:1;186580;-1;-1
img2d;patrin;GCC-12;2048;32;8;24;ssandPile;ocl_hybrid_thick;default;2000;static;sockets;C3_2048;spirals;60:1;156512;-1;-1
img2d;patrin;GCC-12;2048;32;8;24;ssandPile;ocl_hybrid_thick;default;2000;static;sockets;C3_2048;spirals;60:1;156898;-1;-1
img2d;patrin;GCC-12;2048;32;8;24;ssandPile;ocl_hybrid_thick;default;2000;static;sockets;C3_2048;spirals;60:1;155903;-1;-1
img2d;patrin;GCC-12;2048;32;8;24;ssandPile;ocl_hybrid_thick;default;2000;static;sockets;C3_2048;spirals;60:1;157923;-1;-1
img2d;patrin;GCC-12;2048;32;8;24;ssandPile;ocl_hybrid_thick;default;2000;static;sockets;C3_2048;spirals;60:1;177942;-1;-1
img2d;patrin;GCC-12;2048;32;16;24;ssandPile;ocl_hybrid_thick;default;2000;static;threads;C3_2048;spirals;60:1;172180;-1;-1
img2d;patrin;GCC-12;2048;32;16;24;ssandPile;ocl_hybrid_thick;default;2000;static;threads;C3_2048;spirals;60:1;226816;-1;-1
img2d;patrin;GCC-12;2048;32;16;24;ssandPile;ocl_hybrid_thick;default;2000;static;threads;C3_2048;spirals;60:1;163323;-1;-1
img2d;patrin;GCC-12;2048;32;16;24;ssandPile;ocl_hybrid_thick;default;2000;static;threads;C3_2048;spirals;60:1;172796;-1;-1
img2d;patrin;GCC-12;2048;32;16;24;ssandPile;ocl_hybrid_thick;default;2000;static;threads;C3_2048;spirals;60:1;165360;-1;-1
img2d;patrin;GCC-12;2048;32;16;24;ssandPile;ocl_hybrid_thick;default;2000;static;threads;C3_2048;spirals;60:1;164265;-1;-1
img2d;patrin;GCC-12;2048;32;16;24;ssandPile;ocl_hybrid_thick;default;2000;static;threads;C3_2048;spirals;60:1;164261;-1;-1
img2d;patrin;GCC-12;2048;32;16;24;ssandPile;ocl_hybrid_thick;default;2000;static;threads;C3_2048;spirals;60:1;180401;-1;-1
img2d;patrin;GCC-12;2048;32;16;24;ssandPile;ocl_hybrid_thick;default;2000;static;threads;C3_2048;spirals;60:1;164186;-1;-1
img2d;patrin;GCC-12;2048;32;16;24;ssandPile;ocl_hybrid_thick;default;2000;static;threads;C3_2048;spirals;60:1;165055;-1;-1
img2d;patrin;GCC-12;2048;32;16;24;ssandPile;ocl_hybrid_thick;default;2000;static;cores;C3_2048;spirals;60:1;265066;-1;-1
img2d;patrin;GCC-12;2048;32;16;24;ssandPile;ocl_hybrid_thick;default;2000;static;cores;C3_2048;spirals;60:1;172824;-1;-1
img2d;patrin;GCC-12;2048;32;16;24;ssandPile;ocl_hybrid_thick;default;2000;static;cores;C3_2048;spirals;60:1;177425;-1;-1
img2d;patrin;GCC-12;2048;32;16;24;ssandPile;ocl_hybrid_thick;default;2000;static;cores;C3_2048;spirals;60:1;162608;-1;-1
img2d;patrin;GCC-12;2048;32;16;24;ssandPile;ocl_hybrid_thick;default;2000;static;cores;C3_2048;spirals;60:1;180972;-1;-1
img2d;patrin;GCC-12;2048;32;16;24;ssandPile;ocl_hybrid_thick;default;2000;static;cores;C3_2048;spirals;60:1;166501;-1;-1
img2d;patrin;GCC-12;2048;32;16;24;ssandPile;ocl_hybrid_thick;default;2000;static;cores;C3_2048;spirals;60:1;232474;-1;-1
img2d;patrin;GCC-12;2048;32;16;24;ssandPile;ocl_hybrid_thick;default;2000;static;cores;C3_2048;spirals;60:1;166638;-1;-1
img2d;patrin;GCC-12;2048;32;16;24;ssandPile;ocl_hybrid_thick;default;2000;static;cores;C3_2048;spirals;60:1;177429;-1;-1
img2d;patrin;GCC-12;2048;32;16;24;ssandPile;ocl_hybrid_thick;default;2000;static;cores;C3_2048;spirals;60:1;183729;-1;-1
img2d;patrin;GCC-12;2048;32;16;24;ssandPile;ocl_hybrid_thick;default;2000;static;sockets;C3_2048;spirals;60:1;164804;-1;-1
img2d;patrin;GCC-12;2048;32;16;24;ssandPile;ocl_hybrid_thick;default;2000;static;sockets;C3_2048;spirals;60:1;251305;-1;-1
img2d;patrin;GCC-12;2048;32;16;24;ssandPile;ocl_hybrid_thick;default;2000;static;sockets;C3_2048;spirals;60:1;171346;-1;-1
img2d;patrin;GCC-12;2048;32;16;24;ssandPile;ocl_hybrid_thick;default;2000;static;sockets;C3_2048;spirals;60:1;167855;-1;-1
img2d;patrin;GCC-12;2048;32;16;24;ssandPile;ocl_hybrid_thick;default;2000;static;sockets;C3_2048;spirals;60:1;185956;-1;-1
img2d;patrin;GCC-12;2048;32;16;24;ssandPile;ocl_hybrid_thick;default;2000;static;sockets;C3_2048;spirals;60:1;172758;-1;-1
img2d;patrin;GCC-12;2048;32;16;24;ssandPile;ocl_hybrid_thick;default;2000;static;sockets;C3_2048;spirals;60:1;162300;-1;-1
img2d;patrin;GCC-12;2048;32;16;24;ssandPile;ocl_hybrid_thick;default;2000;static;sockets;C3_2048;spirals;60:1;168492;-1;-1
img2d;patrin;GCC-12;2048;32;16;24;ssandPile;ocl_hybrid_thick;default;2000;static;sockets;C3_2048;spirals;60:1;162705;-1;-1
img2d;patrin;GCC-12;2048;32;16;24;ssandPile;ocl_hybrid_thick;default;2000;static;sockets;C3_2048;spirals;60:1;730219;-1;-1
img2d;patrin;GCC-12;2048;32;32;24;ssandPile;ocl_hybrid_thick;default;2000;static;threads;C3_2048;spirals;60:1;282052;-1;-1
img2d;patrin;GCC-12;2048;32;32;24;ssandPile;ocl_hybrid_thick;default;2000;static;threads;C3_2048;spirals;60:1;240468;-1;-1
img2d;patrin;GCC-12;2048;32;32;24;ssandPile;ocl_hybrid_thick;default;2000;static;threads;C3_2048;spirals;60:1;239474;-1;-1
img2d;patrin;GCC-12;2048;32;32;24;ssandPile;ocl_hybrid_thick;default;2000;static;threads;C3_2048;spirals;60:1;240699;-1;-1
img2d;patrin;GCC-12;2048;32;32;24;ssandPile;ocl_hybrid_thick;default;2000;static;threads;C3_2048;spirals;60:1;241655;-1;-1
img2d;patrin;GCC-12;2048;32;32;24;ssandPile;ocl_hybrid_thick;default;2000;static;threads;C3_2048;spirals;60:1;312440;-1;-1
img2d;patrin;GCC-12;2048;32;32;24;ssandPile;ocl_hybrid_thick;default;2000;static;threads;C3_2048;spirals;60:1;238332;-1;-1
img2d;patrin;GCC-12;2048;32;32;24;ssandPile;ocl_hybrid_thick;default;2000;static;threads;C3_2048;spirals;60:1;239334;-1;-1
img2d;patrin;GCC-12;2048;32;32;24;ssandPile;ocl_hybrid_thick;default;2000;static;threads;C3_2048;spirals;60:1;238199;-1;-1
img2d;patrin;GCC-12;2048;32;32;24;ssandPile;ocl_hybrid_thick;default;2000;static;threads;C3_2048;spirals;60:1;239095;-1;-1
img2d;patrin;GCC-12;2048;32;32;24;ssandPile;ocl_hybrid_thick;default;2000;static;cores;C3_2048;spirals;60:1;314616;-1;-1
img2d;patrin;GCC-12;2048;32;32;24;ssandPile;ocl_hybrid_thick;default;2000;static;cores;C3_2048;spirals;60:1;238800;-1;-1
img2d;patrin;GCC-12;2048;32;32;24;ssandPile;ocl_hybrid_thick;default;2000;static;cores;C3_2048;spirals;60:1;244886;-1;-1
img2d;patrin;GCC-12;2048;32;32;24;ssandPile;ocl_hybrid_thick;default;2000;static;cores;C3_2048;spirals;60:1;254646;-1;-1
img2d;patrin;GCC-12;2048;32;32;24;ssandPile;ocl_hybrid_thick;default;2000;static;cores;C3_2048;spirals;60:1;239431;-1;-1
img2d;patrin;GCC-12;2048;32;32;24;ssandPile;ocl_hybrid_thick;default;2000;static;cores;C3_2048;spirals;60:1;238749;-1;-1
img2d;patrin;GCC-12;2048;32;32;24;ssandPile;ocl_hybrid_thick;default;2000;static;cores;C3_2048;spirals;60:1;236915;-1;-1
img2d;patrin;GCC-12;2048;32;32;24;ssandPile;ocl_hybrid_thick;default;2000;static;cores;C3_2048;spirals;60:1;242517;-1;-1
img2d;patrin;GCC-12;2048;32;32;24;ssandPile;ocl_hybrid_thick;default;2000;static;cores;C3_2048;spirals;60:1;238689;-1;-1
img2d;patrin;GCC-12;2048;32;32;24;ssandPile;ocl_hybrid_thick;default;2000;static;cores;C3_2048;spirals;60:1;272839;-1;-1
img2d;patrin;GCC-12;2048;32;32;24;ssandPile;ocl_hybrid_thick;default;2000;static;sockets;C3_2048;spirals;60:1;237549;-1;-1
img2d;patrin;GCC-12;2048;32;32;24;ssandPile;ocl_hybrid_thick;default;2000;static;sockets;C3_2048;spirals;60:1;242976;-1;-1
img2d;patrin;GCC-12;2048;32;32;24;ssandPile;ocl_hybrid_thick;default;2000;static;sockets;C3_2048;spirals;60:1;597556;-1;-1
img2d;patrin;GCC-12;2048;32;32;24;ssandPile;ocl_hybrid_thick;default;2000;static;sockets;C3_2048;spirals;60:1;3059691;-1;-1
img2d;patrin;GCC-12;2048;32;32;24;ssandPile;ocl_hybrid_thick;default;2000;static;sockets;C3_2048;spirals;60:1;331497;-1;-1
img2d;patrin;GCC-12;2048;32;32;24;ssandPile;ocl_hybrid_thick;default;2000;static;sockets;C3_2048;spirals;60:1;340498;-1;-1
img2d;patrin;GCC-12;2048;32;32;24;ssandPile;ocl_hybrid_thick;default;2000;static;sockets;C3_2048;spirals;60:1;259031;-1;-1
img2d;patrin;GCC-12;2048;32;32;24;ssandPile;ocl_hybrid_thick;default;2000;static;sockets;C3_2048;spirals;60:1;290758;-1;-1
img2d;patrin;GCC-12;2048;32;32;24;ssandPile;ocl_hybrid_thick;default;2000;static;sockets;C3_2048;spirals;60:1;238797;-1;-1
img2d;patrin;GCC-12;2048;32;32;24;ssandPile;ocl_hybrid_thick;default;2000;static;sockets;C3_2048;spirals;60:1;238427;-1;-1
img2d;patrin;GCC-12;2048;64;4;24;ssandPile;ocl_hybrid_thick;default;2000;static;threads;C3_2048;spirals;60:1;199226;-1;-1
img2d;patrin;GCC-12;2048;64;4;24;ssandPile;ocl_hybrid_thick;default;2000;static;threads;C3_2048;spirals;60:1;160773;-1;-1
img2d;patrin;GCC-12;2048;64;4;24;ssandPile;ocl_hybrid_thick;default;2000;static;threads;C3_2048;spirals;60:1;159468;-1;-1
img2d;patrin;GCC-12;2048;64;4;24;ssandPile;ocl_hybrid_thick;default;2000;static;threads;C3_2048;spirals;60:1;159592;-1;-1
img2d;patrin;GCC-12;2048;64;4;24;ssandPile;ocl_hybrid_thick;default;2000;static;threads;C3_2048;spirals;60:1;159769;-1;-1
img2d;patrin;GCC-12;2048;64;4;24;ssandPile;ocl_hybrid_thick;default;2000;static;threads;C3_2048;spirals;60:1;159761;-1;-1
img2d;patrin;GCC-12;2048;64;4;24;ssandPile;ocl_hybrid_thick;default;2000;static;threads;C3_2048;spirals;60:1;206755;-1;-1
img2d;patrin;GCC-12;2048;64;4;24;ssandPile;ocl_hybrid_thick;default;2000;static;threads;C3_2048;spirals;60:1;159885;-1;-1
img2d;patrin;GCC-12;2048;64;4;24;ssandPile;ocl_hybrid_thick;default;2000;static;threads;C3_2048;spirals;60:1;158496;-1;-1
img2d;patrin;GCC-12;2048;64;4;24;ssandPile;ocl_hybrid_thick;default;2000;static;threads;C3_2048;spirals;60:1;160367;-1;-1
img2d;patrin;GCC-12;2048;64;4;24;ssandPile;ocl_hybrid_thick;default;2000;static;cores;C3_2048;spirals;60:1;182779;-1;-1
img2d;patrin;GCC-12;2048;64;4;24;ssandPile;ocl_hybrid_thick;default;2000;static;cores;C3_2048;spirals;60:1;176360;-1;-1
img2d;patrin;GCC-12;2048;64;4;24;ssandPile;ocl_hybrid_thick;default;2000;static;cores;C3_2048;spirals;60:1;158155;-1;-1
img2d;patrin;GCC-12;2048;64;4;24;ssandPile;ocl_hybrid_thick;default;2000;static;cores;C3_2048;spirals;60:1;160599;-1;-1
img2d;patrin;GCC-12;2048;64;4;24;ssandPile;ocl_hybrid_thick;default;2000;static;cores;C3_2048;spirals;60:1;162675;-1;-1
img2d;patrin;GCC-12;2048;64;4;24;ssandPile;ocl_hybrid_thick;default;2000;static;cores;C3_2048;spirals;60:1;159813;-1;-1
img2d;patrin;GCC-12;2048;64;4;24;ssandPile;ocl_hybrid_thick;default;2000;static;cores;C3_2048;spirals;60:1;160533;-1;-1
img2d;patrin;GCC-12;2048;64;4;24;ssandPile;ocl_hybrid_thick;default;2000;static;cores;C3_2048;spirals;60:1;160482;-1;-1
img2d;patrin;GCC-12;2048;64;4;24;ssandPile;ocl_hybrid_thick;default;2000;static;cores;C3_2048;spirals;60:1;202355;-1;-1
img2d;patrin;GCC-12;2048;64;4;24;ssandPile;ocl_hybrid_thick;default;2000;static;cores;C3_2048;spirals;60:1;171699;-1;-1
img2d;patrin;GCC-12;2048;64;4;24;ssandPile;ocl_hybrid_thick;default;2000;static;sockets;C3_2048;spirals;60:1;159362;-1;-1
img2d;patrin;GCC-12;2048;64;4;24;ssandPile;ocl_hybrid_thick;default;2000;static;sockets;C3_2048;spirals;60:1;159555;-1;-1
img2d;patrin;GCC-12;2048;64;4;24;ssandPile;ocl_hybrid_thick;default;2000;static;sockets;C3_2048;spirals;60:1;157880;-1;-1
img2d;patrin;GCC-12;2048;64;4;24;ssandPile;ocl_hybrid_thick;default;2000;static;sockets;C3_2048;spirals;60:1;223811;-1;-1
img2d;patrin;GCC-12;2048;64;4;24;ssandPile;ocl_hybrid_thick;default;2000;static;sockets;C3_2048;spirals;60:1;158356;-1;-1
img2d;patrin;GCC-12;2048;64;4;24;ssandPile;ocl_hybrid_thick;default;2000;static;sockets;C3_2048;spirals;60:1;203854;-1;-1
img2d;patrin;GCC-12;2048;64;4;24;ssandPile;ocl_hybrid_thick;default;2000;static;sockets;C3_2048;spirals;60:1;179461;-1;-1
img2d;patrin;GCC-12;2048;64;4;24;ssandPile;ocl_hybrid_thick;default;2000;static;sockets;C3_2048;spirals;60:1;163212;-1;-1
img2d;patrin;GCC-12;2048;64;4;24;ssandPile;ocl_hybrid_thick;default;2000;static;sockets;C3_2048;spirals;60:1;220680;-1;-1
img2d;patrin;GCC-12;2048;64;4;24;ssandPile;ocl_hybrid_thick;default;2000;static;sockets;C3_2048;spirals;60:1;159713;-1;-1
img2d;patrin;GCC-12;2048;64;8;24;ssandPile;ocl_hybrid_thick;default;2000;static;threads;C3_2048;spirals;60:1;170524;-1;-1
img2d;patrin;GCC-12;2048;64;8;24;ssandPile;ocl_hybrid_thick;default;2000;static;threads;C3_2048;spirals;60:1;163758;-1;-1
img2d;patrin;GCC-12;2048;64;8;24;ssandPile;ocl_hybrid_thick;default;2000;static;threads;C3_2048;spirals;60:1;205846;-1;-1
img2d;patrin;GCC-12;2048;64;8;24;ssandPile;ocl_hybrid_thick;default;2000;static;threads;C3_2048;spirals;60:1;161170;-1;-1
img2d;patrin;GCC-12;2048;64;8;24;ssandPile;ocl_hybrid_thick;default;2000;static;threads;C3_2048;spirals;60:1;224951;-1;-1
img2d;patrin;GCC-12;2048;64;8;24;ssandPile;ocl_hybrid_thick;default;2000;static;threads;C3_2048;spirals;60:1;161571;-1;-1
img2d;patrin;GCC-12;2048;64;8;24;ssandPile;ocl_hybrid_thick;default;2000;static;threads;C3_2048;spirals;60:1;162918;-1;-1
img2d;patrin;GCC-12;2048;64;8;24;ssandPile;ocl_hybrid_thick;default;2000;static;threads;C3_2048;spirals;60:1;172598;-1;-1
img2d;patrin;GCC-12;2048;64;8;24;ssandPile;ocl_hybrid_thick;default;2000;static;threads;C3_2048;spirals;60:1;179270;-1;-1
img2d;patrin;GCC-12;2048;64;8;24;ssandPile;ocl_hybrid_thick;default;2000;static;threads;C3_2048;spirals;60:1;163091;-1;-1
img2d;patrin;GCC-12;2048;64;8;24;ssandPile;ocl_hybrid_thick;default;2000;static;cores;C3_2048;spirals;60:1;204772;-1;-1
img2d;patrin;GCC-12;2048;64;8;24;ssandPile;ocl_hybrid_thick;default;2000;static;cores;C3_2048;spirals;60:1;163793;-1;-1
img2d;patrin;GCC-12;2048;64;8;24;ssandPile;ocl_hybrid_thick;default;2000;static;cores;C3_2048;spirals;60:1;161701;-1;-1
img2d;patrin;GCC-12;2048;64;8;24;ssandPile;ocl_hybrid_thick;default;2000;static;cores;C3_2048;spirals;60:1;162736;-1;-1
img2d;patrin;GCC-12;2048;64;8;24;ssandPile;ocl_hybrid_thick;default;2000;static;cores;C3_2048;spirals;60:1;161573;-1;-1
img2d;patrin;GCC-12;2048;64;8;24;ssandPile;ocl_hybrid_thick;default;2000;static;cores;C3_2048;spirals;60:1;163469;-1;-1
img2d;patrin;GCC-12;2048;64;8;24;ssandPile;ocl_hybrid_thick;default;2000;static;cores;C3_2048;spirals;60:1;173657;-1;-1
img2d;patrin;GCC-12;2048;64;8;24;ssandPile;ocl_hybrid_thick;default;2000;static;cores;C3_2048;spirals;60:1;168191;-1;-1
img2d;patrin;GCC-12;2048;64;8;24;ssandPile;ocl_hybrid_thick;default;2000;static;cores;C3_2048;spirals;60:1;162149;-1;-1
img2d;patrin;GCC-12;2048;64;8;24;ssandPile;ocl_hybrid_thick;default;2000;static;cores;C3_2048;spirals;60:1;216353;-1;-1
img2d;patrin;GCC-12;2048;64;8;24;ssandPile;ocl_hybrid_thick;default;2000;static;sockets;C3_2048;spirals;60:1;210887;-1;-1
img2d;patrin;GCC-12;2048;64;8;24;ssandPile;ocl_hybrid_thick;default;2000;static;sockets;C3_2048;spirals;60:1;224212;-1;-1
img2d;patrin;GCC-12;2048;64;8;24;ssandPile;ocl_hybrid_thick;default;2000;static;sockets;C3_2048;spirals;60:1;163080;-1;-1
img2d;patrin;GCC-12;2048;64;8;24;ssandPile;ocl_hybrid_thick;default;2000;static;sockets;C3_2048;spirals;60:1;178370;-1;-1
img2d;patrin;GCC-12;2048;64;8;24;ssandPile;ocl_hybrid_thick;default;2000;static;sockets;C3_2048;spirals;60:1;162751;-1;-1
img2d;patrin;GCC-12;2048;64;8;24;ssandPile;ocl_hybrid_thick;default;2000;static;sockets;C3_2048;spirals;60:1;163255;-1;-1
img2d;patrin;GCC-12;2048;64;8;24;ssandPile;ocl_hybrid_thick;default;2000;static;sockets;C3_2048;spirals;60:1;230779;-1;-1
img2d;patrin;GCC-12;2048;64;8;24;ssandPile;ocl_hybrid_thick;default;2000;static;sockets;C3_2048;spirals;60:1;162650;-1;-1
img2d;patrin;GCC-12;2048;64;8;24;ssandPile;ocl_hybrid_thick;default;2000;static;sockets;C3_2048;spirals;60:1;161550;-1;-1
img2d;patrin;GCC-12;2048;64;8;24;ssandPile;ocl_hybrid_thick;default;2000;static;sockets;C3_2048;spirals;60:1;208849;-1;-1
img2d;patrin;GCC-12;2048;64;16;24;ssandPile;ocl_hybrid_thick;default;2000;static;threads;C3_2048;spirals;60:1;224204;-1;-1
img2d;patrin;GCC-12;2048;64;16;24;ssandPile;ocl_hybrid_thick;default;2000;static;threads;C3_2048;spirals;60:1;293259;-1;-1
img2d;patrin;GCC-12;2048;64;16;24;ssandPile;ocl_hybrid_thick;default;2000;static;threads;C3_2048;spirals;60:1;223083;-1;-1
img2d;patrin;GCC-12;2048;64;16;24;ssandPile;ocl_hybrid_thick;default;2000;static;threads;C3_2048;spirals;60:1;222455;-1;-1
img2d;patrin;GCC-12;2048;64;16;24;ssandPile;ocl_hybrid_thick;default;2000;static;threads;C3_2048;spirals;60:1;223967;-1;-1
img2d;patrin;GCC-12;2048;64;16;24;ssandPile;ocl_hybrid_thick;default;2000;static;threads;C3_2048;spirals;60:1;222902;-1;-1
img2d;patrin;GCC-12;2048;64;16;24;ssandPile;ocl_hybrid_thick;default;2000;static;threads;C3_2048;spirals;60:1;291895;-1;-1
img2d;patrin;GCC-12;2048;64;16;24;ssandPile;ocl_hybrid_thick;default;2000;static;threads;C3_2048;spirals;60:1;224138;-1;-1
img2d;patrin;GCC-12;2048;64;16;24;ssandPile;ocl_hybrid_thick;default;2000;static;threads;C3_2048;spirals;60:1;223141;-1;-1
img2d;patrin;GCC-12;2048;64;16;24;ssandPile;ocl_hybrid_thick;default;2000;static;threads;C3_2048;spirals;60:1;224068;-1;-1
img2d;patrin;GCC-12;2048;64;16;24;ssandPile;ocl_hybrid_thick;default;2000;static;cores;C3_2048;spirals;60:1;223671;-1;-1
img2d;patrin;GCC-12;2048;64;16;24;ssandPile;ocl_hybrid_thick;default;2000;static;cores;C3_2048;spirals;60:1;330223;-1;-1
img2d;patrin;GCC-12;2048;64;16;24;ssandPile;ocl_hybrid_thick;default;2000;static;cores;C3_2048;spirals;60:1;224644;-1;-1
img2d;patrin;GCC-12;2048;64;16;24;ssandPile;ocl_hybrid_thick;default;2000;static;cores;C3_2048;spirals;60:1;226419;-1;-1
img2d;patrin;GCC-12;2048;64;16;24;ssandPile;ocl_hybrid_thick;default;2000;static;cores;C3_2048;spirals;60:1;224530;-1;-1
img2d;patrin;GCC-12;2048;64;16;24;ssandPile;ocl_hybrid_thick;default;2000;static;cores;C3_2048;spirals;60:1;224744;-1;-1
img2d;patrin;GCC-12;2048;64;16;24;ssandPile;ocl_hybrid_thick;default;2000;static;cores;C3_2048;spirals;60:1;300681;-1;-1
img2d;patrin;GCC-12;2048;64;16;24;ssandPile;ocl_hybrid_thick;default;2000;static;cores;C3_2048;spirals;60:1;223986;-1;-1
img2d;patrin;GCC-12;2048;64;16;24;ssandPile;ocl_hybrid_thick;default;2000;static;cores;C3_2048;spirals;60:1;227343;-1;-1
img2d;patrin;GCC-12;2048;64;16;24;ssandPile;ocl_hybrid_thick;default;2000;static;cores;C3_2048;spirals;60:1;223481;-1;-1
img2d;patrin;GCC-12;2048;64;16;24;ssandPile;ocl_hybrid_thick;default;2000;static;sockets;C3_2048;spirals;60:1;226264;-1;-1
img2d;patrin;GCC-12;2048;64;16;24;ssandPile;ocl_hybrid_thick;default;2000;static;sockets;C3_2048;spirals;60:1;294591;-1;-1
img2d;patrin;GCC-12;2048;64;16;24;ssandPile;ocl_hybrid_thick;default;2000;static;sockets;C3_2048;spirals;60:1;236233;-1;-1
img2d;patrin;GCC-12;2048;64;16;24;ssandPile;ocl_hybrid_thick;default;2000;static;sockets;C3_2048;spirals;60:1;224518;-1;-1
img2d;patrin;GCC-12;2048;64;16;24;ssandPile;ocl_hybrid_thick;default;2000;static;sockets;C3_2048;spirals;60:1;223993;-1;-1
img2d;patrin;GCC-12;2048;64;16;24;ssandPile;ocl_hybrid_thick;default;2000;static;sockets;C3_2048;spirals;60:1;311171;-1;-1
img2d;patrin;GCC-12;2048;64;16;24;ssandPile;ocl_hybrid_thick;default;2000;static;sockets;C3_2048;spirals;60:1;224423;-1;-1
img2d;patrin;GCC-12;2048;64;16;24;ssandPile;ocl_hybrid_thick;default;2000;static;sockets;C3_2048;spirals;60:1;224472;-1;-1
img2d;patrin;GCC-12;2048;64;16;24;ssandPile;ocl_hybrid_thick;default;2000;static;sockets;C3_2048;spirals;60:1;222855;-1;-1
img2d;patrin;GCC-12;2048;64;16;24;ssandPile;ocl_hybrid_thick;default;2000;static;sockets;C3_2048;spirals;60:1;268731;-1;-1
img2d;patrin;GCC-12;2048;128;4;24;ssandPile;ocl_hybrid_thick;default;2000;static;threads;C3_2048;spirals;60:1;195810;-1;-1
img2d;patrin;GCC-12;2048;128;4;24;ssandPile;ocl_hybrid_thick;default;2000;static;threads;C3_2048;spirals;60:1;166959;-1;-1
img2d;patrin;GCC-12;2048;128;4;24;ssandPile;ocl_hybrid_thick;default;2000;static;threads;C3_2048;spirals;60:1;168226;-1;-1
img2d;patrin;GCC-12;2048;128;4;24;ssandPile;ocl_hybrid_thick;default;2000;static;threads;C3_2048;spirals;60:1;167135;-1;-1
img2d;patrin;GCC-12;2048;128;4;24;ssandPile;ocl_hybrid_thick;default;2000;static;threads;C3_2048;spirals;60:1;167590;-1;-1
img2d;patrin;GCC-12;2048;128;4;24;ssandPile;ocl_hybrid_thick;default;2000;static;threads;C3_2048;spirals;60:1;167301;-1;-1
img2d;patrin;GCC-12;2048;128;4;24;ssandPile;ocl_hybrid_thick;default;2000;static;threads;C3_2048;spirals;60:1;171599;-1;-1
img2d;patrin;GCC-12;2048;128;4;24;ssandPile;ocl_hybrid_thick;default;2000;static;threads;C3_2048;spirals;60:1;167320;-1;-1
img2d;patrin;GCC-12;2048;128;4;24;ssandPile;ocl_hybrid_thick;default;2000;static;threads;C3_2048;spirals;60:1;167772;-1;-1
img2d;patrin;GCC-12;2048;128;4;24;ssandPile;ocl_hybrid_thick;default;2000;static;threads;C3_2048;spirals;60:1;169623;-1;-1
img2d;patrin;GCC-12;2048;128;4;24;ssandPile;ocl_hybrid_thick;default;2000;static;cores;C3_2048;spirals;60:1;167087;-1;-1
img2d;patrin;GCC-12;2048;128;4;24;ssandPile;ocl_hybrid_thick;default;2000;static;cores;C3_2048;spirals;60:1;196843;-1;-1
img2d;patrin;GCC-12;2048;128;4;24;ssandPile;ocl_hybrid_thick;default;2000;static;cores;C3_2048;spirals;60:1;166884;-1;-1
img2d;patrin;GCC-12;2048;128;4;24;ssandPile;ocl_hybrid_thick;default;2000;static;cores;C3_2048;spirals;60:1;166854;-1;-1
img2d;patrin;GCC-12;2048;128;4;24;ssandPile;ocl_hybrid_thick;default;2000;static;cores;C3_2048;spirals;60:1;168936;-1;-1
img2d;patrin;GCC-12;2048;128;4;24;ssandPile;ocl_hybrid_thick;default;2000;static;cores;C3_2048;spirals;60:1;168676;-1;-1
img2d;patrin;GCC-12;2048;128;4;24;ssandPile;ocl_hybrid_thick;default;2000;static;cores;C3_2048;spirals;60:1;168771;-1;-1
img2d;patrin;GCC-12;2048;128;4;24;ssandPile;ocl_hybrid_thick;default;2000;static;cores;C3_2048;spirals;60:1;168442;-1;-1
img2d;patrin;GCC-12;2048;128;4;24;ssandPile;ocl_hybrid_thick;default;2000;static;cores;C3_2048;spirals;60:1;168563;-1;-1
img2d;patrin;GCC-12;2048;128;4;24;ssandPile;ocl_hybrid_thick;default;2000;static;cores;C3_2048;spirals;60:1;167053;-1;-1
img2d;patrin;GCC-12;2048;128;4;24;ssandPile;ocl_hybrid_thick;default;2000;static;sockets;C3_2048;spirals;60:1;168045;-1;-1
img2d;patrin;GCC-12;2048;128;4;24;ssandPile;ocl_hybrid_thick;default;2000;static;sockets;C3_2048;spirals;60:1;167723;-1;-1
img2d;patrin;GCC-12;2048;128;4;24;ssandPile;ocl_hybrid_thick;default;2000;static;sockets;C3_2048;spirals;60:1;293760;-1;-1
img2d;patrin;GCC-12;2048;128;4;24;ssandPile;ocl_hybrid_thick;default;2000;static;sockets;C3_2048;spirals;60:1;166841;-1;-1
img2d;patrin;GCC-12;2048;128;4;24;ssandPile;ocl_hybrid_thick;default;2000;static;sockets;C3_2048;spirals;60:1;192690;-1;-1
img2d;patrin;GCC-12;2048;128;4;24;ssandPile;ocl_hybrid_thick;default;2000;static;sockets;C3_2048;spirals;60:1;193269;-1;-1
img2d;patrin;GCC-12;2048;128;4;24;ssandPile;ocl_hybrid_thick;default;2000;static;sockets;C3_2048;spirals;60:1;168063;-1;-1
img2d;patrin;GCC-12;2048;128;4;24;ssandPile;ocl_hybrid_thick;default;2000;static;sockets;C3_2048;spirals;60:1;274385;-1;-1
img2d;patrin;GCC-12;2048;128;4;24;ssandPile;ocl_hybrid_thick;default;2000;static;sockets;C3_2048;spirals;60:1;169041;-1;-1
img2d;patrin;GCC-12;2048;128;4;24;ssandPile;ocl_hybrid_thick;default;2000;static;sockets;C3_2048;spirals;60:1;168200;-1;-1
img2d;patrin;GCC-12;2048;128;8;24;ssandPile;ocl_hybrid_thick;default;2000;static;threads;C3_2048;spirals;60:1;229526;-1;-1
img2d;patrin;GCC-12;2048;128;8;24;ssandPile;ocl_hybrid_thick;default;2000;static;threads;C3_2048;spirals;60:1;231350;-1;-1
img2d;patrin;GCC-12;2048;128;8;24;ssandPile;ocl_hybrid_thick;default;2000;static;threads;C3_2048;spirals;60:1;300760;-1;-1
img2d;patrin;GCC-12;2048;128;8;24;ssandPile;ocl_hybrid_thick;default;2000;static;threads;C3_2048;spirals;60:1;229153;-1;-1
img2d;patrin;GCC-12;2048;128;8;24;ssandPile;ocl_hybrid_thick;default;2000;static;threads;C3_2048;spirals;60:1;240542;-1;-1
img2d;patrin;GCC-12;2048;128;8;24;ssandPile;ocl_hybrid_thick;default;2000;static;threads;C3_2048;spirals;60:1;230037;-1;-1
img2d;patrin;GCC-12;2048;128;8;24;ssandPile;ocl_hybrid_thick;default;2000;static;threads;C3_2048;spirals;60:1;228131;-1;-1
img2d;patrin;GCC-12;2048;128;8;24;ssandPile;ocl_hybrid_thick;default;2000;static;threads;C3_2048;spirals;60:1;296993;-1;-1
img2d;patrin;GCC-12;2048;128;8;24;ssandPile;ocl_hybrid_thick;default;2000;static;threads;C3_2048;spirals;60:1;229050;-1;-1
img2d;patrin;GCC-12;2048;128;8;24;ssandPile;ocl_hybrid_thick;default;2000;static;threads;C3_2048;spirals;60:1;227922;-1;-1
img2d;patrin;GCC-12;2048;128;8;24;ssandPile;ocl_hybrid_thick;default;2000;static;cores;C3_2048;spirals;60:1;229488;-1;-1
img2d;patrin;GCC-12;2048;128;8;24;ssandPile;ocl_hybrid_thick;default;2000;static;cores;C3_2048;spirals;60:1;228511;-1;-1
img2d;patrin;GCC-12;2048;128;8;24;ssandPile;ocl_hybrid_thick;default;2000;static;cores;C3_2048;spirals;60:1;292252;-1;-1
img2d;patrin;GCC-12;2048;128;8;24;ssandPile;ocl_hybrid_thick;default;2000;static;cores;C3_2048;spirals;60:1;227943;-1;-1
img2d;patrin;GCC-12;2048;128;8;24;ssandPile;ocl_hybrid_thick;default;2000;static;cores;C3_2048;spirals;60:1;229758;-1;-1
img2d;patrin;GCC-12;2048;128;8;24;ssandPile;ocl_hybrid_thick;default;2000;static;cores;C3_2048;spirals;60:1;230192;-1;-1
img2d;patrin;GCC-12;2048;128;8;24;ssandPile;ocl_hybrid_thick;default;2000;static;cores;C3_2048;spirals;60:1;230154;-1;-1
img2d;patrin;GCC-12;2048;128;8;24;ssandPile;ocl_hybrid_thick;default;2000;static;cores;C3_2048;spirals;60:1;291279;-1;-1
img2d;patrin;GCC-12;2048;128;8;24;ssandPile;ocl_hybrid_thick;default;2000;static;cores;C3_2048;spirals;60:1;229737;-1;-1
img2d;patrin;GCC-12;2048;128;8;24;ssandPile;ocl_hybrid_thick;default;2000;static;cores;C3_2048;spirals;60:1;229607;-1;-1
img2d;patrin;GCC-12;2048;128;8;24;ssandPile;ocl_hybrid_thick;default;2000;static;sockets;C3_2048;spirals;60:1;227352;-1;-1
img2d;patrin;GCC-12;2048;128;8;24;ssandPile;ocl_hybrid_thick;default;2000;static;sockets;C3_2048;spirals;60:1;228825;-1;-1
img2d;patrin;GCC-12;2048;128;8;24;ssandPile;ocl_hybrid_thick;default;2000;static;sockets;C3_2048;spirals;60:1;229280;-1;-1
img2d;patrin;GCC-12;2048;128;8;24;ssandPile;ocl_hybrid_thick;default;2000;static;sockets;C3_2048;spirals;60:1;229412;-1;-1
img2d;patrin;GCC-12;2048;128;8;24;ssandPile;ocl_hybrid_thick;default;2000;static;sockets;C3_2048;spirals;60:1;228350;-1;-1
img2d;patrin;GCC-12;2048;128;8;24;ssandPile;ocl_hybrid_thick;default;2000;static;sockets;C3_2048;spirals;60:1;228239;-1;-1
img2d;patrin;GCC-12;2048;128;8;24;ssandPile;ocl_hybrid_thick;default;2000;static;sockets;C3_2048;spirals;60:1;3226458;-1;-1
img2d;patrin;GCC-12;2048;128;8;24;ssandPile;ocl_hybrid_thick;default;2000;static;sockets;C3_2048;spirals;60:1;245914;-1;-1
img2d;patrin;GCC-12;2048;128;8;24;ssandPile;ocl_hybrid_thick;default;2000;static;sockets;C3_2048;spirals;60:1;244246;-1;-1
img2d;patrin;GCC-12;2048;128;8;24;ssandPile;ocl_hybrid_thick;default;2000;static;sockets;C3_2048;spirals;60:1;228962;-1;-1
img2d;patrin;GCC-12;2048;256;4;24;ssandPile;ocl_hybrid_thick;default;2000;static;threads;C3_2048;spirals;60:1;235958;-1;-1
img2d;patrin;GCC-12;2048;256;4;24;ssandPile;ocl_hybrid_thick;default;2000;static;threads;C3_2048;spirals;60:1;237204;-1;-1
img2d;patrin;GCC-12;2048;256;4;24;ssandPile;ocl_hybrid_thick;default;2000;static;threads;C3_2048;spirals;60:1;251906;-1;-1
img2d;patrin;GCC-12;2048;256;4;24;ssandPile;ocl_hybrid_thick;default;2000;static;threads;C3_2048;spirals;60:1;249204;-1;-1
img2d;patrin;GCC-12;2048;256;4;24;ssandPile;ocl_hybrid_thick;default;2000;static;threads;C3_2048;spirals;60:1;236934;-1;-1
img2d;patrin;GCC-12;2048;256;4;24;ssandPile;ocl_hybrid_thick;default;2000;static;threads;C3_2048;spirals;60:1;236468;-1;-1
img2d;patrin;GCC-12;2048;256;4;24;ssandPile;ocl_hybrid_thick;default;2000;static;threads;C3_2048;spirals;60:1;237270;-1;-1
img2d;patrin;GCC-12;2048;256;4;24;ssandPile;ocl_hybrid_thick;default;2000;static;threads;C3_2048;spirals;60:1;235765;-1;-1
img2d;patrin;GCC-12;2048;256;4;24;ssandPile;ocl_hybrid_thick;default;2000;static;threads;C3_2048;spirals;60:1;235763;-1;-1
img2d;patrin;GCC-12;2048;256;4;24;ssandPile;ocl_hybrid_thick;default;2000;static;threads;C3_2048;spirals;60:1;235960;-1;-1
img2d;patrin;GCC-12;2048;256;4;24;ssandPile;ocl_hybrid_thick;default;2000;static;cores;C3_2048;spirals;60:1;236411;-1;-1
img2d;patrin;GCC-12;2048;256;4;24;ssandPile;ocl_hybrid_thick;default;2000;static;cores;C3_2048;spirals;60:1;236336;-1;-1
img2d;patrin;GCC-12;2048;256;4;24;ssandPile;ocl_hybrid_thick;default;2000;static;cores;C3_2048;spirals;60:1;234984;-1;-1
img2d;patrin;GCC-12;2048;256;4;24;ssandPile;ocl_hybrid_thick;default;2000;static;cores;C3_2048;spirals;60:1;239376;-1;-1
img2d;patrin;GCC-12;2048;256;4;24;ssandPile;ocl_hybrid_thick;default;2000;static;cores;C3_2048;spirals;60:1;252508;-1;-1
img2d;patrin;GCC-12;2048;256;4;24;ssandPile;ocl_hybrid_thick;default;2000;static;cores;C3_2048;spirals;60:1;237384;-1;-1
img2d;patrin;GCC-12;2048;256;4;24;ssandPile;ocl_hybrid_thick;default;2000;static;cores;C3_2048;spirals;60:1;263136;-1;-1
img2d;patrin;GCC-12;2048;256;4;24;ssandPile;ocl_hybrid_thick;default;2000;static;cores;C3_2048;spirals;60:1;237936;-1;-1
img2d;patrin;GCC-12;2048;256;4;24;ssandPile;ocl_hybrid_thick;default;2000;static;cores;C3_2048;spirals;60:1;304455;-1;-1
img2d;patrin;GCC-12;2048;256;4;24;ssandPile;ocl_hybrid_thick;default;2000;static;cores;C3_2048;spirals;60:1;296274;-1;-1
img2d;patrin;GCC-12;2048;256;4;24;ssandPile;ocl_hybrid_thick;default;2000;static;sockets;C3_2048;spirals;60:1;312628;-1;-1
img2d;patrin;GCC-12;2048;256;4;24;ssandPile;ocl_hybrid_thick;default;2000;static;sockets;C3_2048;spirals;60:1;236747;-1;-1
img2d;patrin;GCC-12;2048;256;4;24;ssandPile;ocl_hybrid_thick;default;2000;static;sockets;C3_2048;spirals;60:1;234866;-1;-1
img2d;patrin;GCC-12;2048;256;4;24;ssandPile;ocl_hybrid_thick;default;2000;static;sockets;C3_2048;spirals;60:1;235766;-1;-1
img2d;patrin;GCC-12;2048;256;4;24;ssandPile;ocl_hybrid_thick;default;2000;static;sockets;C3_2048;spirals;60:1;234913;-1;-1
img2d;patrin;GCC-12;2048;256;4;24;ssandPile;ocl_hybrid_thick;default;2000;static;sockets;C3_2048;spirals;60:1;254317;-1;-1
img2d;patrin;GCC-12;2048;256;4;24;ssandPile;ocl_hybrid_thick;default;2000;static;sockets;C3_2048;spirals;60:1;234916;-1;-1
img2d;patrin;GCC-12;2048;256;4;24;ssandPile;ocl_hybrid_thick;default;2000;static;sockets;C3_2048;spirals;60:1;1031669;-1;-1
img2d;patrin;GCC-12;2048;256;4;24;ssandPile;ocl_hybrid_thick;default;2000;static;sockets;C3_2048;spirals;60:1;236521;-1;-1
img2d;patrin;GCC-12;2048;256;4;24;ssandPile;ocl_hybrid_thick;default;2000;static;sockets;C3_2048;spirals;60:1;235862;-1;-1
