type;machine;compiler;size;tilew;tileh;threads;kernel;variant;tiling;iterations;schedule;places;label;arg;config;time;total_cycles;total_stalls
img2d;patrin;GCC-12;4096;32;16;1;ssandPile;ocl_hybrid_thick;default;1000;static;cores;C1_Dense_4096;4partout;60:1;2164238;-1;-1
img2d;patrin;GCC-12;4096;32;16;2;ssandPile;ocl_hybrid_thick;default;1000;static;cores;C1_Dense_4096;4partout;60:1;1122985;-1;-1
img2d;patrin;GCC-12;4096;32;16;4;ssandPile;ocl_hybrid_thick;default;1000;static;cores;C1_Dense_4096;4partout;60:1;607747;-1;-1
img2d;patrin;GCC-12;4096;32;16;6;ssandPile;ocl_hybrid_thick;default;1000;static;cores;C1_Dense_4096;4partout;60:1;395354;-1;-1
img2d;patrin;GCC-12;4096;32;16;8;ssandPile;ocl_hybrid_thick;default;1000;static;cores;C1_Dense_4096;4partout;60:1;332823;-1;-1
img2d;patrin;GCC-12;4096;32;16;12;ssandPile;ocl_hybrid_thick;default;1000;static;cores;C1_Dense_4096;4partout;60:1;371649;-1;-1
img2d;patrin;GCC-12;4096;32;16;16;ssandPile;ocl_hybrid_thick;default;1000;static;cores;C1_Dense_4096;4partout;60:1;328878;-1;-1
img2d;patrin;GCC-12;4096;32;16;20;ssandPile;ocl_hybrid_thick;default;1000;static;cores;C1_Dense_4096;4partout;60:1;328232;-1;-1
img2d;patrin;GCC-12;4096;32;16;24;ssandPile;ocl_hybrid_thick;default;1000;static;cores;C1_Dense_4096;4partout;60:1;327157;-1;-1
img2d;patrin;GCC-12;4096;32;16;1;ssandPile;ocl_hybrid_thick;default;1000;dynamic;cores;C1_Dense_4096;4partout;60:1;2230837;-1;-1
img2d;patrin;GCC-12;4096;32;16;2;ssandPile;ocl_hybrid_thick;default;1000;dynamic;cores;C1_Dense_4096;4partout;60:1;3328875;-1;-1
img2d;patrin;GCC-12;4096;32;16;4;ssandPile;ocl_hybrid_thick;default;1000;dynamic;cores;C1_Dense_4096;4partout;60:1;2343331;-1;-1
img2d;patrin;GCC-12;4096;32;16;6;ssandPile;ocl_hybrid_thick;default;1000;dynamic;cores;C1_Dense_4096;4partout;60:1;1960492;-1;-1
img2d;patrin;GCC-12;4096;32;16;8;ssandPile;ocl_hybrid_thick;default;1000;dynamic;cores;C1_Dense_4096;4partout;60:1;1715859;-1;-1
img2d;patrin;GCC-12;4096;32;16;12;ssandPile;ocl_hybrid_thick;default;1000;dynamic;cores;C1_Dense_4096;4partout;60:1;1300847;-1;-1
img2d;patrin;GCC-12;4096;32;16;16;ssandPile;ocl_hybrid_thick;default;1000;dynamic;cores;C1_Dense_4096;4partout;60:1;1088996;-1;-1
img2d;patrin;GCC-12;4096;32;16;20;ssandPile;ocl_hybrid_thick;default;1000;dynamic;cores;C1_Dense_4096;4partout;60:1;1057390;-1;-1
img2d;patrin;GCC-12;4096;32;16;24;ssandPile;ocl_hybrid_thick;default;1000;dynamic;cores;C1_Dense_4096;4partout;60:1;1020145;-1;-1
img2d;patrin;GCC-12;4096;32;16;1;ssandPile;ocl_hybrid_thick;default;1000;guided;cores;C1_Dense_4096;4partout;60:1;2120134;-1;-1
img2d;patrin;GCC-12;4096;32;16;2;ssandPile;ocl_hybrid_thick;default;1000;guided;cores;C1_Dense_4096;4partout;60:1;1117733;-1;-1
img2d;patrin;GCC-12;4096;32;16;4;ssandPile;ocl_hybrid_thick;default;1000;guided;cores;C1_Dense_4096;4partout;60:1;588362;-1;-1
img2d;patrin;GCC-12;4096;32;16;6;ssandPile;ocl_hybrid_thick;default;1000;guided;cores;C1_Dense_4096;4partout;60:1;437682;-1;-1
img2d;patrin;GCC-12;4096;32;16;8;ssandPile;ocl_hybrid_thick;default;1000;guided;cores;C1_Dense_4096;4partout;60:1;335076;-1;-1
img2d;patrin;GCC-12;4096;32;16;12;ssandPile;ocl_hybrid_thick;default;1000;guided;cores;C1_Dense_4096;4partout;60:1;336612;-1;-1
img2d;patrin;GCC-12;4096;32;16;16;ssandPile;ocl_hybrid_thick;default;1000;guided;cores;C1_Dense_4096;4partout;60:1;333007;-1;-1
img2d;patrin;GCC-12;4096;32;16;20;ssandPile;ocl_hybrid_thick;default;1000;guided;cores;C1_Dense_4096;4partout;60:1;333015;-1;-1
img2d;patrin;GCC-12;4096;32;16;24;ssandPile;ocl_hybrid_thick;default;1000;guided;cores;C1_Dense_4096;4partout;60:1;333331;-1;-1
img2d;patrin;GCC-12;4096;32;16;1;ssandPile;ocl_hybrid_thick;default;1000;static;cores;C1_Dense_4096;4partout;60:1;2149230;-1;-1
img2d;patrin;GCC-12;4096;32;16;2;ssandPile;ocl_hybrid_thick;default;1000;static;cores;C1_Dense_4096;4partout;60:1;1126899;-1;-1
img2d;patrin;GCC-12;4096;32;16;4;ssandPile;ocl_hybrid_thick;default;1000;static;cores;C1_Dense_4096;4partout;60:1;604643;-1;-1
img2d;patrin;GCC-12;4096;32;16;6;ssandPile;ocl_hybrid_thick;default;1000;static;cores;C1_Dense_4096;4partout;60:1;420526;-1;-1
img2d;patrin;GCC-12;4096;32;16;8;ssandPile;ocl_hybrid_thick;default;1000;static;cores;C1_Dense_4096;4partout;60:1;332721;-1;-1
img2d;patrin;GCC-12;4096;32;16;12;ssandPile;ocl_hybrid_thick;default;1000;static;cores;C1_Dense_4096;4partout;60:1;366432;-1;-1
img2d;patrin;GCC-12;4096;32;16;16;ssandPile;ocl_hybrid_thick;default;1000;static;cores;C1_Dense_4096;4partout;60:1;329884;-1;-1
img2d;patrin;GCC-12;4096;32;16;20;ssandPile;ocl_hybrid_thick;default;1000;static;cores;C1_Dense_4096;4partout;60:1;328283;-1;-1
img2d;patrin;GCC-12;4096;32;16;24;ssandPile;ocl_hybrid_thick;default;1000;static;cores;C1_Dense_4096;4partout;60:1;327975;-1;-1
img2d;patrin;GCC-12;4096;32;16;1;ssandPile;ocl_hybrid_thick;default;1000;dynamic;cores;C1_Dense_4096;4partout;60:1;2238981;-1;-1
img2d;patrin;GCC-12;4096;32;16;2;ssandPile;ocl_hybrid_thick;default;1000;dynamic;cores;C1_Dense_4096;4partout;60:1;3332366;-1;-1
img2d;patrin;GCC-12;4096;32;16;4;ssandPile;ocl_hybrid_thick;default;1000;dynamic;cores;C1_Dense_4096;4partout;60:1;2323759;-1;-1
img2d;patrin;GCC-12;4096;32;16;6;ssandPile;ocl_hybrid_thick;default;1000;dynamic;cores;C1_Dense_4096;4partout;60:1;1983099;-1;-1
img2d;patrin;GCC-12;4096;32;16;8;ssandPile;ocl_hybrid_thick;default;1000;dynamic;cores;C1_Dense_4096;4partout;60:1;1714763;-1;-1
img2d;patrin;GCC-12;4096;32;16;12;ssandPile;ocl_hybrid_thick;default;1000;dynamic;cores;C1_Dense_4096;4partout;60:1;1298189;-1;-1
img2d;patrin;GCC-12;4096;32;16;16;ssandPile;ocl_hybrid_thick;default;1000;dynamic;cores;C1_Dense_4096;4partout;60:1;1110531;-1;-1
img2d;patrin;GCC-12;4096;32;16;20;ssandPile;ocl_hybrid_thick;default;1000;dynamic;cores;C1_Dense_4096;4partout;60:1;1031198;-1;-1
img2d;patrin;GCC-12;4096;32;16;24;ssandPile;ocl_hybrid_thick;default;1000;dynamic;cores;C1_Dense_4096;4partout;60:1;1021192;-1;-1
img2d;patrin;GCC-12;4096;32;16;1;ssandPile;ocl_hybrid_thick;default;1000;guided;cores;C1_Dense_4096;4partout;60:1;2133336;-1;-1
img2d;patrin;GCC-12;4096;32;16;2;ssandPile;ocl_hybrid_thick;default;1000;guided;cores;C1_Dense_4096;4partout;60:1;1112853;-1;-1
img2d;patrin;GCC-12;4096;32;16;4;ssandPile;ocl_hybrid_thick;default;1000;guided;cores;C1_Dense_4096;4partout;60:1;584973;-1;-1
img2d;patrin;GCC-12;4096;32;16;6;ssandPile;ocl_hybrid_thick;default;1000;guided;cores;C1_Dense_4096;4partout;60:1;406609;-1;-1
img2d;patrin;GCC-12;4096;32;16;8;ssandPile;ocl_hybrid_thick;default;1000;guided;cores;C1_Dense_4096;4partout;60:1;336059;-1;-1
img2d;patrin;GCC-12;4096;32;16;12;ssandPile;ocl_hybrid_thick;default;1000;guided;cores;C1_Dense_4096;4partout;60:1;339089;-1;-1
img2d;patrin;GCC-12;4096;32;16;16;ssandPile;ocl_hybrid_thick;default;1000;guided;cores;C1_Dense_4096;4partout;60:1;333696;-1;-1
img2d;patrin;GCC-12;4096;32;16;20;ssandPile;ocl_hybrid_thick;default;1000;guided;cores;C1_Dense_4096;4partout;60:1;333445;-1;-1
img2d;patrin;GCC-12;4096;32;16;24;ssandPile;ocl_hybrid_thick;default;1000;guided;cores;C1_Dense_4096;4partout;60:1;333005;-1;-1
img2d;patrin;GCC-12;4096;32;16;1;ssandPile;ocl_hybrid_thick;default;1000;static;cores;C1_Dense_4096;4partout;60:1;2157345;-1;-1
img2d;patrin;GCC-12;4096;32;16;2;ssandPile;ocl_hybrid_thick;default;1000;static;cores;C1_Dense_4096;4partout;60:1;1121463;-1;-1
img2d;patrin;GCC-12;4096;32;16;4;ssandPile;ocl_hybrid_thick;default;1000;static;cores;C1_Dense_4096;4partout;60:1;632531;-1;-1
img2d;patrin;GCC-12;4096;32;16;6;ssandPile;ocl_hybrid_thick;default;1000;static;cores;C1_Dense_4096;4partout;60:1;402807;-1;-1
img2d;patrin;GCC-12;4096;32;16;8;ssandPile;ocl_hybrid_thick;default;1000;static;cores;C1_Dense_4096;4partout;60:1;332508;-1;-1
img2d;patrin;GCC-12;4096;32;16;12;ssandPile;ocl_hybrid_thick;default;1000;static;cores;C1_Dense_4096;4partout;60:1;363615;-1;-1
img2d;patrin;GCC-12;4096;32;16;16;ssandPile;ocl_hybrid_thick;default;1000;static;cores;C1_Dense_4096;4partout;60:1;330094;-1;-1
img2d;patrin;GCC-12;4096;32;16;20;ssandPile;ocl_hybrid_thick;default;1000;static;cores;C1_Dense_4096;4partout;60:1;328560;-1;-1
img2d;patrin;GCC-12;4096;32;16;24;ssandPile;ocl_hybrid_thick;default;1000;static;cores;C1_Dense_4096;4partout;60:1;328828;-1;-1
img2d;patrin;GCC-12;4096;32;16;1;ssandPile;ocl_hybrid_thick;default;1000;dynamic;cores;C1_Dense_4096;4partout;60:1;2227938;-1;-1
img2d;patrin;GCC-12;4096;32;16;2;ssandPile;ocl_hybrid_thick;default;1000;dynamic;cores;C1_Dense_4096;4partout;60:1;3316415;-1;-1
img2d;patrin;GCC-12;4096;32;16;4;ssandPile;ocl_hybrid_thick;default;1000;dynamic;cores;C1_Dense_4096;4partout;60:1;2369611;-1;-1
img2d;patrin;GCC-12;4096;32;16;6;ssandPile;ocl_hybrid_thick;default;1000;dynamic;cores;C1_Dense_4096;4partout;60:1;1969788;-1;-1
img2d;patrin;GCC-12;4096;32;16;8;ssandPile;ocl_hybrid_thick;default;1000;dynamic;cores;C1_Dense_4096;4partout;60:1;1727905;-1;-1
img2d;patrin;GCC-12;4096;32;16;12;ssandPile;ocl_hybrid_thick;default;1000;dynamic;cores;C1_Dense_4096;4partout;60:1;1287337;-1;-1
img2d;patrin;GCC-12;4096;32;16;16;ssandPile;ocl_hybrid_thick;default;1000;dynamic;cores;C1_Dense_4096;4partout;60:1;1096199;-1;-1
img2d;patrin;GCC-12;4096;32;16;20;ssandPile;ocl_hybrid_thick;default;1000;dynamic;cores;C1_Dense_4096;4partout;60:1;1053227;-1;-1
img2d;patrin;GCC-12;4096;32;16;24;ssandPile;ocl_hybrid_thick;default;1000;dynamic;cores;C1_Dense_4096;4partout;60:1;995370;-1;-1
img2d;patrin;GCC-12;4096;32;16;1;ssandPile;ocl_hybrid_thick;default;1000;guided;cores;C1_Dense_4096;4partout;60:1;2156880;-1;-1
img2d;patrin;GCC-12;4096;32;16;2;ssandPile;ocl_hybrid_thick;default;1000;guided;cores;C1_Dense_4096;4partout;60:1;1126583;-1;-1
img2d;patrin;GCC-12;4096;32;16;4;ssandPile;ocl_hybrid_thick;default;1000;guided;cores;C1_Dense_4096;4partout;60:1;596290;-1;-1
img2d;patrin;GCC-12;4096;32;16;6;ssandPile;ocl_hybrid_thick;default;1000;guided;cores;C1_Dense_4096;4partout;60:1;412965;-1;-1
img2d;patrin;GCC-12;4096;32;16;8;ssandPile;ocl_hybrid_thick;default;1000;guided;cores;C1_Dense_4096;4partout;60:1;335504;-1;-1
img2d;patrin;GCC-12;4096;32;16;12;ssandPile;ocl_hybrid_thick;default;1000;guided;cores;C1_Dense_4096;4partout;60:1;336712;-1;-1
img2d;patrin;GCC-12;4096;32;16;16;ssandPile;ocl_hybrid_thick;default;1000;guided;cores;C1_Dense_4096;4partout;60:1;334009;-1;-1
img2d;patrin;GCC-12;4096;32;16;20;ssandPile;ocl_hybrid_thick;default;1000;guided;cores;C1_Dense_4096;4partout;60:1;333974;-1;-1
img2d;patrin;GCC-12;4096;32;16;24;ssandPile;ocl_hybrid_thick;default;1000;guided;cores;C1_Dense_4096;4partout;60:1;333775;-1;-1
img2d;patrin;GCC-12;4096;32;16;1;ssandPile;ocl_hybrid_thick;default;1000;static;cores;C1_Dense_4096;4partout;60:1;2164881;-1;-1
img2d;patrin;GCC-12;4096;32;16;2;ssandPile;ocl_hybrid_thick;default;1000;static;cores;C1_Dense_4096;4partout;60:1;1131932;-1;-1
img2d;patrin;GCC-12;4096;32;16;4;ssandPile;ocl_hybrid_thick;default;1000;static;cores;C1_Dense_4096;4partout;60:1;593418;-1;-1
img2d;patrin;GCC-12;4096;32;16;6;ssandPile;ocl_hybrid_thick;default;1000;static;cores;C1_Dense_4096;4partout;60:1;406292;-1;-1
img2d;patrin;GCC-12;4096;32;16;8;ssandPile;ocl_hybrid_thick;default;1000;static;cores;C1_Dense_4096;4partout;60:1;334691;-1;-1
img2d;patrin;GCC-12;4096;32;16;12;ssandPile;ocl_hybrid_thick;default;1000;static;cores;C1_Dense_4096;4partout;60:1;365017;-1;-1
img2d;patrin;GCC-12;4096;32;16;16;ssandPile;ocl_hybrid_thick;default;1000;static;cores;C1_Dense_4096;4partout;60:1;330701;-1;-1
img2d;patrin;GCC-12;4096;32;16;20;ssandPile;ocl_hybrid_thick;default;1000;static;cores;C1_Dense_4096;4partout;60:1;329273;-1;-1
img2d;patrin;GCC-12;4096;32;16;24;ssandPile;ocl_hybrid_thick;default;1000;static;cores;C1_Dense_4096;4partout;60:1;327907;-1;-1
img2d;patrin;GCC-12;4096;32;16;1;ssandPile;ocl_hybrid_thick;default;1000;dynamic;cores;C1_Dense_4096;4partout;60:1;2221112;-1;-1
img2d;patrin;GCC-12;4096;32;16;2;ssandPile;ocl_hybrid_thick;default;1000;dynamic;cores;C1_Dense_4096;4partout;60:1;3326311;-1;-1
img2d;patrin;GCC-12;4096;32;16;4;ssandPile;ocl_hybrid_thick;default;1000;dynamic;cores;C1_Dense_4096;4partout;60:1;2318675;-1;-1
img2d;patrin;GCC-12;4096;32;16;6;ssandPile;ocl_hybrid_thick;default;1000;dynamic;cores;C1_Dense_4096;4partout;60:1;1966888;-1;-1
img2d;patrin;GCC-12;4096;32;16;8;ssandPile;ocl_hybrid_thick;default;1000;dynamic;cores;C1_Dense_4096;4partout;60:1;1699751;-1;-1
img2d;patrin;GCC-12;4096;32;16;12;ssandPile;ocl_hybrid_thick;default;1000;dynamic;cores;C1_Dense_4096;4partout;60:1;1297342;-1;-1
img2d;patrin;GCC-12;4096;32;16;16;ssandPile;ocl_hybrid_thick;default;1000;dynamic;cores;C1_Dense_4096;4partout;60:1;1107132;-1;-1
img2d;patrin;GCC-12;4096;32;16;20;ssandPile;ocl_hybrid_thick;default;1000;dynamic;cores;C1_Dense_4096;4partout;60:1;1052439;-1;-1
img2d;patrin;GCC-12;4096;32;16;24;ssandPile;ocl_hybrid_thick;default;1000;dynamic;cores;C1_Dense_4096;4partout;60:1;1002598;-1;-1
img2d;patrin;GCC-12;4096;32;16;1;ssandPile;ocl_hybrid_thick;default;1000;guided;cores;C1_Dense_4096;4partout;60:1;2130791;-1;-1
img2d;patrin;GCC-12;4096;32;16;2;ssandPile;ocl_hybrid_thick;default;1000;guided;cores;C1_Dense_4096;4partout;60:1;1115804;-1;-1
img2d;patrin;GCC-12;4096;32;16;4;ssandPile;ocl_hybrid_thick;default;1000;guided;cores;C1_Dense_4096;4partout;60:1;589311;-1;-1
img2d;patrin;GCC-12;4096;32;16;6;ssandPile;ocl_hybrid_thick;default;1000;guided;cores;C1_Dense_4096;4partout;60:1;407886;-1;-1
img2d;patrin;GCC-12;4096;32;16;8;ssandPile;ocl_hybrid_thick;default;1000;guided;cores;C1_Dense_4096;4partout;60:1;336086;-1;-1
img2d;patrin;GCC-12;4096;32;16;12;ssandPile;ocl_hybrid_thick;default;1000;guided;cores;C1_Dense_4096;4partout;60:1;338769;-1;-1
img2d;patrin;GCC-12;4096;32;16;16;ssandPile;ocl_hybrid_thick;default;1000;guided;cores;C1_Dense_4096;4partout;60:1;334402;-1;-1
img2d;patrin;GCC-12;4096;32;16;20;ssandPile;ocl_hybrid_thick;default;1000;guided;cores;C1_Dense_4096;4partout;60:1;334156;-1;-1
img2d;patrin;GCC-12;4096;32;16;24;ssandPile;ocl_hybrid_thick;default;1000;guided;cores;C1_Dense_4096;4partout;60:1;333932;-1;-1
img2d;patrin;GCC-12;1024;32;16;1;ssandPile;ocl_hybrid_thick;default;4000;static;cores;C2_Dense_1024;4partout;60:1;547002;-1;-1
img2d;patrin;GCC-12;1024;32;16;2;ssandPile;ocl_hybrid_thick;default;4000;static;cores;C2_Dense_1024;4partout;60:1;313678;-1;-1
img2d;patrin;GCC-12;1024;32;16;4;ssandPile;ocl_hybrid_thick;default;4000;static;cores;C2_Dense_1024;4partout;60:1;188759;-1;-1
img2d;patrin;GCC-12;1024;32;16;6;ssandPile;ocl_hybrid_thick;default;4000;static;cores;C2_Dense_1024;4partout;60:1;134932;-1;-1
img2d;patrin;GCC-12;1024;32;16;8;ssandPile;ocl_hybrid_thick;default;4000;static;cores;C2_Dense_1024;4partout;60:1;108866;-1;-1
img2d;patrin;GCC-12;1024;32;16;12;ssandPile;ocl_hybrid_thick;default;4000;static;cores;C2_Dense_1024;4partout;60:1;109219;-1;-1
img2d;patrin;GCC-12;1024;32;16;16;ssandPile;ocl_hybrid_thick;default;4000;static;cores;C2_Dense_1024;4partout;60:1;105580;-1;-1
img2d;patrin;GCC-12;1024;32;16;20;ssandPile;ocl_hybrid_thick;default;4000;static;cores;C2_Dense_1024;4partout;60:1;105755;-1;-1
img2d;patrin;GCC-12;1024;32;16;24;ssandPile;ocl_hybrid_thick;default;4000;static;cores;C2_Dense_1024;4partout;60:1;106628;-1;-1
img2d;patrin;GCC-12;1024;32;16;1;ssandPile;ocl_hybrid_thick;default;4000;dynamic;cores;C2_Dense_1024;4partout;60:1;631202;-1;-1
img2d;patrin;GCC-12;1024;32;16;2;ssandPile;ocl_hybrid_thick;default;4000;dynamic;cores;C2_Dense_1024;4partout;60:1;739663;-1;-1
img2d;patrin;GCC-12;1024;32;16;4;ssandPile;ocl_hybrid_thick;default;4000;dynamic;cores;C2_Dense_1024;4partout;60:1;483532;-1;-1
img2d;patrin;GCC-12;1024;32;16;6;ssandPile;ocl_hybrid_thick;default;4000;dynamic;cores;C2_Dense_1024;4partout;60:1;373473;-1;-1
img2d;patrin;GCC-12;1024;32;16;8;ssandPile;ocl_hybrid_thick;default;4000;dynamic;cores;C2_Dense_1024;4partout;60:1;334024;-1;-1
img2d;patrin;GCC-12;1024;32;16;12;ssandPile;ocl_hybrid_thick;default;4000;dynamic;cores;C2_Dense_1024;4partout;60:1;277817;-1;-1
img2d;patrin;GCC-12;1024;32;16;16;ssandPile;ocl_hybrid_thick;default;4000;dynamic;cores;C2_Dense_1024;4partout;60:1;259395;-1;-1
img2d;patrin;GCC-12;1024;32;16;20;ssandPile;ocl_hybrid_thick;default;4000;dynamic;cores;C2_Dense_1024;4partout;60:1;266768;-1;-1
img2d;patrin;GCC-12;1024;32;16;24;ssandPile;ocl_hybrid_thick;default;4000;dynamic;cores;C2_Dense_1024;4partout;60:1;265104;-1;-1
img2d;patrin;GCC-12;1024;32;16;1;ssandPile;ocl_hybrid_thick;default;4000;guided;cores;C2_Dense_1024;4partout;60:1;558775;-1;-1
img2d;patrin;GCC-12;1024;32;16;2;ssandPile;ocl_hybrid_thick;default;4000;guided;cores;C2_Dense_1024;4partout;60:1;270980;-1;-1
img2d;patrin;GCC-12;1024;32;16;4;ssandPile;ocl_hybrid_thick;default;4000;guided;cores;C2_Dense_1024;4partout;60:1;171699;-1;-1
img2d;patrin;GCC-12;1024;32;16;6;ssandPile;ocl_hybrid_thick;default;4000;guided;cores;C2_Dense_1024;4partout;60:1;125056;-1;-1
img2d;patrin;GCC-12;1024;32;16;8;ssandPile;ocl_hybrid_thick;default;4000;guided;cores;C2_Dense_1024;4partout;60:1;115079;-1;-1
img2d;patrin;GCC-12;1024;32;16;12;ssandPile;ocl_hybrid_thick;default;4000;guided;cores;C2_Dense_1024;4partout;60:1;129523;-1;-1
img2d;patrin;GCC-12;1024;32;16;16;ssandPile;ocl_hybrid_thick;default;4000;guided;cores;C2_Dense_1024;4partout;60:1;135722;-1;-1
img2d;patrin;GCC-12;1024;32;16;20;ssandPile;ocl_hybrid_thick;default;4000;guided;cores;C2_Dense_1024;4partout;60:1;144310;-1;-1
img2d;patrin;GCC-12;1024;32;16;24;ssandPile;ocl_hybrid_thick;default;4000;guided;cores;C2_Dense_1024;4partout;60:1;152403;-1;-1
img2d;patrin;GCC-12;1024;32;16;1;ssandPile;ocl_hybrid_thick;default;4000;static;cores;C2_Dense_1024;4partout;60:1;519529;-1;-1
img2d;patrin;GCC-12;1024;32;16;2;ssandPile;ocl_hybrid_thick;default;4000;static;cores;C2_Dense_1024;4partout;60:1;289125;-1;-1
img2d;patrin;GCC-12;1024;32;16;4;ssandPile;ocl_hybrid_thick;default;4000;static;cores;C2_Dense_1024;4partout;60:1;170876;-1;-1
img2d;patrin;GCC-12;1024;32;16;6;ssandPile;ocl_hybrid_thick;default;4000;static;cores;C2_Dense_1024;4partout;60:1;123753;-1;-1
img2d;patrin;GCC-12;1024;32;16;8;ssandPile;ocl_hybrid_thick;default;4000;static;cores;C2_Dense_1024;4partout;60:1;105102;-1;-1
img2d;patrin;GCC-12;1024;32;16;12;ssandPile;ocl_hybrid_thick;default;4000;static;cores;C2_Dense_1024;4partout;60:1;116864;-1;-1
img2d;patrin;GCC-12;1024;32;16;16;ssandPile;ocl_hybrid_thick;default;4000;static;cores;C2_Dense_1024;4partout;60:1;108631;-1;-1
img2d;patrin;GCC-12;1024;32;16;20;ssandPile;ocl_hybrid_thick;default;4000;static;cores;C2_Dense_1024;4partout;60:1;105790;-1;-1
img2d;patrin;GCC-12;1024;32;16;24;ssandPile;ocl_hybrid_thick;default;4000;static;cores;C2_Dense_1024;4partout;60:1;106372;-1;-1
img2d;patrin;GCC-12;1024;32;16;1;ssandPile;ocl_hybrid_thick;default;4000;dynamic;cores;C2_Dense_1024;4partout;60:1;547571;-1;-1
img2d;patrin;GCC-12;1024;32;16;2;ssandPile;ocl_hybrid_thick;default;4000;dynamic;cores;C2_Dense_1024;4partout;60:1;744855;-1;-1
img2d;patrin;GCC-12;1024;32;16;4;ssandPile;ocl_hybrid_thick;default;4000;dynamic;cores;C2_Dense_1024;4partout;60:1;485989;-1;-1
img2d;patrin;GCC-12;1024;32;16;6;ssandPile;ocl_hybrid_thick;default;4000;dynamic;cores;C2_Dense_1024;4partout;60:1;386951;-1;-1
img2d;patrin;GCC-12;1024;32;16;8;ssandPile;ocl_hybrid_thick;default;4000;dynamic;cores;C2_Dense_1024;4partout;60:1;337341;-1;-1
img2d;patrin;GCC-12;1024;32;16;12;ssandPile;ocl_hybrid_thick;default;4000;dynamic;cores;C2_Dense_1024;4partout;60:1;284796;-1;-1
img2d;patrin;GCC-12;1024;32;16;16;ssandPile;ocl_hybrid_thick;default;4000;dynamic;cores;C2_Dense_1024;4partout;60:1;261903;-1;-1
img2d;patrin;GCC-12;1024;32;16;20;ssandPile;ocl_hybrid_thick;default;4000;dynamic;cores;C2_Dense_1024;4partout;60:1;267805;-1;-1
img2d;patrin;GCC-12;1024;32;16;24;ssandPile;ocl_hybrid_thick;default;4000;dynamic;cores;C2_Dense_1024;4partout;60:1;255278;-1;-1
img2d;patrin;GCC-12;1024;32;16;1;ssandPile;ocl_hybrid_thick;default;4000;guided;cores;C2_Dense_1024;4partout;60:1;542639;-1;-1
img2d;patrin;GCC-12;1024;32;16;2;ssandPile;ocl_hybrid_thick;default;4000;guided;cores;C2_Dense_1024;4partout;60:1;297214;-1;-1
img2d;patrin;GCC-12;1024;32;16;4;ssandPile;ocl_hybrid_thick;default;4000;guided;cores;C2_Dense_1024;4partout;60:1;164667;-1;-1
img2d;patrin;GCC-12;1024;32;16;6;ssandPile;ocl_hybrid_thick;default;4000;guided;cores;C2_Dense_1024;4partout;60:1;125372;-1;-1
img2d;patrin;GCC-12;1024;32;16;8;ssandPile;ocl_hybrid_thick;default;4000;guided;cores;C2_Dense_1024;4partout;60:1;116327;-1;-1
img2d;patrin;GCC-12;1024;32;16;12;ssandPile;ocl_hybrid_thick;default;4000;guided;cores;C2_Dense_1024;4partout;60:1;130165;-1;-1
img2d;patrin;GCC-12;1024;32;16;16;ssandPile;ocl_hybrid_thick;default;4000;guided;cores;C2_Dense_1024;4partout;60:1;133609;-1;-1
img2d;patrin;GCC-12;1024;32;16;20;ssandPile;ocl_hybrid_thick;default;4000;guided;cores;C2_Dense_1024;4partout;60:1;144396;-1;-1
img2d;patrin;GCC-12;1024;32;16;24;ssandPile;ocl_hybrid_thick;default;4000;guided;cores;C2_Dense_1024;4partout;60:1;152716;-1;-1
img2d;patrin;GCC-12;1024;32;16;1;ssandPile;ocl_hybrid_thick;default;4000;static;cores;C2_Dense_1024;4partout;60:1;568526;-1;-1
img2d;patrin;GCC-12;1024;32;16;2;ssandPile;ocl_hybrid_thick;default;4000;static;cores;C2_Dense_1024;4partout;60:1;280308;-1;-1
img2d;patrin;GCC-12;1024;32;16;4;ssandPile;ocl_hybrid_thick;default;4000;static;cores;C2_Dense_1024;4partout;60:1;177315;-1;-1
img2d;patrin;GCC-12;1024;32;16;6;ssandPile;ocl_hybrid_thick;default;4000;static;cores;C2_Dense_1024;4partout;60:1;113187;-1;-1
img2d;patrin;GCC-12;1024;32;16;8;ssandPile;ocl_hybrid_thick;default;4000;static;cores;C2_Dense_1024;4partout;60:1;106130;-1;-1
img2d;patrin;GCC-12;1024;32;16;12;ssandPile;ocl_hybrid_thick;default;4000;static;cores;C2_Dense_1024;4partout;60:1;108184;-1;-1
img2d;patrin;GCC-12;1024;32;16;16;ssandPile;ocl_hybrid_thick;default;4000;static;cores;C2_Dense_1024;4partout;60:1;105046;-1;-1
img2d;patrin;GCC-12;1024;32;16;20;ssandPile;ocl_hybrid_thick;default;4000;static;cores;C2_Dense_1024;4partout;60:1;105709;-1;-1
img2d;patrin;GCC-12;1024;32;16;24;ssandPile;ocl_hybrid_thick;default;4000;static;cores;C2_Dense_1024;4partout;60:1;106374;-1;-1
img2d;patrin;GCC-12;1024;32;16;1;ssandPile;ocl_hybrid_thick;default;4000;dynamic;cores;C2_Dense_1024;4partout;60:1;608700;-1;-1
img2d;patrin;GCC-12;1024;32;16;2;ssandPile;ocl_hybrid_thick;default;4000;dynamic;cores;C2_Dense_1024;4partout;60:1;760861;-1;-1
img2d;patrin;GCC-12;1024;32;16;4;ssandPile;ocl_hybrid_thick;default;4000;dynamic;cores;C2_Dense_1024;4partout;60:1;484674;-1;-1
img2d;patrin;GCC-12;1024;32;16;6;ssandPile;ocl_hybrid_thick;default;4000;dynamic;cores;C2_Dense_1024;4partout;60:1;382407;-1;-1
img2d;patrin;GCC-12;1024;32;16;8;ssandPile;ocl_hybrid_thick;default;4000;dynamic;cores;C2_Dense_1024;4partout;60:1;352329;-1;-1
img2d;patrin;GCC-12;1024;32;16;12;ssandPile;ocl_hybrid_thick;default;4000;dynamic;cores;C2_Dense_1024;4partout;60:1;282713;-1;-1
img2d;patrin;GCC-12;1024;32;16;16;ssandPile;ocl_hybrid_thick;default;4000;dynamic;cores;C2_Dense_1024;4partout;60:1;260339;-1;-1
img2d;patrin;GCC-12;1024;32;16;20;ssandPile;ocl_hybrid_thick;default;4000;dynamic;cores;C2_Dense_1024;4partout;60:1;266746;-1;-1
img2d;patrin;GCC-12;1024;32;16;24;ssandPile;ocl_hybrid_thick;default;4000;dynamic;cores;C2_Dense_1024;4partout;60:1;262615;-1;-1
img2d;patrin;GCC-12;1024;32;16;1;ssandPile;ocl_hybrid_thick;default;4000;guided;cores;C2_Dense_1024;4partout;60:1;552219;-1;-1
img2d;patrin;GCC-12;1024;32;16;2;ssandPile;ocl_hybrid_thick;default;4000;guided;cores;C2_Dense_1024;4partout;60:1;297281;-1;-1
img2d;patrin;GCC-12;1024;32;16;4;ssandPile;ocl_hybrid_thick;default;4000;guided;cores;C2_Dense_1024;4partout;60:1;179926;-1;-1
img2d;patrin;GCC-12;1024;32;16;6;ssandPile;ocl_hybrid_thick;default;4000;guided;cores;C2_Dense_1024;4partout;60:1;125737;-1;-1
img2d;patrin;GCC-12;1024;32;16;8;ssandPile;ocl_hybrid_thick;default;4000;guided;cores;C2_Dense_1024;4partout;60:1;114312;-1;-1
img2d;patrin;GCC-12;1024;32;16;12;ssandPile;ocl_hybrid_thick;default;4000;guided;cores;C2_Dense_1024;4partout;60:1;123947;-1;-1
img2d;patrin;GCC-12;1024;32;16;16;ssandPile;ocl_hybrid_thick;default;4000;guided;cores;C2_Dense_1024;4partout;60:1;133871;-1;-1
img2d;patrin;GCC-12;1024;32;16;20;ssandPile;ocl_hybrid_thick;default;4000;guided;cores;C2_Dense_1024;4partout;60:1;143819;-1;-1
img2d;patrin;GCC-12;1024;32;16;24;ssandPile;ocl_hybrid_thick;default;4000;guided;cores;C2_Dense_1024;4partout;60:1;153538;-1;-1
img2d;patrin;GCC-12;1024;32;16;1;ssandPile;ocl_hybrid_thick;default;4000;static;cores;C2_Dense_1024;4partout;60:1;523771;-1;-1
img2d;patrin;GCC-12;1024;32;16;2;ssandPile;ocl_hybrid_thick;default;4000;static;cores;C2_Dense_1024;4partout;60:1;270635;-1;-1
img2d;patrin;GCC-12;1024;32;16;4;ssandPile;ocl_hybrid_thick;default;4000;static;cores;C2_Dense_1024;4partout;60:1;154340;-1;-1
img2d;patrin;GCC-12;1024;32;16;6;ssandPile;ocl_hybrid_thick;default;4000;static;cores;C2_Dense_1024;4partout;60:1;113778;-1;-1
img2d;patrin;GCC-12;1024;32;16;8;ssandPile;ocl_hybrid_thick;default;4000;static;cores;C2_Dense_1024;4partout;60:1;105736;-1;-1
img2d;patrin;GCC-12;1024;32;16;12;ssandPile;ocl_hybrid_thick;default;4000;static;cores;C2_Dense_1024;4partout;60:1;111021;-1;-1
img2d;patrin;GCC-12;1024;32;16;16;ssandPile;ocl_hybrid_thick;default;4000;static;cores;C2_Dense_1024;4partout;60:1;105467;-1;-1
img2d;patrin;GCC-12;1024;32;16;20;ssandPile;ocl_hybrid_thick;default;4000;static;cores;C2_Dense_1024;4partout;60:1;105532;-1;-1
img2d;patrin;GCC-12;1024;32;16;24;ssandPile;ocl_hybrid_thick;default;4000;static;cores;C2_Dense_1024;4partout;60:1;106361;-1;-1
img2d;patrin;GCC-12;1024;32;16;1;ssandPile;ocl_hybrid_thick;default;4000;dynamic;cores;C2_Dense_1024;4partout;60:1;555294;-1;-1
img2d;patrin;GCC-12;1024;32;16;2;ssandPile;ocl_hybrid_thick;default;4000;dynamic;cores;C2_Dense_1024;4partout;60:1;771909;-1;-1
img2d;patrin;GCC-12;1024;32;16;4;ssandPile;ocl_hybrid_thick;default;4000;dynamic;cores;C2_Dense_1024;4partout;60:1;491429;-1;-1
img2d;patrin;GCC-12;1024;32;16;6;ssandPile;ocl_hybrid_thick;default;4000;dynamic;cores;C2_Dense_1024;4partout;60:1;382914;-1;-1
img2d;patrin;GCC-12;1024;32;16;8;ssandPile;ocl_hybrid_thick;default;4000;dynamic;cores;C2_Dense_1024;4partout;60:1;348042;-1;-1
img2d;patrin;GCC-12;1024;32;16;12;ssandPile;ocl_hybrid_thick;default;4000;dynamic;cores;C2_Dense_1024;4partout;60:1;259669;-1;-1
img2d;patrin;GCC-12;1024;32;16;16;ssandPile;ocl_hybrid_thick;default;4000;dynamic;cores;C2_Dense_1024;4partout;60:1;259041;-1;-1
img2d;patrin;GCC-12;1024;32;16;20;ssandPile;ocl_hybrid_thick;default;4000;dynamic;cores;C2_Dense_1024;4partout;60:1;265370;-1;-1
img2d;patrin;GCC-12;1024;32;16;24;ssandPile;ocl_hybrid_thick;default;4000;dynamic;cores;C2_Dense_1024;4partout;60:1;255309;-1;-1
img2d;patrin;GCC-12;1024;32;16;1;ssandPile;ocl_hybrid_thick;default;4000;guided;cores;C2_Dense_1024;4partout;60:1;565152;-1;-1
img2d;patrin;GCC-12;1024;32;16;2;ssandPile;ocl_hybrid_thick;default;4000;guided;cores;C2_Dense_1024;4partout;60:1;287913;-1;-1
img2d;patrin;GCC-12;1024;32;16;4;ssandPile;ocl_hybrid_thick;default;4000;guided;cores;C2_Dense_1024;4partout;60:1;170106;-1;-1
img2d;patrin;GCC-12;1024;32;16;6;ssandPile;ocl_hybrid_thick;default;4000;guided;cores;C2_Dense_1024;4partout;60:1;129781;-1;-1
img2d;patrin;GCC-12;1024;32;16;8;ssandPile;ocl_hybrid_thick;default;4000;guided;cores;C2_Dense_1024;4partout;60:1;123140;-1;-1
img2d;patrin;GCC-12;1024;32;16;12;ssandPile;ocl_hybrid_thick;default;4000;guided;cores;C2_Dense_1024;4partout;60:1;123465;-1;-1
img2d;patrin;GCC-12;1024;32;16;16;ssandPile;ocl_hybrid_thick;default;4000;guided;cores;C2_Dense_1024;4partout;60:1;133755;-1;-1
img2d;patrin;GCC-12;1024;32;16;20;ssandPile;ocl_hybrid_thick;default;4000;guided;cores;C2_Dense_1024;4partout;60:1;144264;-1;-1
img2d;patrin;GCC-12;1024;32;16;24;ssandPile;ocl_hybrid_thick;default;4000;guided;cores;C2_Dense_1024;4partout;60:1;218688;-1;-1
img2d;patrin;GCC-12;2048;32;16;1;ssandPile;ocl_hybrid_thick;default;2000;static;cores;C3_Sparse_2048;spirals;60:1;1039399;-1;-1
img2d;patrin;GCC-12;2048;32;16;2;ssandPile;ocl_hybrid_thick;default;2000;static;cores;C3_Sparse_2048;spirals;60:1;552195;-1;-1
img2d;patrin;GCC-12;2048;32;16;4;ssandPile;ocl_hybrid_thick;default;2000;static;cores;C3_Sparse_2048;spirals;60:1;283201;-1;-1
img2d;patrin;GCC-12;2048;32;16;6;ssandPile;ocl_hybrid_thick;default;2000;static;cores;C3_Sparse_2048;spirals;60:1;193350;-1;-1
img2d;patrin;GCC-12;2048;32;16;8;ssandPile;ocl_hybrid_thick;default;2000;static;cores;C3_Sparse_2048;spirals;60:1;158413;-1;-1
img2d;patrin;GCC-12;2048;32;16;12;ssandPile;ocl_hybrid_thick;default;2000;static;cores;C3_Sparse_2048;spirals;60:1;181688;-1;-1
img2d;patrin;GCC-12;2048;32;16;16;ssandPile;ocl_hybrid_thick;default;2000;static;cores;C3_Sparse_2048;spirals;60:1;159143;-1;-1
img2d;patrin;GCC-12;2048;32;16;20;ssandPile;ocl_hybrid_thick;default;2000;static;cores;C3_Sparse_2048;spirals;60:1;159566;-1;-1
img2d;patrin;GCC-12;2048;32;16;24;ssandPile;ocl_hybrid_thick;default;2000;static;cores;C3_Sparse_2048;spirals;60:1;159876;-1;-1
img2d;patrin;GCC-12;2048;32;16;1;ssandPile;ocl_hybrid_thick;default;2000;dynamic;cores;C3_Sparse_2048;spirals;60:1;1085998;-1;-1
img2d;patrin;GCC-12;2048;32;16;2;ssandPile;ocl_hybrid_thick;default;2000;dynamic;cores;C3_Sparse_2048;spirals;60:1;1485989;-1;-1
img2d;patrin;GCC-12;2048;32;16;4;ssandPile;ocl_hybrid_thick;default;2000;dynamic;cores;C3_Sparse_2048;spirals;60:1;940061;-1;-1
img2d;patrin;GCC-12;2048;32;16;6;ssandPile;ocl_hybrid_thick;default;2000;dynamic;cores;C3_Sparse_2048;spirals;60:1;752463;-1;-1
img2d;patrin;GCC-12;2048;32;16;8;ssandPile;ocl_hybrid_thick;default;2000;dynamic;cores;C3_Sparse_2048;spirals;60:1;659859;-1;-1
img2d;patrin;GCC-12;2048;32;16;12;ssandPile;ocl_hybrid_thick;default;2000;dynamic;cores;C3_Sparse_2048;spirals;60:1;509278;-1;-1
img2d;patrin;GCC-12;2048;32;16;16;ssandPile;ocl_hybrid_thick;default;2000;dynamic;cores;C3_Sparse_2048;spirals;60:1;466564;-1;-1
img2d;patrin;GCC-12;2048;32;16;20;ssandPile;ocl_hybrid_thick;default;2000;dynamic;cores;C3_Sparse_2048;spirals;60:1;500762;-1;-1
img2d;patrin;GCC-12;2048;32;16;24;ssandPile;ocl_hybrid_thick;default;2000;dynamic;cores;C3_Sparse_2048;spirals;60:1;462095;-1;-1
img2d;patrin;GCC-12;2048;32;16;1;ssandPile;ocl_hybrid_thick;default;2000;guided;cores;C3_Sparse_2048;spirals;60:1;1046202;-1;-1
img2d;patrin;GCC-12;2048;32;16;2;ssandPile;ocl_hybrid_thick;default;2000;guided;cores;C3_Sparse_2048;spirals;60:1;532489;-1;-1
img2d;patrin;GCC-12;2048;32;16;4;ssandPile;ocl_hybrid_thick;default;2000;guided;cores;C3_Sparse_2048;spirals;60:1;286881;-1;-1
img2d;patrin;GCC-12;2048;32;16;6;ssandPile;ocl_hybrid_thick;default;2000;guided;cores;C3_Sparse_2048;spirals;60:1;199278;-1;-1
img2d;patrin;GCC-12;2048;32;16;8;ssandPile;ocl_hybrid_thick;default;2000;guided;cores;C3_Sparse_2048;spirals;60:1;163104;-1;-1
img2d;patrin;GCC-12;2048;32;16;12;ssandPile;ocl_hybrid_thick;default;2000;guided;cores;C3_Sparse_2048;spirals;60:1;177969;-1;-1
img2d;patrin;GCC-12;2048;32;16;16;ssandPile;ocl_hybrid_thick;default;2000;guided;cores;C3_Sparse_2048;spirals;60:1;194701;-1;-1
img2d;patrin;GCC-12;2048;32;16;20;ssandPile;ocl_hybrid_thick;default;2000;guided;cores;C3_Sparse_2048;spirals;60:1;204327;-1;-1
img2d;patrin;GCC-12;2048;32;16;24;ssandPile;ocl_hybrid_thick;default;2000;guided;cores;C3_Sparse_2048;spirals;60:1;212924;-1;-1
img2d;patrin;GCC-12;2048;32;16;1;ssandPile;ocl_hybrid_thick;default;2000;static;cores;C3_Sparse_2048;spirals;60:1;1026514;-1;-1
img2d;patrin;GCC-12;2048;32;16;2;ssandPile;ocl_hybrid_thick;default;2000;static;cores;C3_Sparse_2048;spirals;60:1;533124;-1;-1
img2d;patrin;GCC-12;2048;32;16;4;ssandPile;ocl_hybrid_thick;default;2000;static;cores;C3_Sparse_2048;spirals;60:1;292838;-1;-1
img2d;patrin;GCC-12;2048;32;16;6;ssandPile;ocl_hybrid_thick;default;2000;static;cores;C3_Sparse_2048;spirals;60:1;192713;-1;-1
img2d;patrin;GCC-12;2048;32;16;8;ssandPile;ocl_hybrid_thick;default;2000;static;cores;C3_Sparse_2048;spirals;60:1;158877;-1;-1
img2d;patrin;GCC-12;2048;32;16;12;ssandPile;ocl_hybrid_thick;default;2000;static;cores;C3_Sparse_2048;spirals;60:1;188175;-1;-1
img2d;patrin;GCC-12;2048;32;16;16;ssandPile;ocl_hybrid_thick;default;2000;static;cores;C3_Sparse_2048;spirals;60:1;159102;-1;-1
img2d;patrin;GCC-12;2048;32;16;20;ssandPile;ocl_hybrid_thick;default;2000;static;cores;C3_Sparse_2048;spirals;60:1;159283;-1;-1
img2d;patrin;GCC-12;2048;32;16;24;ssandPile;ocl_hybrid_thick;default;2000;static;cores;C3_Sparse_2048;spirals;60:1;159620;-1;-1
img2d;patrin;GCC-12;2048;32;16;1;ssandPile;ocl_hybrid_thick;default;2000;dynamic;cores;C3_Sparse_2048;spirals;60:1;1078089;-1;-1
img2d;patrin;GCC-12;2048;32;16;2;ssandPile;ocl_hybrid_thick;default;2000;dynamic;cores;C3_Sparse_2048;spirals;60:1;1513578;-1;-1
img2d;patrin;GCC-12;2048;32;16;4;ssandPile;ocl_hybrid_thick;default;2000;dynamic;cores;C3_Sparse_2048;spirals;60:1;945078;-1;-1
img2d;patrin;GCC-12;2048;32;16;6;ssandPile;ocl_hybrid_thick;default;2000;dynamic;cores;C3_Sparse_2048;spirals;60:1;745682;-1;-1
img2d;patrin;GCC-12;2048;32;16;8;ssandPile;ocl_hybrid_thick;default;2000;dynamic;cores;C3_Sparse_2048;spirals;60:1;665737;-1;-1
img2d;patrin;GCC-12;2048;32;16;12;ssandPile;ocl_hybrid_thick;default;2000;dynamic;cores;C3_Sparse_2048;spirals;60:1;516889;-1;-1
img2d;patrin;GCC-12;2048;32;16;16;ssandPile;ocl_hybrid_thick;default;2000;dynamic;cores;C3_Sparse_2048;spirals;60:1;464515;-1;-1
img2d;patrin;GCC-12;2048;32;16;20;ssandPile;ocl_hybrid_thick;default;2000;dynamic;cores;C3_Sparse_2048;spirals;60:1;469006;-1;-1
img2d;patrin;GCC-12;2048;32;16;24;ssandPile;ocl_hybrid_thick;default;2000;dynamic;cores;C3_Sparse_2048;spirals;60:1;462265;-1;-1
img2d;patrin;GCC-12;2048;32;16;1;ssandPile;ocl_hybrid_thick;default;2000;guided;cores;C3_Sparse_2048;spirals;60:1;1059574;-1;-1
img2d;patrin;GCC-12;2048;32;16;2;ssandPile;ocl_hybrid_thick;default;2000;guided;cores;C3_Sparse_2048;spirals;60:1;534449;-1;-1
img2d;patrin;GCC-12;2048;32;16;4;ssandPile;ocl_hybrid_thick;default;2000;guided;cores;C3_Sparse_2048;spirals;60:1;286587;-1;-1
img2d;patrin;GCC-12;2048;32;16;6;ssandPile;ocl_hybrid_thick;default;2000;guided;cores;C3_Sparse_2048;spirals;60:1;195348;-1;-1
img2d;patrin;GCC-12;2048;32;16;8;ssandPile;ocl_hybrid_thick;default;2000;guided;cores;C3_Sparse_2048;spirals;60:1;164298;-1;-1
img2d;patrin;GCC-12;2048;32;16;12;ssandPile;ocl_hybrid_thick;default;2000;guided;cores;C3_Sparse_2048;spirals;60:1;179412;-1;-1
img2d;patrin;GCC-12;2048;32;16;16;ssandPile;ocl_hybrid_thick;default;2000;guided;cores;C3_Sparse_2048;spirals;60:1;193169;-1;-1
img2d;patrin;GCC-12;2048;32;16;20;ssandPile;ocl_hybrid_thick;default;2000;guided;cores;C3_Sparse_2048;spirals;60:1;207783;-1;-1
img2d;patrin;GCC-12;2048;32;16;24;ssandPile;ocl_hybrid_thick;default;2000;guided;cores;C3_Sparse_2048;spirals;60:1;212113;-1;-1
img2d;patrin;GCC-12;2048;32;16;1;ssandPile;ocl_hybrid_thick;default;2000;static;cores;C3_Sparse_2048;spirals;60:1;1045718;-1;-1
img2d;patrin;GCC-12;2048;32;16;2;ssandPile;ocl_hybrid_thick;default;2000;static;cores;C3_Sparse_2048;spirals;60:1;539027;-1;-1
img2d;patrin;GCC-12;2048;32;16;4;ssandPile;ocl_hybrid_thick;default;2000;static;cores;C3_Sparse_2048;spirals;60:1;286140;-1;-1
img2d;patrin;GCC-12;2048;32;16;6;ssandPile;ocl_hybrid_thick;default;2000;static;cores;C3_Sparse_2048;spirals;60:1;192165;-1;-1
img2d;patrin;GCC-12;2048;32;16;8;ssandPile;ocl_hybrid_thick;default;2000;static;cores;C3_Sparse_2048;spirals;60:1;159103;-1;-1
img2d;patrin;GCC-12;2048;32;16;12;ssandPile;ocl_hybrid_thick;default;2000;static;cores;C3_Sparse_2048;spirals;60:1;176703;-1;-1
img2d;patrin;GCC-12;2048;32;16;16;ssandPile;ocl_hybrid_thick;default;2000;static;cores;C3_Sparse_2048;spirals;60:1;159108;-1;-1
img2d;patrin;GCC-12;2048;32;16;20;ssandPile;ocl_hybrid_thick;default;2000;static;cores;C3_Sparse_2048;spirals;60:1;159215;-1;-1
img2d;patrin;GCC-12;2048;32;16;24;ssandPile;ocl_hybrid_thick;default;2000;static;cores;C3_Sparse_2048;spirals;60:1;159450;-1;-1
img2d;patrin;GCC-12;2048;32;16;1;ssandPile;ocl_hybrid_thick;default;2000;dynamic;cores;C3_Sparse_2048;spirals;60:1;1063928;-1;-1
img2d;patrin;GCC-12;2048;32;16;2;ssandPile;ocl_hybrid_thick;default;2000;dynamic;cores;C3_Sparse_2048;spirals;60:1;1481536;-1;-1
img2d;patrin;GCC-12;2048;32;16;4;ssandPile;ocl_hybrid_thick;default;2000;dynamic;cores;C3_Sparse_2048;spirals;60:1;946831;-1;-1
img2d;patrin;GCC-12;2048;32;16;6;ssandPile;ocl_hybrid_thick;default;2000;dynamic;cores;C3_Sparse_2048;spirals;60:1;743638;-1;-1
img2d;patrin;GCC-12;2048;32;16;8;ssandPile;ocl_hybrid_thick;default;2000;dynamic;cores;C3_Sparse_2048;spirals;60:1;666427;-1;-1
img2d;patrin;GCC-12;2048;32;16;12;ssandPile;ocl_hybrid_thick;default;2000;dynamic;cores;C3_Sparse_2048;spirals;60:1;508199;-1;-1
img2d;patrin;GCC-12;2048;32;16;16;ssandPile;ocl_hybrid_thick;default;2000;dynamic;cores;C3_Sparse_2048;spirals;60:1;464490;-1;-1
img2d;patrin;GCC-12;2048;32;16;20;ssandPile;ocl_hybrid_thick;default;2000;dynamic;cores;C3_Sparse_2048;spirals;60:1;486584;-1;-1
img2d;patrin;GCC-12;2048;32;16;24;ssandPile;ocl_hybrid_thick;default;2000;dynamic;cores;C3_Sparse_2048;spirals;60:1;483239;-1;-1
img2d;patrin;GCC-12;2048;32;16;1;ssandPile;ocl_hybrid_thick;default;2000;guided;cores;C3_Sparse_2048;spirals;60:1;1037540;-1;-1
img2d;patrin;GCC-12;2048;32;16;2;ssandPile;ocl_hybrid_thick;default;2000;guided;cores;C3_Sparse_2048;spirals;60:1;538640;-1;-1
img2d;patrin;GCC-12;2048;32;16;4;ssandPile;ocl_hybrid_thick;default;2000;guided;cores;C3_Sparse_2048;spirals;60:1;286889;-1;-1
img2d;patrin;GCC-12;2048;32;16;6;ssandPile;ocl_hybrid_thick;default;2000;guided;cores;C3_Sparse_2048;spirals;60:1;199395;-1;-1
img2d;patrin;GCC-12;2048;32;16;8;ssandPile;ocl_hybrid_thick;default;2000;guided;cores;C3_Sparse_2048;spirals;60:1;160684;-1;-1
img2d;patrin;GCC-12;2048;32;16;12;ssandPile;ocl_hybrid_thick;default;2000;guided;cores;C3_Sparse_2048;spirals;60:1;176969;-1;-1
img2d;patrin;GCC-12;2048;32;16;16;ssandPile;ocl_hybrid_thick;default;2000;guided;cores;C3_Sparse_2048;spirals;60:1;193979;-1;-1
img2d;patrin;GCC-12;2048;32;16;20;ssandPile;ocl_hybrid_thick;default;2000;guided;cores;C3_Sparse_2048;spirals;60:1;209215;-1;-1
img2d;patrin;GCC-12;2048;32;16;24;ssandPile;ocl_hybrid_thick;default;2000;guided;cores;C3_Sparse_2048;spirals;60:1;214665;-1;-1
img2d;patrin;GCC-12;2048;32;16;1;ssandPile;ocl_hybrid_thick;default;2000;static;cores;C3_Sparse_2048;spirals;60:1;1031897;-1;-1
img2d;patrin;GCC-12;2048;32;16;2;ssandPile;ocl_hybrid_thick;default;2000;static;cores;C3_Sparse_2048;spirals;60:1;527806;-1;-1
img2d;patrin;GCC-12;2048;32;16;4;ssandPile;ocl_hybrid_thick;default;2000;static;cores;C3_Sparse_2048;spirals;60:1;279407;-1;-1
img2d;patrin;GCC-12;2048;32;16;6;ssandPile;ocl_hybrid_thick;default;2000;static;cores;C3_Sparse_2048;spirals;60:1;195437;-1;-1
img2d;patrin;GCC-12;2048;32;16;8;ssandPile;ocl_hybrid_thick;default;2000;static;cores;C3_Sparse_2048;spirals;60:1;159402;-1;-1
img2d;patrin;GCC-12;2048;32;16;12;ssandPile;ocl_hybrid_thick;default;2000;static;cores;C3_Sparse_2048;spirals;60:1;178393;-1;-1
img2d;patrin;GCC-12;2048;32;16;16;ssandPile;ocl_hybrid_thick;default;2000;static;cores;C3_Sparse_2048;spirals;60:1;159195;-1;-1
img2d;patrin;GCC-12;2048;32;16;20;ssandPile;ocl_hybrid_thick;default;2000;static;cores;C3_Sparse_2048;spirals;60:1;159321;-1;-1
img2d;patrin;GCC-12;2048;32;16;24;ssandPile;ocl_hybrid_thick;default;2000;static;cores;C3_Sparse_2048;spirals;60:1;159470;-1;-1
img2d;patrin;GCC-12;2048;32;16;1;ssandPile;ocl_hybrid_thick;default;2000;dynamic;cores;C3_Sparse_2048;spirals;60:1;1113885;-1;-1
img2d;patrin;GCC-12;2048;32;16;2;ssandPile;ocl_hybrid_thick;default;2000;dynamic;cores;C3_Sparse_2048;spirals;60:1;1508438;-1;-1
img2d;patrin;GCC-12;2048;32;16;4;ssandPile;ocl_hybrid_thick;default;2000;dynamic;cores;C3_Sparse_2048;spirals;60:1;941954;-1;-1
img2d;patrin;GCC-12;2048;32;16;6;ssandPile;ocl_hybrid_thick;default;2000;dynamic;cores;C3_Sparse_2048;spirals;60:1;750032;-1;-1
img2d;patrin;GCC-12;2048;32;16;8;ssandPile;ocl_hybrid_thick;default;2000;dynamic;cores;C3_Sparse_2048;spirals;60:1;662001;-1;-1
img2d;patrin;GCC-12;2048;32;16;12;ssandPile;ocl_hybrid_thick;default;2000;dynamic;cores;C3_Sparse_2048;spirals;60:1;516700;-1;-1
img2d;patrin;GCC-12;2048;32;16;16;ssandPile;ocl_hybrid_thick;default;2000;dynamic;cores;C3_Sparse_2048;spirals;60:1;454197;-1;-1
img2d;patrin;GCC-12;2048;32;16;20;ssandPile;ocl_hybrid_thick;default;2000;dynamic;cores;C3_Sparse_2048;spirals;60:1;486104;-1;-1
img2d;patrin;GCC-12;2048;32;16;24;ssandPile;ocl_hybrid_thick;default;2000;dynamic;cores;C3_Sparse_2048;spirals;60:1;485369;-1;-1
img2d;patrin;GCC-12;2048;32;16;1;ssandPile;ocl_hybrid_thick;default;2000;guided;cores;C3_Sparse_2048;spirals;60:1;1052136;-1;-1
img2d;patrin;GCC-12;2048;32;16;2;ssandPile;ocl_hybrid_thick;default;2000;guided;cores;C3_Sparse_2048;spirals;60:1;534115;-1;-1
img2d;patrin;GCC-12;2048;32;16;4;ssandPile;ocl_hybrid_thick;default;2000;guided;cores;C3_Sparse_2048;spirals;60:1;286087;-1;-1
img2d;patrin;GCC-12;2048;32;16;6;ssandPile;ocl_hybrid_thick;default;2000;guided;cores;C3_Sparse_2048;spirals;60:1;199437;-1;-1
img2d;patrin;GCC-12;2048;32;16;8;ssandPile;ocl_hybrid_thick;default;2000;guided;cores;C3_Sparse_2048;spirals;60:1;162317;-1;-1
img2d;patrin;GCC-12;2048;32;16;12;ssandPile;ocl_hybrid_thick;default;2000;guided;cores;C3_Sparse_2048;spirals;60:1;179046;-1;-1
img2d;patrin;GCC-12;2048;32;16;16;ssandPile;ocl_hybrid_thick;default;2000;guided;cores;C3_Sparse_2048;spirals;60:1;193017;-1;-1
img2d;patrin;GCC-12;2048;32;16;20;ssandPile;ocl_hybrid_thick;default;2000;guided;cores;C3_Sparse_2048;spirals;60:1;204399;-1;-1
img2d;patrin;GCC-12;2048;32;16;24;ssandPile;ocl_hybrid_thick;default;2000;guided;cores;C3_Sparse_2048;spirals;60:1;215390;-1;-1
img2d;patrin;GCC-12;4096;32;16;1;ssandPile;ocl_hybrid_thick;default;1000;static;cores;C1_Dense_4096;4partout;60:1;2199912;-1;-1
img2d;patrin;GCC-12;4096;32;16;2;ssandPile;ocl_hybrid_thick;default;1000;static;cores;C1_Dense_4096;4partout;60:1;1148752;-1;-1
img2d;patrin;GCC-12;4096;32;16;4;ssandPile;ocl_hybrid_thick;default;1000;static;cores;C1_Dense_4096;4partout;60:1;593501;-1;-1
img2d;patrin;GCC-12;4096;32;16;6;ssandPile;ocl_hybrid_thick;default;1000;static;cores;C1_Dense_4096;4partout;60:1;413105;-1;-1
img2d;patrin;GCC-12;4096;32;16;8;ssandPile;ocl_hybrid_thick;default;1000;static;cores;C1_Dense_4096;4partout;60:1;332893;-1;-1
img2d;patrin;GCC-12;4096;32;16;12;ssandPile;ocl_hybrid_thick;default;1000;static;cores;C1_Dense_4096;4partout;60:1;363858;-1;-1
img2d;patrin;GCC-12;4096;32;16;16;ssandPile;ocl_hybrid_thick;default;1000;static;cores;C1_Dense_4096;4partout;60:1;333306;-1;-1
img2d;patrin;GCC-12;4096;32;16;20;ssandPile;ocl_hybrid_thick;default;1000;static;cores;C1_Dense_4096;4partout;60:1;327863;-1;-1
img2d;patrin;GCC-12;4096;32;16;24;ssandPile;ocl_hybrid_thick;default;1000;static;cores;C1_Dense_4096;4partout;60:1;326956;-1;-1
img2d;patrin;GCC-12;4096;32;16;1;ssandPile;ocl_hybrid_thick;default;1000;dynamic;cores;C1_Dense_4096;4partout;60:1;2239353;-1;-1
img2d;patrin;GCC-12;4096;32;16;2;ssandPile;ocl_hybrid_thick;default;1000;dynamic;cores;C1_Dense_4096;4partout;60:1;3332877;-1;-1
img2d;patrin;GCC-12;4096;32;16;4;ssandPile;ocl_hybrid_thick;default;1000;dynamic;cores;C1_Dense_4096;4partout;60:1;2348502;-1;-1
img2d;patrin;GCC-12;4096;32;16;6;ssandPile;ocl_hybrid_thick;default;1000;dynamic;cores;C1_Dense_4096;4partout;60:1;1950123;-1;-1
img2d;patrin;GCC-12;4096;32;16;8;ssandPile;ocl_hybrid_thick;default;1000;dynamic;cores;C1_Dense_4096;4partout;60:1;1715121;-1;-1
img2d;patrin;GCC-12;4096;32;16;12;ssandPile;ocl_hybrid_thick;default;1000;dynamic;cores;C1_Dense_4096;4partout;60:1;1301045;-1;-1
img2d;patrin;GCC-12;4096;32;16;16;ssandPile;ocl_hybrid_thick;default;1000;dynamic;cores;C1_Dense_4096;4partout;60:1;1092165;-1;-1
img2d;patrin;GCC-12;4096;32;16;20;ssandPile;ocl_hybrid_thick;default;1000;dynamic;cores;C1_Dense_4096;4partout;60:1;1040109;-1;-1
img2d;patrin;GCC-12;4096;32;16;24;ssandPile;ocl_hybrid_thick;default;1000;dynamic;cores;C1_Dense_4096;4partout;60:1;1015049;-1;-1
img2d;patrin;GCC-12;4096;32;16;1;ssandPile;ocl_hybrid_thick;default;1000;guided;cores;C1_Dense_4096;4partout;60:1;2136800;-1;-1
img2d;patrin;GCC-12;4096;32;16;2;ssandPile;ocl_hybrid_thick;default;1000;guided;cores;C1_Dense_4096;4partout;60:1;1118344;-1;-1
img2d;patrin;GCC-12;4096;32;16;4;ssandPile;ocl_hybrid_thick;default;1000;guided;cores;C1_Dense_4096;4partout;60:1;585227;-1;-1
img2d;patrin;GCC-12;4096;32;16;6;ssandPile;ocl_hybrid_thick;default;1000;guided;cores;C1_Dense_4096;4partout;60:1;430221;-1;-1
img2d;patrin;GCC-12;4096;32;16;8;ssandPile;ocl_hybrid_thick;default;1000;guided;cores;C1_Dense_4096;4partout;60:1;334383;-1;-1
img2d;patrin;GCC-12;4096;32;16;12;ssandPile;ocl_hybrid_thick;default;1000;guided;cores;C1_Dense_4096;4partout;60:1;336487;-1;-1
img2d;patrin;GCC-12;4096;32;16;16;ssandPile;ocl_hybrid_thick;default;1000;guided;cores;C1_Dense_4096;4partout;60:1;332651;-1;-1
img2d;patrin;GCC-12;4096;32;16;20;ssandPile;ocl_hybrid_thick;default;1000;guided;cores;C1_Dense_4096;4partout;60:1;332579;-1;-1
img2d;patrin;GCC-12;4096;32;16;24;ssandPile;ocl_hybrid_thick;default;1000;guided;cores;C1_Dense_4096;4partout;60:1;333173;-1;-1
img2d;patrin;GCC-12;4096;32;16;1;ssandPile;ocl_hybrid_thick;default;1000;static;cores;C1_Dense_4096;4partout;60:1;2153219;-1;-1
img2d;patrin;GCC-12;4096;32;16;2;ssandPile;ocl_hybrid_thick;default;1000;static;cores;C1_Dense_4096;4partout;60:1;1127385;-1;-1
img2d;patrin;GCC-12;4096;32;16;4;ssandPile;ocl_hybrid_thick;default;1000;static;cores;C1_Dense_4096;4partout;60:1;602687;-1;-1
img2d;patrin;GCC-12;4096;32;16;6;ssandPile;ocl_hybrid_thick;default;1000;static;cores;C1_Dense_4096;4partout;60:1;411348;-1;-1
img2d;patrin;GCC-12;4096;32;16;8;ssandPile;ocl_hybrid_thick;default;1000;static;cores;C1_Dense_4096;4partout;60:1;333979;-1;-1
img2d;patrin;GCC-12;4096;32;16;12;ssandPile;ocl_hybrid_thick;default;1000;static;cores;C1_Dense_4096;4partout;60:1;363670;-1;-1
img2d;patrin;GCC-12;4096;32;16;16;ssandPile;ocl_hybrid_thick;default;1000;static;cores;C1_Dense_4096;4partout;60:1;329360;-1;-1
img2d;patrin;GCC-12;4096;32;16;20;ssandPile;ocl_hybrid_thick;default;1000;static;cores;C1_Dense_4096;4partout;60:1;329394;-1;-1
img2d;patrin;GCC-12;4096;32;16;24;ssandPile;ocl_hybrid_thick;default;1000;static;cores;C1_Dense_4096;4partout;60:1;326940;-1;-1
img2d;patrin;GCC-12;4096;32;16;1;ssandPile;ocl_hybrid_thick;default;1000;dynamic;cores;C1_Dense_4096;4partout;60:1;2233578;-1;-1
img2d;patrin;GCC-12;4096;32;16;2;ssandPile;ocl_hybrid_thick;default;1000;dynamic;cores;C1_Dense_4096;4partout;60:1;3330920;-1;-1
img2d;patrin;GCC-12;4096;32;16;4;ssandPile;ocl_hybrid_thick;default;1000;dynamic;cores;C1_Dense_4096;4partout;60:1;2345613;-1;-1
img2d;patrin;GCC-12;4096;32;16;6;ssandPile;ocl_hybrid_thick;default;1000;dynamic;cores;C1_Dense_4096;4partout;60:1;1974423;-1;-1
img2d;patrin;GCC-12;4096;32;16;8;ssandPile;ocl_hybrid_thick;default;1000;dynamic;cores;C1_Dense_4096;4partout;60:1;1731648;-1;-1
img2d;patrin;GCC-12;4096;32;16;12;ssandPile;ocl_hybrid_thick;default;1000;dynamic;cores;C1_Dense_4096;4partout;60:1;1299160;-1;-1
img2d;patrin;GCC-12;4096;32;16;16;ssandPile;ocl_hybrid_thick;default;1000;dynamic;cores;C1_Dense_4096;4partout;60:1;1106724;-1;-1
img2d;patrin;GCC-12;4096;32;16;20;ssandPile;ocl_hybrid_thick;default;1000;dynamic;cores;C1_Dense_4096;4partout;60:1;1055542;-1;-1
img2d;patrin;GCC-12;4096;32;16;24;ssandPile;ocl_hybrid_thick;default;1000;dynamic;cores;C1_Dense_4096;4partout;60:1;984678;-1;-1
img2d;patrin;GCC-12;4096;32;16;1;ssandPile;ocl_hybrid_thick;default;1000;guided;cores;C1_Dense_4096;4partout;60:1;2147939;-1;-1
img2d;patrin;GCC-12;4096;32;16;2;ssandPile;ocl_hybrid_thick;default;1000;guided;cores;C1_Dense_4096;4partout;60:1;1117965;-1;-1
img2d;patrin;GCC-12;4096;32;16;4;ssandPile;ocl_hybrid_thick;default;1000;guided;cores;C1_Dense_4096;4partout;60:1;581842;-1;-1
img2d;patrin;GCC-12;4096;32;16;6;ssandPile;ocl_hybrid_thick;default;1000;guided;cores;C1_Dense_4096;4partout;60:1;410736;-1;-1
img2d;patrin;GCC-12;4096;32;16;8;ssandPile;ocl_hybrid_thick;default;1000;guided;cores;C1_Dense_4096;4partout;60:1;334997;-1;-1
img2d;patrin;GCC-12;4096;32;16;12;ssandPile;ocl_hybrid_thick;default;1000;guided;cores;C1_Dense_4096;4partout;60:1;335879;-1;-1
img2d;patrin;GCC-12;4096;32;16;16;ssandPile;ocl_hybrid_thick;default;1000;guided;cores;C1_Dense_4096;4partout;60:1;333461;-1;-1
img2d;patrin;GCC-12;4096;32;16;20;ssandPile;ocl_hybrid_thick;default;1000;guided;cores;C1_Dense_4096;4partout;60:1;333504;-1;-1
img2d;patrin;GCC-12;4096;32;16;24;ssandPile;ocl_hybrid_thick;default;1000;guided;cores;C1_Dense_4096;4partout;60:1;332730;-1;-1
img2d;patrin;GCC-12;4096;32;16;1;ssandPile;ocl_hybrid_thick;default;1000;static;cores;C1_Dense_4096;4partout;60:1;2143370;-1;-1
img2d;patrin;GCC-12;4096;32;16;2;ssandPile;ocl_hybrid_thick;default;1000;static;cores;C1_Dense_4096;4partout;60:1;1117316;-1;-1
img2d;patrin;GCC-12;4096;32;16;4;ssandPile;ocl_hybrid_thick;default;1000;static;cores;C1_Dense_4096;4partout;60:1;592357;-1;-1
img2d;patrin;GCC-12;4096;32;16;6;ssandPile;ocl_hybrid_thick;default;1000;static;cores;C1_Dense_4096;4partout;60:1;399866;-1;-1
img2d;patrin;GCC-12;4096;32;16;8;ssandPile;ocl_hybrid_thick;default;1000;static;cores;C1_Dense_4096;4partout;60:1;333803;-1;-1
img2d;patrin;GCC-12;4096;32;16;12;ssandPile;ocl_hybrid_thick;default;1000;static;cores;C1_Dense_4096;4partout;60:1;372014;-1;-1
img2d;patrin;GCC-12;4096;32;16;16;ssandPile;ocl_hybrid_thick;default;1000;static;cores;C1_Dense_4096;4partout;60:1;330617;-1;-1
img2d;patrin;GCC-12;4096;32;16;20;ssandPile;ocl_hybrid_thick;default;1000;static;cores;C1_Dense_4096;4partout;60:1;329420;-1;-1
img2d;patrin;GCC-12;4096;32;16;24;ssandPile;ocl_hybrid_thick;default;1000;static;cores;C1_Dense_4096;4partout;60:1;337757;-1;-1
img2d;patrin;GCC-12;4096;32;16;1;ssandPile;ocl_hybrid_thick;default;1000;dynamic;cores;C1_Dense_4096;4partout;60:1;2221514;-1;-1
img2d;patrin;GCC-12;4096;32;16;2;ssandPile;ocl_hybrid_thick;default;1000;dynamic;cores;C1_Dense_4096;4partout;60:1;3311789;-1;-1
img2d;patrin;GCC-12;4096;32;16;4;ssandPile;ocl_hybrid_thick;default;1000;dynamic;cores;C1_Dense_4096;4partout;60:1;2311844;-1;-1
img2d;patrin;GCC-12;4096;32;16;6;ssandPile;ocl_hybrid_thick;default;1000;dynamic;cores;C1_Dense_4096;4partout;60:1;1994507;-1;-1
img2d;patrin;GCC-12;4096;32;16;8;ssandPile;ocl_hybrid_thick;default;1000;dynamic;cores;C1_Dense_4096;4partout;60:1;1732085;-1;-1
img2d;patrin;GCC-12;4096;32;16;12;ssandPile;ocl_hybrid_thick;default;1000;dynamic;cores;C1_Dense_4096;4partout;60:1;1299371;-1;-1
img2d;patrin;GCC-12;4096;32;16;16;ssandPile;ocl_hybrid_thick;default;1000;dynamic;cores;C1_Dense_4096;4partout;60:1;1087101;-1;-1
img2d;patrin;GCC-12;4096;32;16;20;ssandPile;ocl_hybrid_thick;default;1000;dynamic;cores;C1_Dense_4096;4partout;60:1;1050328;-1;-1
img2d;patrin;GCC-12;4096;32;16;24;ssandPile;ocl_hybrid_thick;default;1000;dynamic;cores;C1_Dense_4096;4partout;60:1;1014940;-1;-1
img2d;patrin;GCC-12;4096;32;16;1;ssandPile;ocl_hybrid_thick;default;1000;guided;cores;C1_Dense_4096;4partout;60:1;2135401;-1;-1
img2d;patrin;GCC-12;4096;32;16;2;ssandPile;ocl_hybrid_thick;default;1000;guided;cores;C1_Dense_4096;4partout;60:1;1111674;-1;-1
img2d;patrin;GCC-12;4096;32;16;4;ssandPile;ocl_hybrid_thick;default;1000;guided;cores;C1_Dense_4096;4partout;60:1;591144;-1;-1
img2d;patrin;GCC-12;4096;32;16;6;ssandPile;ocl_hybrid_thick;default;1000;guided;cores;C1_Dense_4096;4partout;60:1;401524;-1;-1
img2d;patrin;GCC-12;4096;32;16;8;ssandPile;ocl_hybrid_thick;default;1000;guided;cores;C1_Dense_4096;4partout;60:1;335632;-1;-1
img2d;patrin;GCC-12;4096;32;16;12;ssandPile;ocl_hybrid_thick;default;1000;guided;cores;C1_Dense_4096;4partout;60:1;336022;-1;-1
img2d;patrin;GCC-12;4096;32;16;16;ssandPile;ocl_hybrid_thick;default;1000;guided;cores;C1_Dense_4096;4partout;60:1;334097;-1;-1
img2d;patrin;GCC-12;4096;32;16;20;ssandPile;ocl_hybrid_thick;default;1000;guided;cores;C1_Dense_4096;4partout;60:1;334668;-1;-1
img2d;patrin;GCC-12;4096;32;16;24;ssandPile;ocl_hybrid_thick;default;1000;guided;cores;C1_Dense_4096;4partout;60:1;333903;-1;-1
img2d;patrin;GCC-12;4096;32;16;1;ssandPile;ocl_hybrid_thick;default;1000;static;cores;C1_Dense_4096;4partout;60:1;2161318;-1;-1
img2d;patrin;GCC-12;4096;32;16;2;ssandPile;ocl_hybrid_thick;default;1000;static;cores;C1_Dense_4096;4partout;60:1;1119616;-1;-1
img2d;patrin;GCC-12;4096;32;16;4;ssandPile;ocl_hybrid_thick;default;1000;static;cores;C1_Dense_4096;4partout;60:1;595540;-1;-1
img2d;patrin;GCC-12;4096;32;16;6;ssandPile;ocl_hybrid_thick;default;1000;static;cores;C1_Dense_4096;4partout;60:1;407181;-1;-1
img2d;patrin;GCC-12;4096;32;16;8;ssandPile;ocl_hybrid_thick;default;1000;static;cores;C1_Dense_4096;4partout;60:1;334459;-1;-1
img2d;patrin;GCC-12;4096;32;16;12;ssandPile;ocl_hybrid_thick;default;1000;static;cores;C1_Dense_4096;4partout;60:1;367254;-1;-1
img2d;patrin;GCC-12;4096;32;16;16;ssandPile;ocl_hybrid_thick;default;1000;static;cores;C1_Dense_4096;4partout;60:1;330604;-1;-1
img2d;patrin;GCC-12;4096;32;16;20;ssandPile;ocl_hybrid_thick;default;1000;static;cores;C1_Dense_4096;4partout;60:1;328654;-1;-1
img2d;patrin;GCC-12;4096;32;16;24;ssandPile;ocl_hybrid_thick;default;1000;static;cores;C1_Dense_4096;4partout;60:1;328554;-1;-1
img2d;patrin;GCC-12;4096;32;16;1;ssandPile;ocl_hybrid_thick;default;1000;dynamic;cores;C1_Dense_4096;4partout;60:1;2232607;-1;-1
img2d;patrin;GCC-12;4096;32;16;2;ssandPile;ocl_hybrid_thick;default;1000;dynamic;cores;C1_Dense_4096;4partout;60:1;3333496;-1;-1
img2d;patrin;GCC-12;4096;32;16;4;ssandPile;ocl_hybrid_thick;default;1000;dynamic;cores;C1_Dense_4096;4partout;60:1;2327398;-1;-1
img2d;patrin;GCC-12;4096;32;16;6;ssandPile;ocl_hybrid_thick;default;1000;dynamic;cores;C1_Dense_4096;4partout;60:1;1984364;-1;-1
img2d;patrin;GCC-12;4096;32;16;8;ssandPile;ocl_hybrid_thick;default;1000;dynamic;cores;C1_Dense_4096;4partout;60:1;1717427;-1;-1
img2d;patrin;GCC-12;4096;32;16;12;ssandPile;ocl_hybrid_thick;default;1000;dynamic;cores;C1_Dense_4096;4partout;60:1;1309450;-1;-1
img2d;patrin;GCC-12;4096;32;16;16;ssandPile;ocl_hybrid_thick;default;1000;dynamic;cores;C1_Dense_4096;4partout;60:1;1120539;-1;-1
img2d;patrin;GCC-12;4096;32;16;20;ssandPile;ocl_hybrid_thick;default;1000;dynamic;cores;C1_Dense_4096;4partout;60:1;1043154;-1;-1
img2d;patrin;GCC-12;4096;32;16;24;ssandPile;ocl_hybrid_thick;default;1000;dynamic;cores;C1_Dense_4096;4partout;60:1;990882;-1;-1
img2d;patrin;GCC-12;4096;32;16;1;ssandPile;ocl_hybrid_thick;default;1000;guided;cores;C1_Dense_4096;4partout;60:1;2152907;-1;-1
img2d;patrin;GCC-12;4096;32;16;2;ssandPile;ocl_hybrid_thick;default;1000;guided;cores;C1_Dense_4096;4partout;60:1;1106883;-1;-1
img2d;patrin;GCC-12;4096;32;16;4;ssandPile;ocl_hybrid_thick;default;1000;guided;cores;C1_Dense_4096;4partout;60:1;589002;-1;-1
img2d;patrin;GCC-12;4096;32;16;6;ssandPile;ocl_hybrid_thick;default;1000;guided;cores;C1_Dense_4096;4partout;60:1;423974;-1;-1
img2d;patrin;GCC-12;4096;32;16;8;ssandPile;ocl_hybrid_thick;default;1000;guided;cores;C1_Dense_4096;4partout;60:1;336569;-1;-1
img2d;patrin;GCC-12;4096;32;16;12;ssandPile;ocl_hybrid_thick;default;1000;guided;cores;C1_Dense_4096;4partout;60:1;337111;-1;-1
img2d;patrin;GCC-12;4096;32;16;16;ssandPile;ocl_hybrid_thick;default;1000;guided;cores;C1_Dense_4096;4partout;60:1;334298;-1;-1
img2d;patrin;GCC-12;4096;32;16;20;ssandPile;ocl_hybrid_thick;default;1000;guided;cores;C1_Dense_4096;4partout;60:1;333805;-1;-1
img2d;patrin;GCC-12;4096;32;16;24;ssandPile;ocl_hybrid_thick;default;1000;guided;cores;C1_Dense_4096;4partout;60:1;333721;-1;-1
img2d;patrin;GCC-12;1024;32;16;1;ssandPile;ocl_hybrid_thick;default;4000;static;cores;C2_Dense_1024;4partout;60:1;530728;-1;-1
img2d;patrin;GCC-12;1024;32;16;2;ssandPile;ocl_hybrid_thick;default;4000;static;cores;C2_Dense_1024;4partout;60:1;290719;-1;-1
img2d;patrin;GCC-12;1024;32;16;4;ssandPile;ocl_hybrid_thick;default;4000;static;cores;C2_Dense_1024;4partout;60:1;154909;-1;-1
img2d;patrin;GCC-12;1024;32;16;6;ssandPile;ocl_hybrid_thick;default;4000;static;cores;C2_Dense_1024;4partout;60:1;135244;-1;-1
img2d;patrin;GCC-12;1024;32;16;8;ssandPile;ocl_hybrid_thick;default;4000;static;cores;C2_Dense_1024;4partout;60:1;108788;-1;-1
img2d;patrin;GCC-12;1024;32;16;12;ssandPile;ocl_hybrid_thick;default;4000;static;cores;C2_Dense_1024;4partout;60:1;107780;-1;-1
img2d;patrin;GCC-12;1024;32;16;16;ssandPile;ocl_hybrid_thick;default;4000;static;cores;C2_Dense_1024;4partout;60:1;105420;-1;-1
img2d;patrin;GCC-12;1024;32;16;20;ssandPile;ocl_hybrid_thick;default;4000;static;cores;C2_Dense_1024;4partout;60:1;105999;-1;-1
img2d;patrin;GCC-12;1024;32;16;24;ssandPile;ocl_hybrid_thick;default;4000;static;cores;C2_Dense_1024;4partout;60:1;106288;-1;-1
img2d;patrin;GCC-12;1024;32;16;1;ssandPile;ocl_hybrid_thick;default;4000;dynamic;cores;C2_Dense_1024;4partout;60:1;579388;-1;-1
img2d;patrin;GCC-12;1024;32;16;2;ssandPile;ocl_hybrid_thick;default;4000;dynamic;cores;C2_Dense_1024;4partout;60:1;765573;-1;-1
img2d;patrin;GCC-12;1024;32;16;4;ssandPile;ocl_hybrid_thick;default;4000;dynamic;cores;C2_Dense_1024;4partout;60:1;489919;-1;-1
img2d;patrin;GCC-12;1024;32;16;6;ssandPile;ocl_hybrid_thick;default;4000;dynamic;cores;C2_Dense_1024;4partout;60:1;388031;-1;-1
img2d;patrin;GCC-12;1024;32;16;8;ssandPile;ocl_hybrid_thick;default;4000;dynamic;cores;C2_Dense_1024;4partout;60:1;320300;-1;-1
img2d;patrin;GCC-12;1024;32;16;12;ssandPile;ocl_hybrid_thick;default;4000;dynamic;cores;C2_Dense_1024;4partout;60:1;284226;-1;-1
img2d;patrin;GCC-12;1024;32;16;16;ssandPile;ocl_hybrid_thick;default;4000;dynamic;cores;C2_Dense_1024;4partout;60:1;262367;-1;-1
img2d;patrin;GCC-12;1024;32;16;20;ssandPile;ocl_hybrid_thick;default;4000;dynamic;cores;C2_Dense_1024;4partout;60:1;269159;-1;-1
img2d;patrin;GCC-12;1024;32;16;24;ssandPile;ocl_hybrid_thick;default;4000;dynamic;cores;C2_Dense_1024;4partout;60:1;264103;-1;-1
img2d;patrin;GCC-12;1024;32;16;1;ssandPile;ocl_hybrid_thick;default;4000;guided;cores;C2_Dense_1024;4partout;60:1;616666;-1;-1
img2d;patrin;GCC-12;1024;32;16;2;ssandPile;ocl_hybrid_thick;default;4000;guided;cores;C2_Dense_1024;4partout;60:1;273764;-1;-1
img2d;patrin;GCC-12;1024;32;16;4;ssandPile;ocl_hybrid_thick;default;4000;guided;cores;C2_Dense_1024;4partout;60:1;163654;-1;-1
img2d;patrin;GCC-12;1024;32;16;6;ssandPile;ocl_hybrid_thick;default;4000;guided;cores;C2_Dense_1024;4partout;60:1;128349;-1;-1
img2d;patrin;GCC-12;1024;32;16;8;ssandPile;ocl_hybrid_thick;default;4000;guided;cores;C2_Dense_1024;4partout;60:1;121703;-1;-1
img2d;patrin;GCC-12;1024;32;16;12;ssandPile;ocl_hybrid_thick;default;4000;guided;cores;C2_Dense_1024;4partout;60:1;129476;-1;-1
img2d;patrin;GCC-12;1024;32;16;16;ssandPile;ocl_hybrid_thick;default;4000;guided;cores;C2_Dense_1024;4partout;60:1;138444;-1;-1
img2d;patrin;GCC-12;1024;32;16;20;ssandPile;ocl_hybrid_thick;default;4000;guided;cores;C2_Dense_1024;4partout;60:1;148127;-1;-1
img2d;patrin;GCC-12;1024;32;16;24;ssandPile;ocl_hybrid_thick;default;4000;guided;cores;C2_Dense_1024;4partout;60:1;153734;-1;-1
img2d;patrin;GCC-12;1024;32;16;1;ssandPile;ocl_hybrid_thick;default;4000;static;cores;C2_Dense_1024;4partout;60:1;603191;-1;-1
img2d;patrin;GCC-12;1024;32;16;2;ssandPile;ocl_hybrid_thick;default;4000;static;cores;C2_Dense_1024;4partout;60:1;298522;-1;-1
img2d;patrin;GCC-12;1024;32;16;4;ssandPile;ocl_hybrid_thick;default;4000;static;cores;C2_Dense_1024;4partout;60:1;170912;-1;-1
img2d;patrin;GCC-12;1024;32;16;6;ssandPile;ocl_hybrid_thick;default;4000;static;cores;C2_Dense_1024;4partout;60:1;136372;-1;-1
img2d;patrin;GCC-12;1024;32;16;8;ssandPile;ocl_hybrid_thick;default;4000;static;cores;C2_Dense_1024;4partout;60:1;119439;-1;-1
img2d;patrin;GCC-12;1024;32;16;12;ssandPile;ocl_hybrid_thick;default;4000;static;cores;C2_Dense_1024;4partout;60:1;131924;-1;-1
img2d;patrin;GCC-12;1024;32;16;16;ssandPile;ocl_hybrid_thick;default;4000;static;cores;C2_Dense_1024;4partout;60:1;109214;-1;-1
img2d;patrin;GCC-12;1024;32;16;20;ssandPile;ocl_hybrid_thick;default;4000;static;cores;C2_Dense_1024;4partout;60:1;105802;-1;-1
img2d;patrin;GCC-12;1024;32;16;24;ssandPile;ocl_hybrid_thick;default;4000;static;cores;C2_Dense_1024;4partout;60:1;106419;-1;-1
img2d;patrin;GCC-12;1024;32;16;1;ssandPile;ocl_hybrid_thick;default;4000;dynamic;cores;C2_Dense_1024;4partout;60:1;566273;-1;-1
img2d;patrin;GCC-12;1024;32;16;2;ssandPile;ocl_hybrid_thick;default;4000;dynamic;cores;C2_Dense_1024;4partout;60:1;757591;-1;-1
img2d;patrin;GCC-12;1024;32;16;4;ssandPile;ocl_hybrid_thick;default;4000;dynamic;cores;C2_Dense_1024;4partout;60:1;488973;-1;-1
img2d;patrin;GCC-12;1024;32;16;6;ssandPile;ocl_hybrid_thick;default;4000;dynamic;cores;C2_Dense_1024;4partout;60:1;394398;-1;-1
img2d;patrin;GCC-12;1024;32;16;8;ssandPile;ocl_hybrid_thick;default;4000;dynamic;cores;C2_Dense_1024;4partout;60:1;330018;-1;-1
img2d;patrin;GCC-12;1024;32;16;12;ssandPile;ocl_hybrid_thick;default;4000;dynamic;cores;C2_Dense_1024;4partout;60:1;283898;-1;-1
img2d;patrin;GCC-12;1024;32;16;16;ssandPile;ocl_hybrid_thick;default;4000;dynamic;cores;C2_Dense_1024;4partout;60:1;262311;-1;-1
img2d;patrin;GCC-12;1024;32;16;20;ssandPile;ocl_hybrid_thick;default;4000;dynamic;cores;C2_Dense_1024;4partout;60:1;261284;-1;-1
img2d;patrin;GCC-12;1024;32;16;24;ssandPile;ocl_hybrid_thick;default;4000;dynamic;cores;C2_Dense_1024;4partout;60:1;255121;-1;-1
img2d;patrin;GCC-12;1024;32;16;1;ssandPile;ocl_hybrid_thick;default;4000;guided;cores;C2_Dense_1024;4partout;60:1;585265;-1;-1
img2d;patrin;GCC-12;1024;32;16;2;ssandPile;ocl_hybrid_thick;default;4000;guided;cores;C2_Dense_1024;4partout;60:1;268754;-1;-1
img2d;patrin;GCC-12;1024;32;16;4;ssandPile;ocl_hybrid_thick;default;4000;guided;cores;C2_Dense_1024;4partout;60:1;161251;-1;-1
img2d;patrin;GCC-12;1024;32;16;6;ssandPile;ocl_hybrid_thick;default;4000;guided;cores;C2_Dense_1024;4partout;60:1;125098;-1;-1
img2d;patrin;GCC-12;1024;32;16;8;ssandPile;ocl_hybrid_thick;default;4000;guided;cores;C2_Dense_1024;4partout;60:1;113520;-1;-1
img2d;patrin;GCC-12;1024;32;16;12;ssandPile;ocl_hybrid_thick;default;4000;guided;cores;C2_Dense_1024;4partout;60:1;124370;-1;-1
img2d;patrin;GCC-12;1024;32;16;16;ssandPile;ocl_hybrid_thick;default;4000;guided;cores;C2_Dense_1024;4partout;60:1;134132;-1;-1
img2d;patrin;GCC-12;1024;32;16;20;ssandPile;ocl_hybrid_thick;default;4000;guided;cores;C2_Dense_1024;4partout;60:1;143730;-1;-1
img2d;patrin;GCC-12;1024;32;16;24;ssandPile;ocl_hybrid_thick;default;4000;guided;cores;C2_Dense_1024;4partout;60:1;153617;-1;-1
img2d;patrin;GCC-12;1024;32;16;1;ssandPile;ocl_hybrid_thick;default;4000;static;cores;C2_Dense_1024;4partout;60:1;530740;-1;-1
img2d;patrin;GCC-12;1024;32;16;2;ssandPile;ocl_hybrid_thick;default;4000;static;cores;C2_Dense_1024;4partout;60:1;278986;-1;-1
img2d;patrin;GCC-12;1024;32;16;4;ssandPile;ocl_hybrid_thick;default;4000;static;cores;C2_Dense_1024;4partout;60:1;180440;-1;-1
img2d;patrin;GCC-12;1024;32;16;6;ssandPile;ocl_hybrid_thick;default;4000;static;cores;C2_Dense_1024;4partout;60:1;136970;-1;-1
img2d;patrin;GCC-12;1024;32;16;8;ssandPile;ocl_hybrid_thick;default;4000;static;cores;C2_Dense_1024;4partout;60:1;118745;-1;-1
img2d;patrin;GCC-12;1024;32;16;12;ssandPile;ocl_hybrid_thick;default;4000;static;cores;C2_Dense_1024;4partout;60:1;118855;-1;-1
img2d;patrin;GCC-12;1024;32;16;16;ssandPile;ocl_hybrid_thick;default;4000;static;cores;C2_Dense_1024;4partout;60:1;106143;-1;-1
img2d;patrin;GCC-12;1024;32;16;20;ssandPile;ocl_hybrid_thick;default;4000;static;cores;C2_Dense_1024;4partout;60:1;110765;-1;-1
img2d;patrin;GCC-12;1024;32;16;24;ssandPile;ocl_hybrid_thick;default;4000;static;cores;C2_Dense_1024;4partout;60:1;106161;-1;-1
img2d;patrin;GCC-12;1024;32;16;1;ssandPile;ocl_hybrid_thick;default;4000;dynamic;cores;C2_Dense_1024;4partout;60:1;552325;-1;-1
img2d;patrin;GCC-12;1024;32;16;2;ssandPile;ocl_hybrid_thick;default;4000;dynamic;cores;C2_Dense_1024;4partout;60:1;748584;-1;-1
img2d;patrin;GCC-12;1024;32;16;4;ssandPile;ocl_hybrid_thick;default;4000;dynamic;cores;C2_Dense_1024;4partout;60:1;486817;-1;-1
img2d;patrin;GCC-12;1024;32;16;6;ssandPile;ocl_hybrid_thick;default;4000;dynamic;cores;C2_Dense_1024;4partout;60:1;381684;-1;-1
img2d;patrin;GCC-12;1024;32;16;8;ssandPile;ocl_hybrid_thick;default;4000;dynamic;cores;C2_Dense_1024;4partout;60:1;329475;-1;-1
img2d;patrin;GCC-12;1024;32;16;12;ssandPile;ocl_hybrid_thick;default;4000;dynamic;cores;C2_Dense_1024;4partout;60:1;285556;-1;-1
img2d;patrin;GCC-12;1024;32;16;16;ssandPile;ocl_hybrid_thick;default;4000;dynamic;cores;C2_Dense_1024;4partout;60:1;261223;-1;-1
img2d;patrin;GCC-12;1024;32;16;20;ssandPile;ocl_hybrid_thick;default;4000;dynamic;cores;C2_Dense_1024;4partout;60:1;271685;-1;-1
img2d;patrin;GCC-12;1024;32;16;24;ssandPile;ocl_hybrid_thick;default;4000;dynamic;cores;C2_Dense_1024;4partout;60:1;254724;-1;-1
img2d;patrin;GCC-12;1024;32;16;1;ssandPile;ocl_hybrid_thick;default;4000;guided;cores;C2_Dense_1024;4partout;60:1;537293;-1;-1
img2d;patrin;GCC-12;1024;32;16;2;ssandPile;ocl_hybrid_thick;default;4000;guided;cores;C2_Dense_1024;4partout;60:1;280471;-1;-1
img2d;patrin;GCC-12;1024;32;16;4;ssandPile;ocl_hybrid_thick;default;4000;guided;cores;C2_Dense_1024;4partout;60:1;165821;-1;-1
img2d;patrin;GCC-12;1024;32;16;6;ssandPile;ocl_hybrid_thick;default;4000;guided;cores;C2_Dense_1024;4partout;60:1;128345;-1;-1
img2d;patrin;GCC-12;1024;32;16;8;ssandPile;ocl_hybrid_thick;default;4000;guided;cores;C2_Dense_1024;4partout;60:1;113548;-1;-1
img2d;patrin;GCC-12;1024;32;16;12;ssandPile;ocl_hybrid_thick;default;4000;guided;cores;C2_Dense_1024;4partout;60:1;128835;-1;-1
img2d;patrin;GCC-12;1024;32;16;16;ssandPile;ocl_hybrid_thick;default;4000;guided;cores;C2_Dense_1024;4partout;60:1;141117;-1;-1
img2d;patrin;GCC-12;1024;32;16;20;ssandPile;ocl_hybrid_thick;default;4000;guided;cores;C2_Dense_1024;4partout;60:1;145957;-1;-1
img2d;patrin;GCC-12;1024;32;16;24;ssandPile;ocl_hybrid_thick;default;4000;guided;cores;C2_Dense_1024;4partout;60:1;154135;-1;-1
img2d;patrin;GCC-12;1024;32;16;1;ssandPile;ocl_hybrid_thick;default;4000;static;cores;C2_Dense_1024;4partout;60:1;585784;-1;-1
img2d;patrin;GCC-12;1024;32;16;2;ssandPile;ocl_hybrid_thick;default;4000;static;cores;C2_Dense_1024;4partout;60:1;277994;-1;-1
img2d;patrin;GCC-12;1024;32;16;4;ssandPile;ocl_hybrid_thick;default;4000;static;cores;C2_Dense_1024;4partout;60:1;178065;-1;-1
img2d;patrin;GCC-12;1024;32;16;6;ssandPile;ocl_hybrid_thick;default;4000;static;cores;C2_Dense_1024;4partout;60:1;113555;-1;-1
img2d;patrin;GCC-12;1024;32;16;8;ssandPile;ocl_hybrid_thick;default;4000;static;cores;C2_Dense_1024;4partout;60:1;105025;-1;-1
img2d;patrin;GCC-12;1024;32;16;12;ssandPile;ocl_hybrid_thick;default;4000;static;cores;C2_Dense_1024;4partout;60:1;109743;-1;-1
img2d;patrin;GCC-12;1024;32;16;16;ssandPile;ocl_hybrid_thick;default;4000;static;cores;C2_Dense_1024;4partout;60:1;109329;-1;-1
img2d;patrin;GCC-12;1024;32;16;20;ssandPile;ocl_hybrid_thick;default;4000;static;cores;C2_Dense_1024;4partout;60:1;105506;-1;-1
img2d;patrin;GCC-12;1024;32;16;24;ssandPile;ocl_hybrid_thick;default;4000;static;cores;C2_Dense_1024;4partout;60:1;106261;-1;-1
img2d;patrin;GCC-12;1024;32;16;1;ssandPile;ocl_hybrid_thick;default;4000;dynamic;cores;C2_Dense_1024;4partout;60:1;599308;-1;-1
img2d;patrin;GCC-12;1024;32;16;2;ssandPile;ocl_hybrid_thick;default;4000;dynamic;cores;C2_Dense_1024;4partout;60:1;757727;-1;-1
img2d;patrin;GCC-12;1024;32;16;4;ssandPile;ocl_hybrid_thick;default;4000;dynamic;cores;C2_Dense_1024;4partout;60:1;490413;-1;-1
img2d;patrin;GCC-12;1024;32;16;6;ssandPile;ocl_hybrid_thick;default;4000;dynamic;cores;C2_Dense_1024;4partout;60:1;387395;-1;-1
img2d;patrin;GCC-12;1024;32;16;8;ssandPile;ocl_hybrid_thick;default;4000;dynamic;cores;C2_Dense_1024;4partout;60:1;339897;-1;-1
img2d;patrin;GCC-12;1024;32;16;12;ssandPile;ocl_hybrid_thick;default;4000;dynamic;cores;C2_Dense_1024;4partout;60:1;285125;-1;-1
img2d;patrin;GCC-12;1024;32;16;16;ssandPile;ocl_hybrid_thick;default;4000;dynamic;cores;C2_Dense_1024;4partout;60:1;263884;-1;-1
img2d;patrin;GCC-12;1024;32;16;20;ssandPile;ocl_hybrid_thick;default;4000;dynamic;cores;C2_Dense_1024;4partout;60:1;259562;-1;-1
img2d;patrin;GCC-12;1024;32;16;24;ssandPile;ocl_hybrid_thick;default;4000;dynamic;cores;C2_Dense_1024;4partout;60:1;258813;-1;-1
img2d;patrin;GCC-12;1024;32;16;1;ssandPile;ocl_hybrid_thick;default;4000;guided;cores;C2_Dense_1024;4partout;60:1;632435;-1;-1
img2d;patrin;GCC-12;1024;32;16;2;ssandPile;ocl_hybrid_thick;default;4000;guided;cores;C2_Dense_1024;4partout;60:1;325944;-1;-1
img2d;patrin;GCC-12;1024;32;16;4;ssandPile;ocl_hybrid_thick;default;4000;guided;cores;C2_Dense_1024;4partout;60:1;168996;-1;-1
img2d;patrin;GCC-12;1024;32;16;6;ssandPile;ocl_hybrid_thick;default;4000;guided;cores;C2_Dense_1024;4partout;60:1;125328;-1;-1
img2d;patrin;GCC-12;1024;32;16;8;ssandPile;ocl_hybrid_thick;default;4000;guided;cores;C2_Dense_1024;4partout;60:1;113916;-1;-1
img2d;patrin;GCC-12;1024;32;16;12;ssandPile;ocl_hybrid_thick;default;4000;guided;cores;C2_Dense_1024;4partout;60:1;124479;-1;-1
img2d;patrin;GCC-12;1024;32;16;16;ssandPile;ocl_hybrid_thick;default;4000;guided;cores;C2_Dense_1024;4partout;60:1;135680;-1;-1
img2d;patrin;GCC-12;1024;32;16;20;ssandPile;ocl_hybrid_thick;default;4000;guided;cores;C2_Dense_1024;4partout;60:1;144347;-1;-1
img2d;patrin;GCC-12;1024;32;16;24;ssandPile;ocl_hybrid_thick;default;4000;guided;cores;C2_Dense_1024;4partout;60:1;153551;-1;-1
img2d;patrin;GCC-12;2048;32;16;1;ssandPile;ocl_hybrid_thick;default;2000;static;cores;C3_Sparse_2048;spirals;60:1;1069545;-1;-1
img2d;patrin;GCC-12;2048;32;16;2;ssandPile;ocl_hybrid_thick;default;2000;static;cores;C3_Sparse_2048;spirals;60:1;542568;-1;-1
img2d;patrin;GCC-12;2048;32;16;4;ssandPile;ocl_hybrid_thick;default;2000;static;cores;C3_Sparse_2048;spirals;60:1;277677;-1;-1
img2d;patrin;GCC-12;2048;32;16;6;ssandPile;ocl_hybrid_thick;default;2000;static;cores;C3_Sparse_2048;spirals;60:1;194456;-1;-1
img2d;patrin;GCC-12;2048;32;16;8;ssandPile;ocl_hybrid_thick;default;2000;static;cores;C3_Sparse_2048;spirals;60:1;158774;-1;-1
img2d;patrin;GCC-12;2048;32;16;12;ssandPile;ocl_hybrid_thick;default;2000;static;cores;C3_Sparse_2048;spirals;60:1;178593;-1;-1
img2d;patrin;GCC-12;2048;32;16;16;ssandPile;ocl_hybrid_thick;default;2000;static;cores;C3_Sparse_2048;spirals;60:1;159162;-1;-1
img2d;patrin;GCC-12;2048;32;16;20;ssandPile;ocl_hybrid_thick;default;2000;static;cores;C3_Sparse_2048;spirals;60:1;159288;-1;-1
img2d;patrin;GCC-12;2048;32;16;24;ssandPile;ocl_hybrid_thick;default;2000;static;cores;C3_Sparse_2048;spirals;60:1;159778;-1;-1
img2d;patrin;GCC-12;2048;32;16;1;ssandPile;ocl_hybrid_thick;default;2000;dynamic;cores;C3_Sparse_2048;spirals;60:1;1141167;-1;-1
img2d;patrin;GCC-12;2048;32;16;2;ssandPile;ocl_hybrid_thick;default;2000;dynamic;cores;C3_Sparse_2048;spirals;60:1;1473139;-1;-1
img2d;patrin;GCC-12;2048;32;16;4;ssandPile;ocl_hybrid_thick;default;2000;dynamic;cores;C3_Sparse_2048;spirals;60:1;945289;-1;-1
img2d;patrin;GCC-12;2048;32;16;6;ssandPile;ocl_hybrid_thick;default;2000;dynamic;cores;C3_Sparse_2048;spirals;60:1;751323;-1;-1
img2d;patrin;GCC-12;2048;32;16;8;ssandPile;ocl_hybrid_thick;default;2000;dynamic;cores;C3_Sparse_2048;spirals;60:1;661648;-1;-1
img2d;patrin;GCC-12;2048;32;16;12;ssandPile;ocl_hybrid_thick;default;2000;dynamic;cores;C3_Sparse_2048;spirals;60:1;516256;-1;-1
img2d;patrin;GCC-12;2048;32;16;16;ssandPile;ocl_hybrid_thick;default;2000;dynamic;cores;C3_Sparse_2048;spirals;60:1;466177;-1;-1
img2d;patrin;GCC-12;2048;32;16;20;ssandPile;ocl_hybrid_thick;default;2000;dynamic;cores;C3_Sparse_2048;spirals;60:1;486939;-1;-1
img2d;patrin;GCC-12;2048;32;16;24;ssandPile;ocl_hybrid_thick;default;2000;dynamic;cores;C3_Sparse_2048;spirals;60:1;481276;-1;-1
img2d;patrin;GCC-12;2048;32;16;1;ssandPile;ocl_hybrid_thick;default;2000;guided;cores;C3_Sparse_2048;spirals;60:1;1044255;-1;-1
img2d;patrin;GCC-12;2048;32;16;2;ssandPile;ocl_hybrid_thick;default;2000;guided;cores;C3_Sparse_2048;spirals;60:1;538311;-1;-1
img2d;patrin;GCC-12;2048;32;16;4;ssandPile;ocl_hybrid_thick;default;2000;guided;cores;C3_Sparse_2048;spirals;60:1;280371;-1;-1
img2d;patrin;GCC-12;2048;32;16;6;ssandPile;ocl_hybrid_thick;default;2000;guided;cores;C3_Sparse_2048;spirals;60:1;199236;-1;-1
img2d;patrin;GCC-12;2048;32;16;8;ssandPile;ocl_hybrid_thick;default;2000;guided;cores;C3_Sparse_2048;spirals;60:1;164459;-1;-1
img2d;patrin;GCC-12;2048;32;16;12;ssandPile;ocl_hybrid_thick;default;2000;guided;cores;C3_Sparse_2048;spirals;60:1;175031;-1;-1
img2d;patrin;GCC-12;2048;32;16;16;ssandPile;ocl_hybrid_thick;default;2000;guided;cores;C3_Sparse_2048;spirals;60:1;198200;-1;-1
img2d;patrin;GCC-12;2048;32;16;20;ssandPile;ocl_hybrid_thick;default;2000;guided;cores;C3_Sparse_2048;spirals;60:1;208544;-1;-1
img2d;patrin;GCC-12;2048;32;16;24;ssandPile;ocl_hybrid_thick;default;2000;guided;cores;C3_Sparse_2048;spirals;60:1;211943;-1;-1
img2d;patrin;GCC-12;2048;32;16;1;ssandPile;ocl_hybrid_thick;default;2000;static;cores;C3_Sparse_2048;spirals;60:1;1040502;-1;-1
img2d;patrin;GCC-12;2048;32;16;2;ssandPile;ocl_hybrid_thick;default;2000;static;cores;C3_Sparse_2048;spirals;60:1;536156;-1;-1
img2d;patrin;GCC-12;2048;32;16;4;ssandPile;ocl_hybrid_thick;default;2000;static;cores;C3_Sparse_2048;spirals;60:1;288582;-1;-1
img2d;patrin;GCC-12;2048;32;16;6;ssandPile;ocl_hybrid_thick;default;2000;static;cores;C3_Sparse_2048;spirals;60:1;193982;-1;-1
img2d;patrin;GCC-12;2048;32;16;8;ssandPile;ocl_hybrid_thick;default;2000;static;cores;C3_Sparse_2048;spirals;60:1;159410;-1;-1
img2d;patrin;GCC-12;2048;32;16;12;ssandPile;ocl_hybrid_thick;default;2000;static;cores;C3_Sparse_2048;spirals;60:1;174288;-1;-1
img2d;patrin;GCC-12;2048;32;16;16;ssandPile;ocl_hybrid_thick;default;2000;static;cores;C3_Sparse_2048;spirals;60:1;159085;-1;-1
img2d;patrin;GCC-12;2048;32;16;20;ssandPile;ocl_hybrid_thick;default;2000;static;cores;C3_Sparse_2048;spirals;60:1;162712;-1;-1
img2d;patrin;GCC-12;2048;32;16;24;ssandPile;ocl_hybrid_thick;default;2000;static;cores;C3_Sparse_2048;spirals;60:1;159598;-1;-1
img2d;patrin;GCC-12;2048;32;16;1;ssandPile;ocl_hybrid_thick;default;2000;dynamic;cores;C3_Sparse_2048;spirals;60:1;1076771;-1;-1
img2d;patrin;GCC-12;2048;32;16;2;ssandPile;ocl_hybrid_thick;default;2000;dynamic;cores;C3_Sparse_2048;spirals;60:1;1503367;-1;-1
img2d;patrin;GCC-12;2048;32;16;4;ssandPile;ocl_hybrid_thick;default;2000;dynamic;cores;C3_Sparse_2048;spirals;60:1;951130;-1;-1
img2d;patrin;GCC-12;2048;32;16;6;ssandPile;ocl_hybrid_thick;default;2000;dynamic;cores;C3_Sparse_2048;spirals;60:1;749741;-1;-1
img2d;patrin;GCC-12;2048;32;16;8;ssandPile;ocl_hybrid_thick;default;2000;dynamic;cores;C3_Sparse_2048;spirals;60:1;665853;-1;-1
img2d;patrin;GCC-12;2048;32;16;12;ssandPile;ocl_hybrid_thick;default;2000;dynamic;cores;C3_Sparse_2048;spirals;60:1;510587;-1;-1
img2d;patrin;GCC-12;2048;32;16;16;ssandPile;ocl_hybrid_thick;default;2000;dynamic;cores;C3_Sparse_2048;spirals;60:1;470646;-1;-1
img2d;patrin;GCC-12;2048;32;16;20;ssandPile;ocl_hybrid_thick;default;2000;dynamic;cores;C3_Sparse_2048;spirals;60:1;486823;-1;-1
img2d;patrin;GCC-12;2048;32;16;24;ssandPile;ocl_hybrid_thick;default;2000;dynamic;cores;C3_Sparse_2048;spirals;60:1;471599;-1;-1
img2d;patrin;GCC-12;2048;32;16;1;ssandPile;ocl_hybrid_thick;default;2000;guided;cores;C3_Sparse_2048;spirals;60:1;1049931;-1;-1
img2d;patrin;GCC-12;2048;32;16;2;ssandPile;ocl_hybrid_thick;default;2000;guided;cores;C3_Sparse_2048;spirals;60:1;536064;-1;-1
img2d;patrin;GCC-12;2048;32;16;4;ssandPile;ocl_hybrid_thick;default;2000;guided;cores;C3_Sparse_2048;spirals;60:1;281187;-1;-1
img2d;patrin;GCC-12;2048;32;16;6;ssandPile;ocl_hybrid_thick;default;2000;guided;cores;C3_Sparse_2048;spirals;60:1;198110;-1;-1
img2d;patrin;GCC-12;2048;32;16;8;ssandPile;ocl_hybrid_thick;default;2000;guided;cores;C3_Sparse_2048;spirals;60:1;163531;-1;-1
img2d;patrin;GCC-12;2048;32;16;12;ssandPile;ocl_hybrid_thick;default;2000;guided;cores;C3_Sparse_2048;spirals;60:1;179010;-1;-1
img2d;patrin;GCC-12;2048;32;16;16;ssandPile;ocl_hybrid_thick;default;2000;guided;cores;C3_Sparse_2048;spirals;60:1;192859;-1;-1
img2d;patrin;GCC-12;2048;32;16;20;ssandPile;ocl_hybrid_thick;default;2000;guided;cores;C3_Sparse_2048;spirals;60:1;204375;-1;-1
img2d;patrin;GCC-12;2048;32;16;24;ssandPile;ocl_hybrid_thick;default;2000;guided;cores;C3_Sparse_2048;spirals;60:1;213373;-1;-1
img2d;patrin;GCC-12;2048;32;16;1;ssandPile;ocl_hybrid_thick;default;2000;static;cores;C3_Sparse_2048;spirals;60:1;1082196;-1;-1
img2d;patrin;GCC-12;2048;32;16;2;ssandPile;ocl_hybrid_thick;default;2000;static;cores;C3_Sparse_2048;spirals;60:1;538236;-1;-1
img2d;patrin;GCC-12;2048;32;16;4;ssandPile;ocl_hybrid_thick;default;2000;static;cores;C3_Sparse_2048;spirals;60:1;280524;-1;-1
img2d;patrin;GCC-12;2048;32;16;6;ssandPile;ocl_hybrid_thick;default;2000;static;cores;C3_Sparse_2048;spirals;60:1;187466;-1;-1
img2d;patrin;GCC-12;2048;32;16;8;ssandPile;ocl_hybrid_thick;default;2000;static;cores;C3_Sparse_2048;spirals;60:1;158507;-1;-1
img2d;patrin;GCC-12;2048;32;16;12;ssandPile;ocl_hybrid_thick;default;2000;static;cores;C3_Sparse_2048;spirals;60:1;176571;-1;-1
img2d;patrin;GCC-12;2048;32;16;16;ssandPile;ocl_hybrid_thick;default;2000;static;cores;C3_Sparse_2048;spirals;60:1;158996;-1;-1
img2d;patrin;GCC-12;2048;32;16;20;ssandPile;ocl_hybrid_thick;default;2000;static;cores;C3_Sparse_2048;spirals;60:1;159239;-1;-1
img2d;patrin;GCC-12;2048;32;16;24;ssandPile;ocl_hybrid_thick;default;2000;static;cores;C3_Sparse_2048;spirals;60:1;159729;-1;-1
img2d;patrin;GCC-12;2048;32;16;1;ssandPile;ocl_hybrid_thick;default;2000;dynamic;cores;C3_Sparse_2048;spirals;60:1;1077269;-1;-1
img2d;patrin;GCC-12;2048;32;16;2;ssandPile;ocl_hybrid_thick;default;2000;dynamic;cores;C3_Sparse_2048;spirals;60:1;1520740;-1;-1
img2d;patrin;GCC-12;2048;32;16;4;ssandPile;ocl_hybrid_thick;default;2000;dynamic;cores;C3_Sparse_2048;spirals;60:1;942856;-1;-1
img2d;patrin;GCC-12;2048;32;16;6;ssandPile;ocl_hybrid_thick;default;2000;dynamic;cores;C3_Sparse_2048;spirals;60:1;749994;-1;-1
img2d;patrin;GCC-12;2048;32;16;8;ssandPile;ocl_hybrid_thick;default;2000;dynamic;cores;C3_Sparse_2048;spirals;60:1;662250;-1;-1
img2d;patrin;GCC-12;2048;32;16;12;ssandPile;ocl_hybrid_thick;default;2000;dynamic;cores;C3_Sparse_2048;spirals;60:1;519184;-1;-1
img2d;patrin;GCC-12;2048;32;16;16;ssandPile;ocl_hybrid_thick;default;2000;dynamic;cores;C3_Sparse_2048;spirals;60:1;467019;-1;-1
img2d;patrin;GCC-12;2048;32;16;20;ssandPile;ocl_hybrid_thick;default;2000;dynamic;cores;C3_Sparse_2048;spirals;60:1;487560;-1;-1
img2d;patrin;GCC-12;2048;32;16;24;ssandPile;ocl_hybrid_thick;default;2000;dynamic;cores;C3_Sparse_2048;spirals;60:1;481649;-1;-1
img2d;patrin;GCC-12;2048;32;16;1;ssandPile;ocl_hybrid_thick;default;2000;guided;cores;C3_Sparse_2048;spirals;60:1;1046852;-1;-1
img2d;patrin;GCC-12;2048;32;16;2;ssandPile;ocl_hybrid_thick;default;2000;guided;cores;C3_Sparse_2048;spirals;60:1;536548;-1;-1
img2d;patrin;GCC-12;2048;32;16;4;ssandPile;ocl_hybrid_thick;default;2000;guided;cores;C3_Sparse_2048;spirals;60:1;288325;-1;-1
img2d;patrin;GCC-12;2048;32;16;6;ssandPile;ocl_hybrid_thick;default;2000;guided;cores;C3_Sparse_2048;spirals;60:1;200171;-1;-1
img2d;patrin;GCC-12;2048;32;16;8;ssandPile;ocl_hybrid_thick;default;2000;guided;cores;C3_Sparse_2048;spirals;60:1;164748;-1;-1
img2d;patrin;GCC-12;2048;32;16;12;ssandPile;ocl_hybrid_thick;default;2000;guided;cores;C3_Sparse_2048;spirals;60:1;180342;-1;-1
img2d;patrin;GCC-12;2048;32;16;16;ssandPile;ocl_hybrid_thick;default;2000;guided;cores;C3_Sparse_2048;spirals;60:1;195020;-1;-1
img2d;patrin;GCC-12;2048;32;16;20;ssandPile;ocl_hybrid_thick;default;2000;guided;cores;C3_Sparse_2048;spirals;60:1;202327;-1;-1
img2d;patrin;GCC-12;2048;32;16;24;ssandPile;ocl_hybrid_thick;default;2000;guided;cores;C3_Sparse_2048;spirals;60:1;214958;-1;-1
img2d;patrin;GCC-12;2048;32;16;1;ssandPile;ocl_hybrid_thick;default;2000;static;cores;C3_Sparse_2048;spirals;60:1;1036557;-1;-1
img2d;patrin;GCC-12;2048;32;16;2;ssandPile;ocl_hybrid_thick;default;2000;static;cores;C3_Sparse_2048;spirals;60:1;541291;-1;-1
img2d;patrin;GCC-12;2048;32;16;4;ssandPile;ocl_hybrid_thick;default;2000;static;cores;C3_Sparse_2048;spirals;60:1;288258;-1;-1
img2d;patrin;GCC-12;2048;32;16;6;ssandPile;ocl_hybrid_thick;default;2000;static;cores;C3_Sparse_2048;spirals;60:1;190157;-1;-1
img2d;patrin;GCC-12;2048;32;16;8;ssandPile;ocl_hybrid_thick;default;2000;static;cores;C3_Sparse_2048;spirals;60:1;158759;-1;-1
img2d;patrin;GCC-12;2048;32;16;12;ssandPile;ocl_hybrid_thick;default;2000;static;cores;C3_Sparse_2048;spirals;60:1;176669;-1;-1
img2d;patrin;GCC-12;2048;32;16;16;ssandPile;ocl_hybrid_thick;default;2000;static;cores;C3_Sparse_2048;spirals;60:1;159068;-1;-1
img2d;patrin;GCC-12;2048;32;16;20;ssandPile;ocl_hybrid_thick;default;2000;static;cores;C3_Sparse_2048;spirals;60:1;164191;-1;-1
img2d;patrin;GCC-12;2048;32;16;24;ssandPile;ocl_hybrid_thick;default;2000;static;cores;C3_Sparse_2048;spirals;60:1;159756;-1;-1
img2d;patrin;GCC-12;2048;32;16;1;ssandPile;ocl_hybrid_thick;default;2000;dynamic;cores;C3_Sparse_2048;spirals;60:1;1086703;-1;-1
img2d;patrin;GCC-12;2048;32;16;2;ssandPile;ocl_hybrid_thick;default;2000;dynamic;cores;C3_Sparse_2048;spirals;60:1;1474515;-1;-1
img2d;patrin;GCC-12;2048;32;16;4;ssandPile;ocl_hybrid_thick;default;2000;dynamic;cores;C3_Sparse_2048;spirals;60:1;946539;-1;-1
img2d;patrin;GCC-12;2048;32;16;6;ssandPile;ocl_hybrid_thick;default;2000;dynamic;cores;C3_Sparse_2048;spirals;60:1;750524;-1;-1
img2d;patrin;GCC-12;2048;32;16;8;ssandPile;ocl_hybrid_thick;default;2000;dynamic;cores;C3_Sparse_2048;spirals;60:1;666549;-1;-1
img2d;patrin;GCC-12;2048;32;16;12;ssandPile;ocl_hybrid_thick;default;2000;dynamic;cores;C3_Sparse_2048;spirals;60:1;513571;-1;-1
img2d;patrin;GCC-12;2048;32;16;16;ssandPile;ocl_hybrid_thick;default;2000;dynamic;cores;C3_Sparse_2048;spirals;60:1;454101;-1;-1
img2d;patrin;GCC-12;2048;32;16;20;ssandPile;ocl_hybrid_thick;default;2000;dynamic;cores;C3_Sparse_2048;spirals;60:1;468897;-1;-1
img2d;patrin;GCC-12;2048;32;16;24;ssandPile;ocl_hybrid_thick;default;2000;dynamic;cores;C3_Sparse_2048;spirals;60:1;462193;-1;-1
img2d;patrin;GCC-12;2048;32;16;1;ssandPile;ocl_hybrid_thick;default;2000;guided;cores;C3_Sparse_2048;spirals;60:1;1046021;-1;-1
img2d;patrin;GCC-12;2048;32;16;2;ssandPile;ocl_hybrid_thick;default;2000;guided;cores;C3_Sparse_2048;spirals;60:1;537518;-1;-1
img2d;patrin;GCC-12;2048;32;16;4;ssandPile;ocl_hybrid_thick;default;2000;guided;cores;C3_Sparse_2048;spirals;60:1;284794;-1;-1
img2d;patrin;GCC-12;2048;32;16;6;ssandPile;ocl_hybrid_thick;default;2000;guided;cores;C3_Sparse_2048;spirals;60:1;196916;-1;-1
img2d;patrin;GCC-12;2048;32;16;8;ssandPile;ocl_hybrid_thick;default;2000;guided;cores;C3_Sparse_2048;spirals;60:1;163633;-1;-1
img2d;patrin;GCC-12;2048;32;16;12;ssandPile;ocl_hybrid_thick;default;2000;guided;cores;C3_Sparse_2048;spirals;60:1;181052;-1;-1
img2d;patrin;GCC-12;2048;32;16;16;ssandPile;ocl_hybrid_thick;default;2000;guided;cores;C3_Sparse_2048;spirals;60:1;202185;-1;-1
img2d;patrin;GCC-12;2048;32;16;20;ssandPile;ocl_hybrid_thick;default;2000;guided;cores;C3_Sparse_2048;spirals;60:1;203726;-1;-1
img2d;patrin;GCC-12;2048;32;16;24;ssandPile;ocl_hybrid_thick;default;2000;guided;cores;C3_Sparse_2048;spirals;60:1;211517;-1;-1
img2d;patrin;GCC-12;4096;32;16;1;ssandPile;ocl_hybrid_thick;default;1000;static;cores;C1_Dense_4096;4partout;60:1;2186534;-1;-1
img2d;patrin;GCC-12;4096;32;16;2;ssandPile;ocl_hybrid_thick;default;1000;static;cores;C1_Dense_4096;4partout;60:1;1122110;-1;-1
img2d;patrin;GCC-12;4096;32;16;4;ssandPile;ocl_hybrid_thick;default;1000;static;cores;C1_Dense_4096;4partout;60:1;594695;-1;-1
img2d;patrin;GCC-12;4096;32;16;6;ssandPile;ocl_hybrid_thick;default;1000;static;cores;C1_Dense_4096;4partout;60:1;398030;-1;-1
img2d;patrin;GCC-12;4096;32;16;8;ssandPile;ocl_hybrid_thick;default;1000;static;cores;C1_Dense_4096;4partout;60:1;334030;-1;-1
img2d;patrin;GCC-12;4096;32;16;12;ssandPile;ocl_hybrid_thick;default;1000;static;cores;C1_Dense_4096;4partout;60:1;365191;-1;-1
img2d;patrin;GCC-12;4096;32;16;16;ssandPile;ocl_hybrid_thick;default;1000;static;cores;C1_Dense_4096;4partout;60:1;330200;-1;-1
img2d;patrin;GCC-12;4096;32;16;20;ssandPile;ocl_hybrid_thick;default;1000;static;cores;C1_Dense_4096;4partout;60:1;329405;-1;-1
img2d;patrin;GCC-12;4096;32;16;24;ssandPile;ocl_hybrid_thick;default;1000;static;cores;C1_Dense_4096;4partout;60:1;340314;-1;-1
img2d;patrin;GCC-12;4096;32;16;1;ssandPile;ocl_hybrid_thick;default;1000;dynamic;cores;C1_Dense_4096;4partout;60:1;2245034;-1;-1
img2d;patrin;GCC-12;4096;32;16;2;ssandPile;ocl_hybrid_thick;default;1000;dynamic;cores;C1_Dense_4096;4partout;60:1;3289122;-1;-1
img2d;patrin;GCC-12;4096;32;16;4;ssandPile;ocl_hybrid_thick;default;1000;dynamic;cores;C1_Dense_4096;4partout;60:1;2352086;-1;-1
img2d;patrin;GCC-12;4096;32;16;6;ssandPile;ocl_hybrid_thick;default;1000;dynamic;cores;C1_Dense_4096;4partout;60:1;1986668;-1;-1
img2d;patrin;GCC-12;4096;32;16;8;ssandPile;ocl_hybrid_thick;default;1000;dynamic;cores;C1_Dense_4096;4partout;60:1;1710902;-1;-1
img2d;patrin;GCC-12;4096;32;16;12;ssandPile;ocl_hybrid_thick;default;1000;dynamic;cores;C1_Dense_4096;4partout;60:1;1305475;-1;-1
img2d;patrin;GCC-12;4096;32;16;16;ssandPile;ocl_hybrid_thick;default;1000;dynamic;cores;C1_Dense_4096;4partout;60:1;1085785;-1;-1
img2d;patrin;GCC-12;4096;32;16;20;ssandPile;ocl_hybrid_thick;default;1000;dynamic;cores;C1_Dense_4096;4partout;60:1;1054643;-1;-1
img2d;patrin;GCC-12;4096;32;16;24;ssandPile;ocl_hybrid_thick;default;1000;dynamic;cores;C1_Dense_4096;4partout;60:1;1001807;-1;-1
img2d;patrin;GCC-12;4096;32;16;1;ssandPile;ocl_hybrid_thick;default;1000;guided;cores;C1_Dense_4096;4partout;60:1;2128290;-1;-1
img2d;patrin;GCC-12;4096;32;16;2;ssandPile;ocl_hybrid_thick;default;1000;guided;cores;C1_Dense_4096;4partout;60:1;1112549;-1;-1
img2d;patrin;GCC-12;4096;32;16;4;ssandPile;ocl_hybrid_thick;default;1000;guided;cores;C1_Dense_4096;4partout;60:1;579233;-1;-1
img2d;patrin;GCC-12;4096;32;16;6;ssandPile;ocl_hybrid_thick;default;1000;guided;cores;C1_Dense_4096;4partout;60:1;419658;-1;-1
img2d;patrin;GCC-12;4096;32;16;8;ssandPile;ocl_hybrid_thick;default;1000;guided;cores;C1_Dense_4096;4partout;60:1;335529;-1;-1
img2d;patrin;GCC-12;4096;32;16;12;ssandPile;ocl_hybrid_thick;default;1000;guided;cores;C1_Dense_4096;4partout;60:1;336424;-1;-1
img2d;patrin;GCC-12;4096;32;16;16;ssandPile;ocl_hybrid_thick;default;1000;guided;cores;C1_Dense_4096;4partout;60:1;334004;-1;-1
img2d;patrin;GCC-12;4096;32;16;20;ssandPile;ocl_hybrid_thick;default;1000;guided;cores;C1_Dense_4096;4partout;60:1;333717;-1;-1
img2d;patrin;GCC-12;4096;32;16;24;ssandPile;ocl_hybrid_thick;default;1000;guided;cores;C1_Dense_4096;4partout;60:1;333789;-1;-1
img2d;patrin;GCC-12;4096;32;16;1;ssandPile;ocl_hybrid_thick;default;1000;static;cores;C1_Dense_4096;4partout;60:1;2156261;-1;-1
img2d;patrin;GCC-12;4096;32;16;2;ssandPile;ocl_hybrid_thick;default;1000;static;cores;C1_Dense_4096;4partout;60:1;1115366;-1;-1
img2d;patrin;GCC-12;4096;32;16;4;ssandPile;ocl_hybrid_thick;default;1000;static;cores;C1_Dense_4096;4partout;60:1;589480;-1;-1
img2d;patrin;GCC-12;4096;32;16;6;ssandPile;ocl_hybrid_thick;default;1000;static;cores;C1_Dense_4096;4partout;60:1;418099;-1;-1
img2d;patrin;GCC-12;4096;32;16;8;ssandPile;ocl_hybrid_thick;default;1000;static;cores;C1_Dense_4096;4partout;60:1;334255;-1;-1
img2d;patrin;GCC-12;4096;32;16;12;ssandPile;ocl_hybrid_thick;default;1000;static;cores;C1_Dense_4096;4partout;60:1;363357;-1;-1
img2d;patrin;GCC-12;4096;32;16;16;ssandPile;ocl_hybrid_thick;default;1000;static;cores;C1_Dense_4096;4partout;60:1;330257;-1;-1
img2d;patrin;GCC-12;4096;32;16;20;ssandPile;ocl_hybrid_thick;default;1000;static;cores;C1_Dense_4096;4partout;60:1;330053;-1;-1
img2d;patrin;GCC-12;4096;32;16;24;ssandPile;ocl_hybrid_thick;default;1000;static;cores;C1_Dense_4096;4partout;60:1;328310;-1;-1
img2d;patrin;GCC-12;4096;32;16;1;ssandPile;ocl_hybrid_thick;default;1000;dynamic;cores;C1_Dense_4096;4partout;60:1;2221034;-1;-1
img2d;patrin;GCC-12;4096;32;16;2;ssandPile;ocl_hybrid_thick;default;1000;dynamic;cores;C1_Dense_4096;4partout;60:1;3361914;-1;-1
img2d;patrin;GCC-12;4096;32;16;4;ssandPile;ocl_hybrid_thick;default;1000;dynamic;cores;C1_Dense_4096;4partout;60:1;2393982;-1;-1
img2d;patrin;GCC-12;4096;32;16;6;ssandPile;ocl_hybrid_thick;default;1000;dynamic;cores;C1_Dense_4096;4partout;60:1;1987599;-1;-1
img2d;patrin;GCC-12;4096;32;16;8;ssandPile;ocl_hybrid_thick;default;1000;dynamic;cores;C1_Dense_4096;4partout;60:1;1709607;-1;-1
img2d;patrin;GCC-12;4096;32;16;12;ssandPile;ocl_hybrid_thick;default;1000;dynamic;cores;C1_Dense_4096;4partout;60:1;1295669;-1;-1
img2d;patrin;GCC-12;4096;32;16;16;ssandPile;ocl_hybrid_thick;default;1000;dynamic;cores;C1_Dense_4096;4partout;60:1;1105391;-1;-1
img2d;patrin;GCC-12;4096;32;16;20;ssandPile;ocl_hybrid_thick;default;1000;dynamic;cores;C1_Dense_4096;4partout;60:1;1044209;-1;-1
img2d;patrin;GCC-12;4096;32;16;24;ssandPile;ocl_hybrid_thick;default;1000;dynamic;cores;C1_Dense_4096;4partout;60:1;1008604;-1;-1
img2d;patrin;GCC-12;4096;32;16;1;ssandPile;ocl_hybrid_thick;default;1000;guided;cores;C1_Dense_4096;4partout;60:1;2142406;-1;-1
img2d;patrin;GCC-12;4096;32;16;2;ssandPile;ocl_hybrid_thick;default;1000;guided;cores;C1_Dense_4096;4partout;60:1;1104123;-1;-1
img2d;patrin;GCC-12;4096;32;16;4;ssandPile;ocl_hybrid_thick;default;1000;guided;cores;C1_Dense_4096;4partout;60:1;594506;-1;-1
img2d;patrin;GCC-12;4096;32;16;6;ssandPile;ocl_hybrid_thick;default;1000;guided;cores;C1_Dense_4096;4partout;60:1;412258;-1;-1
img2d;patrin;GCC-12;4096;32;16;8;ssandPile;ocl_hybrid_thick;default;1000;guided;cores;C1_Dense_4096;4partout;60:1;335674;-1;-1
img2d;patrin;GCC-12;4096;32;16;12;ssandPile;ocl_hybrid_thick;default;1000;guided;cores;C1_Dense_4096;4partout;60:1;336280;-1;-1
img2d;patrin;GCC-12;4096;32;16;16;ssandPile;ocl_hybrid_thick;default;1000;guided;cores;C1_Dense_4096;4partout;60:1;334691;-1;-1
img2d;patrin;GCC-12;4096;32;16;20;ssandPile;ocl_hybrid_thick;default;1000;guided;cores;C1_Dense_4096;4partout;60:1;333910;-1;-1
img2d;patrin;GCC-12;4096;32;16;24;ssandPile;ocl_hybrid_thick;default;1000;guided;cores;C1_Dense_4096;4partout;60:1;333693;-1;-1
img2d;patrin;GCC-12;4096;32;16;1;ssandPile;ocl_hybrid_thick;default;1000;static;cores;C1_Dense_4096;4partout;60:1;2171403;-1;-1
img2d;patrin;GCC-12;4096;32;16;2;ssandPile;ocl_hybrid_thick;default;1000;static;cores;C1_Dense_4096;4partout;60:1;1126039;-1;-1
img2d;patrin;GCC-12;4096;32;16;4;ssandPile;ocl_hybrid_thick;default;1000;static;cores;C1_Dense_4096;4partout;60:1;591079;-1;-1
img2d;patrin;GCC-12;4096;32;16;6;ssandPile;ocl_hybrid_thick;default;1000;static;cores;C1_Dense_4096;4partout;60:1;405339;-1;-1
img2d;patrin;GCC-12;4096;32;16;8;ssandPile;ocl_hybrid_thick;default;1000;static;cores;C1_Dense_4096;4partout;60:1;334703;-1;-1
img2d;patrin;GCC-12;4096;32;16;12;ssandPile;ocl_hybrid_thick;default;1000;static;cores;C1_Dense_4096;4partout;60:1;361543;-1;-1
img2d;patrin;GCC-12;4096;32;16;16;ssandPile;ocl_hybrid_thick;default;1000;static;cores;C1_Dense_4096;4partout;60:1;330397;-1;-1
img2d;patrin;GCC-12;4096;32;16;20;ssandPile;ocl_hybrid_thick;default;1000;static;cores;C1_Dense_4096;4partout;60:1;329008;-1;-1
img2d;patrin;GCC-12;4096;32;16;24;ssandPile;ocl_hybrid_thick;default;1000;static;cores;C1_Dense_4096;4partout;60:1;328016;-1;-1
img2d;patrin;GCC-12;4096;32;16;1;ssandPile;ocl_hybrid_thick;default;1000;dynamic;cores;C1_Dense_4096;4partout;60:1;2221131;-1;-1
img2d;patrin;GCC-12;4096;32;16;2;ssandPile;ocl_hybrid_thick;default;1000;dynamic;cores;C1_Dense_4096;4partout;60:1;3336120;-1;-1
img2d;patrin;GCC-12;4096;32;16;4;ssandPile;ocl_hybrid_thick;default;1000;dynamic;cores;C1_Dense_4096;4partout;60:1;2329107;-1;-1
img2d;patrin;GCC-12;4096;32;16;6;ssandPile;ocl_hybrid_thick;default;1000;dynamic;cores;C1_Dense_4096;4partout;60:1;1982534;-1;-1
img2d;patrin;GCC-12;4096;32;16;8;ssandPile;ocl_hybrid_thick;default;1000;dynamic;cores;C1_Dense_4096;4partout;60:1;1701100;-1;-1
img2d;patrin;GCC-12;4096;32;16;12;ssandPile;ocl_hybrid_thick;default;1000;dynamic;cores;C1_Dense_4096;4partout;60:1;1294003;-1;-1
img2d;patrin;GCC-12;4096;32;16;16;ssandPile;ocl_hybrid_thick;default;1000;dynamic;cores;C1_Dense_4096;4partout;60:1;1101944;-1;-1
img2d;patrin;GCC-12;4096;32;16;20;ssandPile;ocl_hybrid_thick;default;1000;dynamic;cores;C1_Dense_4096;4partout;60:1;1044955;-1;-1
img2d;patrin;GCC-12;4096;32;16;24;ssandPile;ocl_hybrid_thick;default;1000;dynamic;cores;C1_Dense_4096;4partout;60:1;1013914;-1;-1
img2d;patrin;GCC-12;4096;32;16;1;ssandPile;ocl_hybrid_thick;default;1000;guided;cores;C1_Dense_4096;4partout;60:1;2137460;-1;-1
img2d;patrin;GCC-12;4096;32;16;2;ssandPile;ocl_hybrid_thick;default;1000;guided;cores;C1_Dense_4096;4partout;60:1;1108521;-1;-1
img2d;patrin;GCC-12;4096;32;16;4;ssandPile;ocl_hybrid_thick;default;1000;guided;cores;C1_Dense_4096;4partout;60:1;593378;-1;-1
img2d;patrin;GCC-12;4096;32;16;6;ssandPile;ocl_hybrid_thick;default;1000;guided;cores;C1_Dense_4096;4partout;60:1;411997;-1;-1
img2d;patrin;GCC-12;4096;32;16;8;ssandPile;ocl_hybrid_thick;default;1000;guided;cores;C1_Dense_4096;4partout;60:1;335567;-1;-1
img2d;patrin;GCC-12;4096;32;16;12;ssandPile;ocl_hybrid_thick;default;1000;guided;cores;C1_Dense_4096;4partout;60:1;336217;-1;-1
img2d;patrin;GCC-12;4096;32;16;16;ssandPile;ocl_hybrid_thick;default;1000;guided;cores;C1_Dense_4096;4partout;60:1;334361;-1;-1
img2d;patrin;GCC-12;4096;32;16;20;ssandPile;ocl_hybrid_thick;default;1000;guided;cores;C1_Dense_4096;4partout;60:1;334548;-1;-1
img2d;patrin;GCC-12;4096;32;16;24;ssandPile;ocl_hybrid_thick;default;1000;guided;cores;C1_Dense_4096;4partout;60:1;333816;-1;-1
img2d;patrin;GCC-12;4096;32;16;1;ssandPile;ocl_hybrid_thick;default;1000;static;cores;C1_Dense_4096;4partout;60:1;2171068;-1;-1
img2d;patrin;GCC-12;4096;32;16;2;ssandPile;ocl_hybrid_thick;default;1000;static;cores;C1_Dense_4096;4partout;60:1;1123924;-1;-1
img2d;patrin;GCC-12;4096;32;16;4;ssandPile;ocl_hybrid_thick;default;1000;static;cores;C1_Dense_4096;4partout;60:1;581625;-1;-1
img2d;patrin;GCC-12;4096;32;16;6;ssandPile;ocl_hybrid_thick;default;1000;static;cores;C1_Dense_4096;4partout;60:1;397678;-1;-1
img2d;patrin;GCC-12;4096;32;16;8;ssandPile;ocl_hybrid_thick;default;1000;static;cores;C1_Dense_4096;4partout;60:1;334335;-1;-1
img2d;patrin;GCC-12;4096;32;16;12;ssandPile;ocl_hybrid_thick;default;1000;static;cores;C1_Dense_4096;4partout;60:1;363171;-1;-1
img2d;patrin;GCC-12;4096;32;16;16;ssandPile;ocl_hybrid_thick;default;1000;static;cores;C1_Dense_4096;4partout;60:1;330090;-1;-1
img2d;patrin;GCC-12;4096;32;16;20;ssandPile;ocl_hybrid_thick;default;1000;static;cores;C1_Dense_4096;4partout;60:1;329671;-1;-1
img2d;patrin;GCC-12;4096;32;16;24;ssandPile;ocl_hybrid_thick;default;1000;static;cores;C1_Dense_4096;4partout;60:1;328220;-1;-1
img2d;patrin;GCC-12;4096;32;16;1;ssandPile;ocl_hybrid_thick;default;1000;dynamic;cores;C1_Dense_4096;4partout;60:1;2218900;-1;-1
img2d;patrin;GCC-12;4096;32;16;2;ssandPile;ocl_hybrid_thick;default;1000;dynamic;cores;C1_Dense_4096;4partout;60:1;3342297;-1;-1
img2d;patrin;GCC-12;4096;32;16;4;ssandPile;ocl_hybrid_thick;default;1000;dynamic;cores;C1_Dense_4096;4partout;60:1;2358601;-1;-1
img2d;patrin;GCC-12;4096;32;16;6;ssandPile;ocl_hybrid_thick;default;1000;dynamic;cores;C1_Dense_4096;4partout;60:1;1977414;-1;-1
img2d;patrin;GCC-12;4096;32;16;8;ssandPile;ocl_hybrid_thick;default;1000;dynamic;cores;C1_Dense_4096;4partout;60:1;1719871;-1;-1
img2d;patrin;GCC-12;4096;32;16;12;ssandPile;ocl_hybrid_thick;default;1000;dynamic;cores;C1_Dense_4096;4partout;60:1;1300564;-1;-1
img2d;patrin;GCC-12;4096;32;16;16;ssandPile;ocl_hybrid_thick;default;1000;dynamic;cores;C1_Dense_4096;4partout;60:1;1106493;-1;-1
img2d;patrin;GCC-12;4096;32;16;20;ssandPile;ocl_hybrid_thick;default;1000;dynamic;cores;C1_Dense_4096;4partout;60:1;1056483;-1;-1
img2d;patrin;GCC-12;4096;32;16;24;ssandPile;ocl_hybrid_thick;default;1000;dynamic;cores;C1_Dense_4096;4partout;60:1;1000814;-1;-1
img2d;patrin;GCC-12;4096;32;16;1;ssandPile;ocl_hybrid_thick;default;1000;guided;cores;C1_Dense_4096;4partout;60:1;2147560;-1;-1
img2d;patrin;GCC-12;4096;32;16;2;ssandPile;ocl_hybrid_thick;default;1000;guided;cores;C1_Dense_4096;4partout;60:1;1101341;-1;-1
img2d;patrin;GCC-12;4096;32;16;4;ssandPile;ocl_hybrid_thick;default;1000;guided;cores;C1_Dense_4096;4partout;60:1;588248;-1;-1
img2d;patrin;GCC-12;4096;32;16;6;ssandPile;ocl_hybrid_thick;default;1000;guided;cores;C1_Dense_4096;4partout;60:1;410905;-1;-1
img2d;patrin;GCC-12;4096;32;16;8;ssandPile;ocl_hybrid_thick;default;1000;guided;cores;C1_Dense_4096;4partout;60:1;336405;-1;-1
img2d;patrin;GCC-12;4096;32;16;12;ssandPile;ocl_hybrid_thick;default;1000;guided;cores;C1_Dense_4096;4partout;60:1;337106;-1;-1
img2d;patrin;GCC-12;4096;32;16;16;ssandPile;ocl_hybrid_thick;default;1000;guided;cores;C1_Dense_4096;4partout;60:1;334404;-1;-1
img2d;patrin;GCC-12;4096;32;16;20;ssandPile;ocl_hybrid_thick;default;1000;guided;cores;C1_Dense_4096;4partout;60:1;345642;-1;-1
img2d;patrin;GCC-12;4096;32;16;24;ssandPile;ocl_hybrid_thick;default;1000;guided;cores;C1_Dense_4096;4partout;60:1;333711;-1;-1
img2d;patrin;GCC-12;1024;32;16;1;ssandPile;ocl_hybrid_thick;default;4000;static;cores;C2_Dense_1024;4partout;60:1;523687;-1;-1
img2d;patrin;GCC-12;1024;32;16;2;ssandPile;ocl_hybrid_thick;default;4000;static;cores;C2_Dense_1024;4partout;60:1;314026;-1;-1
img2d;patrin;GCC-12;1024;32;16;4;ssandPile;ocl_hybrid_thick;default;4000;static;cores;C2_Dense_1024;4partout;60:1;154692;-1;-1
img2d;patrin;GCC-12;1024;32;16;6;ssandPile;ocl_hybrid_thick;default;4000;static;cores;C2_Dense_1024;4partout;60:1;112948;-1;-1
img2d;patrin;GCC-12;1024;32;16;8;ssandPile;ocl_hybrid_thick;default;4000;static;cores;C2_Dense_1024;4partout;60:1;105653;-1;-1
img2d;patrin;GCC-12;1024;32;16;12;ssandPile;ocl_hybrid_thick;default;4000;static;cores;C2_Dense_1024;4partout;60:1;112248;-1;-1
img2d;patrin;GCC-12;1024;32;16;16;ssandPile;ocl_hybrid_thick;default;4000;static;cores;C2_Dense_1024;4partout;60:1;105423;-1;-1
img2d;patrin;GCC-12;1024;32;16;20;ssandPile;ocl_hybrid_thick;default;4000;static;cores;C2_Dense_1024;4partout;60:1;109721;-1;-1
img2d;patrin;GCC-12;1024;32;16;24;ssandPile;ocl_hybrid_thick;default;4000;static;cores;C2_Dense_1024;4partout;60:1;106298;-1;-1
img2d;patrin;GCC-12;1024;32;16;1;ssandPile;ocl_hybrid_thick;default;4000;dynamic;cores;C2_Dense_1024;4partout;60:1;539071;-1;-1
img2d;patrin;GCC-12;1024;32;16;2;ssandPile;ocl_hybrid_thick;default;4000;dynamic;cores;C2_Dense_1024;4partout;60:1;774966;-1;-1
img2d;patrin;GCC-12;1024;32;16;4;ssandPile;ocl_hybrid_thick;default;4000;dynamic;cores;C2_Dense_1024;4partout;60:1;471024;-1;-1
img2d;patrin;GCC-12;1024;32;16;6;ssandPile;ocl_hybrid_thick;default;4000;dynamic;cores;C2_Dense_1024;4partout;60:1;376843;-1;-1
img2d;patrin;GCC-12;1024;32;16;8;ssandPile;ocl_hybrid_thick;default;4000;dynamic;cores;C2_Dense_1024;4partout;60:1;343034;-1;-1
img2d;patrin;GCC-12;1024;32;16;12;ssandPile;ocl_hybrid_thick;default;4000;dynamic;cores;C2_Dense_1024;4partout;60:1;284283;-1;-1
img2d;patrin;GCC-12;1024;32;16;16;ssandPile;ocl_hybrid_thick;default;4000;dynamic;cores;C2_Dense_1024;4partout;60:1;249174;-1;-1
img2d;patrin;GCC-12;1024;32;16;20;ssandPile;ocl_hybrid_thick;default;4000;dynamic;cores;C2_Dense_1024;4partout;60:1;266711;-1;-1
img2d;patrin;GCC-12;1024;32;16;24;ssandPile;ocl_hybrid_thick;default;4000;dynamic;cores;C2_Dense_1024;4partout;60:1;258178;-1;-1
img2d;patrin;GCC-12;1024;32;16;1;ssandPile;ocl_hybrid_thick;default;4000;guided;cores;C2_Dense_1024;4partout;60:1;522546;-1;-1
img2d;patrin;GCC-12;1024;32;16;2;ssandPile;ocl_hybrid_thick;default;4000;guided;cores;C2_Dense_1024;4partout;60:1;315228;-1;-1
img2d;patrin;GCC-12;1024;32;16;4;ssandPile;ocl_hybrid_thick;default;4000;guided;cores;C2_Dense_1024;4partout;60:1;167168;-1;-1
img2d;patrin;GCC-12;1024;32;16;6;ssandPile;ocl_hybrid_thick;default;4000;guided;cores;C2_Dense_1024;4partout;60:1;129641;-1;-1
img2d;patrin;GCC-12;1024;32;16;8;ssandPile;ocl_hybrid_thick;default;4000;guided;cores;C2_Dense_1024;4partout;60:1;113582;-1;-1
img2d;patrin;GCC-12;1024;32;16;12;ssandPile;ocl_hybrid_thick;default;4000;guided;cores;C2_Dense_1024;4partout;60:1;123651;-1;-1
img2d;patrin;GCC-12;1024;32;16;16;ssandPile;ocl_hybrid_thick;default;4000;guided;cores;C2_Dense_1024;4partout;60:1;135880;-1;-1
img2d;patrin;GCC-12;1024;32;16;20;ssandPile;ocl_hybrid_thick;default;4000;guided;cores;C2_Dense_1024;4partout;60:1;145586;-1;-1
img2d;patrin;GCC-12;1024;32;16;24;ssandPile;ocl_hybrid_thick;default;4000;guided;cores;C2_Dense_1024;4partout;60:1;154481;-1;-1
img2d;patrin;GCC-12;1024;32;16;1;ssandPile;ocl_hybrid_thick;default;4000;static;cores;C2_Dense_1024;4partout;60:1;558259;-1;-1
img2d;patrin;GCC-12;1024;32;16;2;ssandPile;ocl_hybrid_thick;default;4000;static;cores;C2_Dense_1024;4partout;60:1;297820;-1;-1
img2d;patrin;GCC-12;1024;32;16;4;ssandPile;ocl_hybrid_thick;default;4000;static;cores;C2_Dense_1024;4partout;60:1;177574;-1;-1
img2d;patrin;GCC-12;1024;32;16;6;ssandPile;ocl_hybrid_thick;default;4000;static;cores;C2_Dense_1024;4partout;60:1;166122;-1;-1
img2d;patrin;GCC-12;1024;32;16;8;ssandPile;ocl_hybrid_thick;default;4000;static;cores;C2_Dense_1024;4partout;60:1;105156;-1;-1
img2d;patrin;GCC-12;1024;32;16;12;ssandPile;ocl_hybrid_thick;default;4000;static;cores;C2_Dense_1024;4partout;60:1;129028;-1;-1
img2d;patrin;GCC-12;1024;32;16;16;ssandPile;ocl_hybrid_thick;default;4000;static;cores;C2_Dense_1024;4partout;60:1;105521;-1;-1
img2d;patrin;GCC-12;1024;32;16;20;ssandPile;ocl_hybrid_thick;default;4000;static;cores;C2_Dense_1024;4partout;60:1;105713;-1;-1
img2d;patrin;GCC-12;1024;32;16;24;ssandPile;ocl_hybrid_thick;default;4000;static;cores;C2_Dense_1024;4partout;60:1;106328;-1;-1
img2d;patrin;GCC-12;1024;32;16;1;ssandPile;ocl_hybrid_thick;default;4000;dynamic;cores;C2_Dense_1024;4partout;60:1;605690;-1;-1
img2d;patrin;GCC-12;1024;32;16;2;ssandPile;ocl_hybrid_thick;default;4000;dynamic;cores;C2_Dense_1024;4partout;60:1;758907;-1;-1
img2d;patrin;GCC-12;1024;32;16;4;ssandPile;ocl_hybrid_thick;default;4000;dynamic;cores;C2_Dense_1024;4partout;60:1;485167;-1;-1
img2d;patrin;GCC-12;1024;32;16;6;ssandPile;ocl_hybrid_thick;default;4000;dynamic;cores;C2_Dense_1024;4partout;60:1;389021;-1;-1
img2d;patrin;GCC-12;1024;32;16;8;ssandPile;ocl_hybrid_thick;default;4000;dynamic;cores;C2_Dense_1024;4partout;60:1;325812;-1;-1
img2d;patrin;GCC-12;1024;32;16;12;ssandPile;ocl_hybrid_thick;default;4000;dynamic;cores;C2_Dense_1024;4partout;60:1;283584;-1;-1
img2d;patrin;GCC-12;1024;32;16;16;ssandPile;ocl_hybrid_thick;default;4000;dynamic;cores;C2_Dense_1024;4partout;60:1;262822;-1;-1
img2d;patrin;GCC-12;1024;32;16;20;ssandPile;ocl_hybrid_thick;default;4000;dynamic;cores;C2_Dense_1024;4partout;60:1;266918;-1;-1
img2d;patrin;GCC-12;1024;32;16;24;ssandPile;ocl_hybrid_thick;default;4000;dynamic;cores;C2_Dense_1024;4partout;60:1;264866;-1;-1
img2d;patrin;GCC-12;1024;32;16;1;ssandPile;ocl_hybrid_thick;default;4000;guided;cores;C2_Dense_1024;4partout;60:1;545517;-1;-1
img2d;patrin;GCC-12;1024;32;16;2;ssandPile;ocl_hybrid_thick;default;4000;guided;cores;C2_Dense_1024;4partout;60:1;285867;-1;-1
img2d;patrin;GCC-12;1024;32;16;4;ssandPile;ocl_hybrid_thick;default;4000;guided;cores;C2_Dense_1024;4partout;60:1;163416;-1;-1
img2d;patrin;GCC-12;1024;32;16;6;ssandPile;ocl_hybrid_thick;default;4000;guided;cores;C2_Dense_1024;4partout;60:1;125156;-1;-1
img2d;patrin;GCC-12;1024;32;16;8;ssandPile;ocl_hybrid_thick;default;4000;guided;cores;C2_Dense_1024;4partout;60:1;116367;-1;-1
img2d;patrin;GCC-12;1024;32;16;12;ssandPile;ocl_hybrid_thick;default;4000;guided;cores;C2_Dense_1024;4partout;60:1;130348;-1;-1
img2d;patrin;GCC-12;1024;32;16;16;ssandPile;ocl_hybrid_thick;default;4000;guided;cores;C2_Dense_1024;4partout;60:1;134320;-1;-1
img2d;patrin;GCC-12;1024;32;16;20;ssandPile;ocl_hybrid_thick;default;4000;guided;cores;C2_Dense_1024;4partout;60:1;144440;-1;-1
img2d;patrin;GCC-12;1024;32;16;24;ssandPile;ocl_hybrid_thick;default;4000;guided;cores;C2_Dense_1024;4partout;60:1;154476;-1;-1
img2d;patrin;GCC-12;1024;32;16;1;ssandPile;ocl_hybrid_thick;default;4000;static;cores;C2_Dense_1024;4partout;60:1;523421;-1;-1
img2d;patrin;GCC-12;1024;32;16;2;ssandPile;ocl_hybrid_thick;default;4000;static;cores;C2_Dense_1024;4partout;60:1;294434;-1;-1
img2d;patrin;GCC-12;1024;32;16;4;ssandPile;ocl_hybrid_thick;default;4000;static;cores;C2_Dense_1024;4partout;60:1;177929;-1;-1
img2d;patrin;GCC-12;1024;32;16;6;ssandPile;ocl_hybrid_thick;default;4000;static;cores;C2_Dense_1024;4partout;60:1;138094;-1;-1
img2d;patrin;GCC-12;1024;32;16;8;ssandPile;ocl_hybrid_thick;default;4000;static;cores;C2_Dense_1024;4partout;60:1;108475;-1;-1
img2d;patrin;GCC-12;1024;32;16;12;ssandPile;ocl_hybrid_thick;default;4000;static;cores;C2_Dense_1024;4partout;60:1;109280;-1;-1
img2d;patrin;GCC-12;1024;32;16;16;ssandPile;ocl_hybrid_thick;default;4000;static;cores;C2_Dense_1024;4partout;60:1;105453;-1;-1
img2d;patrin;GCC-12;1024;32;16;20;ssandPile;ocl_hybrid_thick;default;4000;static;cores;C2_Dense_1024;4partout;60:1;105725;-1;-1
img2d;patrin;GCC-12;1024;32;16;24;ssandPile;ocl_hybrid_thick;default;4000;static;cores;C2_Dense_1024;4partout;60:1;106324;-1;-1
img2d;patrin;GCC-12;1024;32;16;1;ssandPile;ocl_hybrid_thick;default;4000;dynamic;cores;C2_Dense_1024;4partout;60:1;543630;-1;-1
img2d;patrin;GCC-12;1024;32;16;2;ssandPile;ocl_hybrid_thick;default;4000;dynamic;cores;C2_Dense_1024;4partout;60:1;748235;-1;-1
img2d;patrin;GCC-12;1024;32;16;4;ssandPile;ocl_hybrid_thick;default;4000;dynamic;cores;C2_Dense_1024;4partout;60:1;488558;-1;-1
img2d;patrin;GCC-12;1024;32;16;6;ssandPile;ocl_hybrid_thick;default;4000;dynamic;cores;C2_Dense_1024;4partout;60:1;394606;-1;-1
img2d;patrin;GCC-12;1024;32;16;8;ssandPile;ocl_hybrid_thick;default;4000;dynamic;cores;C2_Dense_1024;4partout;60:1;347837;-1;-1
img2d;patrin;GCC-12;1024;32;16;12;ssandPile;ocl_hybrid_thick;default;4000;dynamic;cores;C2_Dense_1024;4partout;60:1;355649;-1;-1
img2d;patrin;GCC-12;1024;32;16;16;ssandPile;ocl_hybrid_thick;default;4000;dynamic;cores;C2_Dense_1024;4partout;60:1;260379;-1;-1
img2d;patrin;GCC-12;1024;32;16;20;ssandPile;ocl_hybrid_thick;default;4000;dynamic;cores;C2_Dense_1024;4partout;60:1;259956;-1;-1
img2d;patrin;GCC-12;1024;32;16;24;ssandPile;ocl_hybrid_thick;default;4000;dynamic;cores;C2_Dense_1024;4partout;60:1;256337;-1;-1
img2d;patrin;GCC-12;1024;32;16;1;ssandPile;ocl_hybrid_thick;default;4000;guided;cores;C2_Dense_1024;4partout;60:1;536509;-1;-1
img2d;patrin;GCC-12;1024;32;16;2;ssandPile;ocl_hybrid_thick;default;4000;guided;cores;C2_Dense_1024;4partout;60:1;289157;-1;-1
img2d;patrin;GCC-12;1024;32;16;4;ssandPile;ocl_hybrid_thick;default;4000;guided;cores;C2_Dense_1024;4partout;60:1;161598;-1;-1
img2d;patrin;GCC-12;1024;32;16;6;ssandPile;ocl_hybrid_thick;default;4000;guided;cores;C2_Dense_1024;4partout;60:1;132280;-1;-1
img2d;patrin;GCC-12;1024;32;16;8;ssandPile;ocl_hybrid_thick;default;4000;guided;cores;C2_Dense_1024;4partout;60:1;113179;-1;-1
img2d;patrin;GCC-12;1024;32;16;12;ssandPile;ocl_hybrid_thick;default;4000;guided;cores;C2_Dense_1024;4partout;60:1;129565;-1;-1
img2d;patrin;GCC-12;1024;32;16;16;ssandPile;ocl_hybrid_thick;default;4000;guided;cores;C2_Dense_1024;4partout;60:1;136627;-1;-1
img2d;patrin;GCC-12;1024;32;16;20;ssandPile;ocl_hybrid_thick;default;4000;guided;cores;C2_Dense_1024;4partout;60:1;143682;-1;-1
img2d;patrin;GCC-12;1024;32;16;24;ssandPile;ocl_hybrid_thick;default;4000;guided;cores;C2_Dense_1024;4partout;60:1;152967;-1;-1
img2d;patrin;GCC-12;1024;32;16;1;ssandPile;ocl_hybrid_thick;default;4000;static;cores;C2_Dense_1024;4partout;60:1;592614;-1;-1
img2d;patrin;GCC-12;1024;32;16;2;ssandPile;ocl_hybrid_thick;default;4000;static;cores;C2_Dense_1024;4partout;60:1;270921;-1;-1
img2d;patrin;GCC-12;1024;32;16;4;ssandPile;ocl_hybrid_thick;default;4000;static;cores;C2_Dense_1024;4partout;60:1;153389;-1;-1
img2d;patrin;GCC-12;1024;32;16;6;ssandPile;ocl_hybrid_thick;default;4000;static;cores;C2_Dense_1024;4partout;60:1;113049;-1;-1
img2d;patrin;GCC-12;1024;32;16;8;ssandPile;ocl_hybrid_thick;default;4000;static;cores;C2_Dense_1024;4partout;60:1;105303;-1;-1
img2d;patrin;GCC-12;1024;32;16;12;ssandPile;ocl_hybrid_thick;default;4000;static;cores;C2_Dense_1024;4partout;60:1;113496;-1;-1
img2d;patrin;GCC-12;1024;32;16;16;ssandPile;ocl_hybrid_thick;default;4000;static;cores;C2_Dense_1024;4partout;60:1;105530;-1;-1
img2d;patrin;GCC-12;1024;32;16;20;ssandPile;ocl_hybrid_thick;default;4000;static;cores;C2_Dense_1024;4partout;60:1;105739;-1;-1
img2d;patrin;GCC-12;1024;32;16;24;ssandPile;ocl_hybrid_thick;default;4000;static;cores;C2_Dense_1024;4partout;60:1;106236;-1;-1
img2d;patrin;GCC-12;1024;32;16;1;ssandPile;ocl_hybrid_thick;default;4000;dynamic;cores;C2_Dense_1024;4partout;60:1;574723;-1;-1
img2d;patrin;GCC-12;1024;32;16;2;ssandPile;ocl_hybrid_thick;default;4000;dynamic;cores;C2_Dense_1024;4partout;60:1;747484;-1;-1
img2d;patrin;GCC-12;1024;32;16;4;ssandPile;ocl_hybrid_thick;default;4000;dynamic;cores;C2_Dense_1024;4partout;60:1;485340;-1;-1
img2d;patrin;GCC-12;1024;32;16;6;ssandPile;ocl_hybrid_thick;default;4000;dynamic;cores;C2_Dense_1024;4partout;60:1;391944;-1;-1
img2d;patrin;GCC-12;1024;32;16;8;ssandPile;ocl_hybrid_thick;default;4000;dynamic;cores;C2_Dense_1024;4partout;60:1;327334;-1;-1
img2d;patrin;GCC-12;1024;32;16;12;ssandPile;ocl_hybrid_thick;default;4000;dynamic;cores;C2_Dense_1024;4partout;60:1;277026;-1;-1
img2d;patrin;GCC-12;1024;32;16;16;ssandPile;ocl_hybrid_thick;default;4000;dynamic;cores;C2_Dense_1024;4partout;60:1;261083;-1;-1
img2d;patrin;GCC-12;1024;32;16;20;ssandPile;ocl_hybrid_thick;default;4000;dynamic;cores;C2_Dense_1024;4partout;60:1;264424;-1;-1
img2d;patrin;GCC-12;1024;32;16;24;ssandPile;ocl_hybrid_thick;default;4000;dynamic;cores;C2_Dense_1024;4partout;60:1;262794;-1;-1
img2d;patrin;GCC-12;1024;32;16;1;ssandPile;ocl_hybrid_thick;default;4000;guided;cores;C2_Dense_1024;4partout;60:1;573384;-1;-1
img2d;patrin;GCC-12;1024;32;16;2;ssandPile;ocl_hybrid_thick;default;4000;guided;cores;C2_Dense_1024;4partout;60:1;273903;-1;-1
img2d;patrin;GCC-12;1024;32;16;4;ssandPile;ocl_hybrid_thick;default;4000;guided;cores;C2_Dense_1024;4partout;60:1;162351;-1;-1
img2d;patrin;GCC-12;1024;32;16;6;ssandPile;ocl_hybrid_thick;default;4000;guided;cores;C2_Dense_1024;4partout;60:1;134487;-1;-1
img2d;patrin;GCC-12;1024;32;16;8;ssandPile;ocl_hybrid_thick;default;4000;guided;cores;C2_Dense_1024;4partout;60:1;114452;-1;-1
img2d;patrin;GCC-12;1024;32;16;12;ssandPile;ocl_hybrid_thick;default;4000;guided;cores;C2_Dense_1024;4partout;60:1;125480;-1;-1
img2d;patrin;GCC-12;1024;32;16;16;ssandPile;ocl_hybrid_thick;default;4000;guided;cores;C2_Dense_1024;4partout;60:1;134792;-1;-1
img2d;patrin;GCC-12;1024;32;16;20;ssandPile;ocl_hybrid_thick;default;4000;guided;cores;C2_Dense_1024;4partout;60:1;144380;-1;-1
img2d;patrin;GCC-12;1024;32;16;24;ssandPile;ocl_hybrid_thick;default;4000;guided;cores;C2_Dense_1024;4partout;60:1;153649;-1;-1
img2d;patrin;GCC-12;2048;32;16;1;ssandPile;ocl_hybrid_thick;default;2000;static;cores;C3_Sparse_2048;spirals;60:1;1052189;-1;-1
img2d;patrin;GCC-12;2048;32;16;2;ssandPile;ocl_hybrid_thick;default;2000;static;cores;C3_Sparse_2048;spirals;60:1;542491;-1;-1
img2d;patrin;GCC-12;2048;32;16;4;ssandPile;ocl_hybrid_thick;default;2000;static;cores;C3_Sparse_2048;spirals;60:1;276322;-1;-1
img2d;patrin;GCC-12;2048;32;16;6;ssandPile;ocl_hybrid_thick;default;2000;static;cores;C3_Sparse_2048;spirals;60:1;192424;-1;-1
img2d;patrin;GCC-12;2048;32;16;8;ssandPile;ocl_hybrid_thick;default;2000;static;cores;C3_Sparse_2048;spirals;60:1;158986;-1;-1
img2d;patrin;GCC-12;2048;32;16;12;ssandPile;ocl_hybrid_thick;default;2000;static;cores;C3_Sparse_2048;spirals;60:1;179586;-1;-1
img2d;patrin;GCC-12;2048;32;16;16;ssandPile;ocl_hybrid_thick;default;2000;static;cores;C3_Sparse_2048;spirals;60:1;175064;-1;-1
img2d;patrin;GCC-12;2048;32;16;20;ssandPile;ocl_hybrid_thick;default;2000;static;cores;C3_Sparse_2048;spirals;60:1;159327;-1;-1
img2d;patrin;GCC-12;2048;32;16;24;ssandPile;ocl_hybrid_thick;default;2000;static;cores;C3_Sparse_2048;spirals;60:1;159983;-1;-1
img2d;patrin;GCC-12;2048;32;16;1;ssandPile;ocl_hybrid_thick;default;2000;dynamic;cores;C3_Sparse_2048;spirals;60:1;1083877;-1;-1
img2d;patrin;GCC-12;2048;32;16;2;ssandPile;ocl_hybrid_thick;default;2000;dynamic;cores;C3_Sparse_2048;spirals;60:1;1492168;-1;-1
img2d;patrin;GCC-12;2048;32;16;4;ssandPile;ocl_hybrid_thick;default;2000;dynamic;cores;C3_Sparse_2048;spirals;60:1;944321;-1;-1
img2d;patrin;GCC-12;2048;32;16;6;ssandPile;ocl_hybrid_thick;default;2000;dynamic;cores;C3_Sparse_2048;spirals;60:1;746907;-1;-1
img2d;patrin;GCC-12;2048;32;16;8;ssandPile;ocl_hybrid_thick;default;2000;dynamic;cores;C3_Sparse_2048;spirals;60:1;664929;-1;-1
img2d;patrin;GCC-12;2048;32;16;12;ssandPile;ocl_hybrid_thick;default;2000;dynamic;cores;C3_Sparse_2048;spirals;60:1;507828;-1;-1
img2d;patrin;GCC-12;2048;32;16;16;ssandPile;ocl_hybrid_thick;default;2000;dynamic;cores;C3_Sparse_2048;spirals;60:1;461874;-1;-1
img2d;patrin;GCC-12;2048;32;16;20;ssandPile;ocl_hybrid_thick;default;2000;dynamic;cores;C3_Sparse_2048;spirals;60:1;484321;-1;-1
img2d;patrin;GCC-12;2048;32;16;24;ssandPile;ocl_hybrid_thick;default;2000;dynamic;cores;C3_Sparse_2048;spirals;60:1;492075;-1;-1
img2d;patrin;GCC-12;2048;32;16;1;ssandPile;ocl_hybrid_thick;default;2000;guided;cores;C3_Sparse_2048;spirals;60:1;1060161;-1;-1
img2d;patrin;GCC-12;2048;32;16;2;ssandPile;ocl_hybrid_thick;default;2000;guided;cores;C3_Sparse_2048;spirals;60:1;533256;-1;-1
img2d;patrin;GCC-12;2048;32;16;4;ssandPile;ocl_hybrid_thick;default;2000;guided;cores;C3_Sparse_2048;spirals;60:1;287939;-1;-1
img2d;patrin;GCC-12;2048;32;16;6;ssandPile;ocl_hybrid_thick;default;2000;guided;cores;C3_Sparse_2048;spirals;60:1;200333;-1;-1
img2d;patrin;GCC-12;2048;32;16;8;ssandPile;ocl_hybrid_thick;default;2000;guided;cores;C3_Sparse_2048;spirals;60:1;162552;-1;-1
img2d;patrin;GCC-12;2048;32;16;12;ssandPile;ocl_hybrid_thick;default;2000;guided;cores;C3_Sparse_2048;spirals;60:1;181029;-1;-1
img2d;patrin;GCC-12;2048;32;16;16;ssandPile;ocl_hybrid_thick;default;2000;guided;cores;C3_Sparse_2048;spirals;60:1;202336;-1;-1
img2d;patrin;GCC-12;2048;32;16;20;ssandPile;ocl_hybrid_thick;default;2000;guided;cores;C3_Sparse_2048;spirals;60:1;207039;-1;-1
img2d;patrin;GCC-12;2048;32;16;24;ssandPile;ocl_hybrid_thick;default;2000;guided;cores;C3_Sparse_2048;spirals;60:1;211625;-1;-1
img2d;patrin;GCC-12;2048;32;16;1;ssandPile;ocl_hybrid_thick;default;2000;static;cores;C3_Sparse_2048;spirals;60:1;1060139;-1;-1
img2d;patrin;GCC-12;2048;32;16;2;ssandPile;ocl_hybrid_thick;default;2000;static;cores;C3_Sparse_2048;spirals;60:1;551442;-1;-1
img2d;patrin;GCC-12;2048;32;16;4;ssandPile;ocl_hybrid_thick;default;2000;static;cores;C3_Sparse_2048;spirals;60:1;281839;-1;-1
img2d;patrin;GCC-12;2048;32;16;6;ssandPile;ocl_hybrid_thick;default;2000;static;cores;C3_Sparse_2048;spirals;60:1;190744;-1;-1
img2d;patrin;GCC-12;2048;32;16;8;ssandPile;ocl_hybrid_thick;default;2000;static;cores;C3_Sparse_2048;spirals;60:1;159024;-1;-1
img2d;patrin;GCC-12;2048;32;16;12;ssandPile;ocl_hybrid_thick;default;2000;static;cores;C3_Sparse_2048;spirals;60:1;178238;-1;-1
img2d;patrin;GCC-12;2048;32;16;16;ssandPile;ocl_hybrid_thick;default;2000;static;cores;C3_Sparse_2048;spirals;60:1;159417;-1;-1
img2d;patrin;GCC-12;2048;32;16;20;ssandPile;ocl_hybrid_thick;default;2000;static;cores;C3_Sparse_2048;spirals;60:1;159550;-1;-1
img2d;patrin;GCC-12;2048;32;16;24;ssandPile;ocl_hybrid_thick;default;2000;static;cores;C3_Sparse_2048;spirals;60:1;159697;-1;-1
img2d;patrin;GCC-12;2048;32;16;1;ssandPile;ocl_hybrid_thick;default;2000;dynamic;cores;C3_Sparse_2048;spirals;60:1;1093081;-1;-1
img2d;patrin;GCC-12;2048;32;16;2;ssandPile;ocl_hybrid_thick;default;2000;dynamic;cores;C3_Sparse_2048;spirals;60:1;1503274;-1;-1
img2d;patrin;GCC-12;2048;32;16;4;ssandPile;ocl_hybrid_thick;default;2000;dynamic;cores;C3_Sparse_2048;spirals;60:1;940797;-1;-1
img2d;patrin;GCC-12;2048;32;16;6;ssandPile;ocl_hybrid_thick;default;2000;dynamic;cores;C3_Sparse_2048;spirals;60:1;741962;-1;-1
img2d;patrin;GCC-12;2048;32;16;8;ssandPile;ocl_hybrid_thick;default;2000;dynamic;cores;C3_Sparse_2048;spirals;60:1;662128;-1;-1
img2d;patrin;GCC-12;2048;32;16;12;ssandPile;ocl_hybrid_thick;default;2000;dynamic;cores;C3_Sparse_2048;spirals;60:1;515278;-1;-1
img2d;patrin;GCC-12;2048;32;16;16;ssandPile;ocl_hybrid_thick;default;2000;dynamic;cores;C3_Sparse_2048;spirals;60:1;466035;-1;-1
img2d;patrin;GCC-12;2048;32;16;20;ssandPile;ocl_hybrid_thick;default;2000;dynamic;cores;C3_Sparse_2048;spirals;60:1;486610;-1;-1
img2d;patrin;GCC-12;2048;32;16;24;ssandPile;ocl_hybrid_thick;default;2000;dynamic;cores;C3_Sparse_2048;spirals;60:1;464245;-1;-1
img2d;patrin;GCC-12;2048;32;16;1;ssandPile;ocl_hybrid_thick;default;2000;guided;cores;C3_Sparse_2048;spirals;60:1;1043518;-1;-1
img2d;patrin;GCC-12;2048;32;16;2;ssandPile;ocl_hybrid_thick;default;2000;guided;cores;C3_Sparse_2048;spirals;60:1;533574;-1;-1
img2d;patrin;GCC-12;2048;32;16;4;ssandPile;ocl_hybrid_thick;default;2000;guided;cores;C3_Sparse_2048;spirals;60:1;284574;-1;-1
img2d;patrin;GCC-12;2048;32;16;6;ssandPile;ocl_hybrid_thick;default;2000;guided;cores;C3_Sparse_2048;spirals;60:1;202510;-1;-1
img2d;patrin;GCC-12;2048;32;16;8;ssandPile;ocl_hybrid_thick;default;2000;guided;cores;C3_Sparse_2048;spirals;60:1;164902;-1;-1
img2d;patrin;GCC-12;2048;32;16;12;ssandPile;ocl_hybrid_thick;default;2000;guided;cores;C3_Sparse_2048;spirals;60:1;185792;-1;-1
img2d;patrin;GCC-12;2048;32;16;16;ssandPile;ocl_hybrid_thick;default;2000;guided;cores;C3_Sparse_2048;spirals;60:1;201568;-1;-1
img2d;patrin;GCC-12;2048;32;16;20;ssandPile;ocl_hybrid_thick;default;2000;guided;cores;C3_Sparse_2048;spirals;60:1;211069;-1;-1
img2d;patrin;GCC-12;2048;32;16;24;ssandPile;ocl_hybrid_thick;default;2000;guided;cores;C3_Sparse_2048;spirals;60:1;209431;-1;-1
img2d;patrin;GCC-12;2048;32;16;1;ssandPile;ocl_hybrid_thick;default;2000;static;cores;C3_Sparse_2048;spirals;60:1;1046692;-1;-1
img2d;patrin;GCC-12;2048;32;16;2;ssandPile;ocl_hybrid_thick;default;2000;static;cores;C3_Sparse_2048;spirals;60:1;544182;-1;-1
img2d;patrin;GCC-12;2048;32;16;4;ssandPile;ocl_hybrid_thick;default;2000;static;cores;C3_Sparse_2048;spirals;60:1;282737;-1;-1
img2d;patrin;GCC-12;2048;32;16;6;ssandPile;ocl_hybrid_thick;default;2000;static;cores;C3_Sparse_2048;spirals;60:1;186898;-1;-1
img2d;patrin;GCC-12;2048;32;16;8;ssandPile;ocl_hybrid_thick;default;2000;static;cores;C3_Sparse_2048;spirals;60:1;158977;-1;-1
img2d;patrin;GCC-12;2048;32;16;12;ssandPile;ocl_hybrid_thick;default;2000;static;cores;C3_Sparse_2048;spirals;60:1;181718;-1;-1
img2d;patrin;GCC-12;2048;32;16;16;ssandPile;ocl_hybrid_thick;default;2000;static;cores;C3_Sparse_2048;spirals;60:1;159328;-1;-1
img2d;patrin;GCC-12;2048;32;16;20;ssandPile;ocl_hybrid_thick;default;2000;static;cores;C3_Sparse_2048;spirals;60:1;159346;-1;-1
img2d;patrin;GCC-12;2048;32;16;24;ssandPile;ocl_hybrid_thick;default;2000;static;cores;C3_Sparse_2048;spirals;60:1;159801;-1;-1
img2d;patrin;GCC-12;2048;32;16;1;ssandPile;ocl_hybrid_thick;default;2000;dynamic;cores;C3_Sparse_2048;spirals;60:1;1064310;-1;-1
img2d;patrin;GCC-12;2048;32;16;2;ssandPile;ocl_hybrid_thick;default;2000;dynamic;cores;C3_Sparse_2048;spirals;60:1;1492561;-1;-1
img2d;patrin;GCC-12;2048;32;16;4;ssandPile;ocl_hybrid_thick;default;2000;dynamic;cores;C3_Sparse_2048;spirals;60:1;948905;-1;-1
img2d;patrin;GCC-12;2048;32;16;6;ssandPile;ocl_hybrid_thick;default;2000;dynamic;cores;C3_Sparse_2048;spirals;60:1;746714;-1;-1
img2d;patrin;GCC-12;2048;32;16;8;ssandPile;ocl_hybrid_thick;default;2000;dynamic;cores;C3_Sparse_2048;spirals;60:1;668051;-1;-1
img2d;patrin;GCC-12;2048;32;16;12;ssandPile;ocl_hybrid_thick;default;2000;dynamic;cores;C3_Sparse_2048;spirals;60:1;511688;-1;-1
img2d;patrin;GCC-12;2048;32;16;16;ssandPile;ocl_hybrid_thick;default;2000;dynamic;cores;C3_Sparse_2048;spirals;60:1;465641;-1;-1
img2d;patrin;GCC-12;2048;32;16;20;ssandPile;ocl_hybrid_thick;default;2000;dynamic;cores;C3_Sparse_2048;spirals;60:1;474181;-1;-1
img2d;patrin;GCC-12;2048;32;16;24;ssandPile;ocl_hybrid_thick;default;2000;dynamic;cores;C3_Sparse_2048;spirals;60:1;481804;-1;-1
img2d;patrin;GCC-12;2048;32;16;1;ssandPile;ocl_hybrid_thick;default;2000;guided;cores;C3_Sparse_2048;spirals;60:1;1059316;-1;-1
img2d;patrin;GCC-12;2048;32;16;2;ssandPile;ocl_hybrid_thick;default;2000;guided;cores;C3_Sparse_2048;spirals;60:1;529822;-1;-1
img2d;patrin;GCC-12;2048;32;16;4;ssandPile;ocl_hybrid_thick;default;2000;guided;cores;C3_Sparse_2048;spirals;60:1;287743;-1;-1
img2d;patrin;GCC-12;2048;32;16;6;ssandPile;ocl_hybrid_thick;default;2000;guided;cores;C3_Sparse_2048;spirals;60:1;196550;-1;-1
img2d;patrin;GCC-12;2048;32;16;8;ssandPile;ocl_hybrid_thick;default;2000;guided;cores;C3_Sparse_2048;spirals;60:1;162769;-1;-1
img2d;patrin;GCC-12;2048;32;16;12;ssandPile;ocl_hybrid_thick;default;2000;guided;cores;C3_Sparse_2048;spirals;60:1;188359;-1;-1
img2d;patrin;GCC-12;2048;32;16;16;ssandPile;ocl_hybrid_thick;default;2000;guided;cores;C3_Sparse_2048;spirals;60:1;194161;-1;-1
img2d;patrin;GCC-12;2048;32;16;20;ssandPile;ocl_hybrid_thick;default;2000;guided;cores;C3_Sparse_2048;spirals;60:1;202078;-1;-1
img2d;patrin;GCC-12;2048;32;16;24;ssandPile;ocl_hybrid_thick;default;2000;guided;cores;C3_Sparse_2048;spirals;60:1;210041;-1;-1
img2d;patrin;GCC-12;2048;32;16;1;ssandPile;ocl_hybrid_thick;default;2000;static;cores;C3_Sparse_2048;spirals;60:1;1042663;-1;-1
img2d;patrin;GCC-12;2048;32;16;2;ssandPile;ocl_hybrid_thick;default;2000;static;cores;C3_Sparse_2048;spirals;60:1;526648;-1;-1
img2d;patrin;GCC-12;2048;32;16;4;ssandPile;ocl_hybrid_thick;default;2000;static;cores;C3_Sparse_2048;spirals;60:1;278042;-1;-1
img2d;patrin;GCC-12;2048;32;16;6;ssandPile;ocl_hybrid_thick;default;2000;static;cores;C3_Sparse_2048;spirals;60:1;190727;-1;-1
img2d;patrin;GCC-12;2048;32;16;8;ssandPile;ocl_hybrid_thick;default;2000;static;cores;C3_Sparse_2048;spirals;60:1;159055;-1;-1
img2d;patrin;GCC-12;2048;32;16;12;ssandPile;ocl_hybrid_thick;default;2000;static;cores;C3_Sparse_2048;spirals;60:1;184011;-1;-1
img2d;patrin;GCC-12;2048;32;16;16;ssandPile;ocl_hybrid_thick;default;2000;static;cores;C3_Sparse_2048;spirals;60:1;159446;-1;-1
img2d;patrin;GCC-12;2048;32;16;20;ssandPile;ocl_hybrid_thick;default;2000;static;cores;C3_Sparse_2048;spirals;60:1;159355;-1;-1
img2d;patrin;GCC-12;2048;32;16;24;ssandPile;ocl_hybrid_thick;default;2000;static;cores;C3_Sparse_2048;spirals;60:1;159864;-1;-1
img2d;patrin;GCC-12;2048;32;16;1;ssandPile;ocl_hybrid_thick;default;2000;dynamic;cores;C3_Sparse_2048;spirals;60:1;1116088;-1;-1
img2d;patrin;GCC-12;2048;32;16;2;ssandPile;ocl_hybrid_thick;default;2000;dynamic;cores;C3_Sparse_2048;spirals;60:1;1461402;-1;-1
img2d;patrin;GCC-12;2048;32;16;4;ssandPile;ocl_hybrid_thick;default;2000;dynamic;cores;C3_Sparse_2048;spirals;60:1;938903;-1;-1
img2d;patrin;GCC-12;2048;32;16;6;ssandPile;ocl_hybrid_thick;default;2000;dynamic;cores;C3_Sparse_2048;spirals;60:1;750004;-1;-1
img2d;patrin;GCC-12;2048;32;16;8;ssandPile;ocl_hybrid_thick;default;2000;dynamic;cores;C3_Sparse_2048;spirals;60:1;665043;-1;-1
img2d;patrin;GCC-12;2048;32;16;12;ssandPile;ocl_hybrid_thick;default;2000;dynamic;cores;C3_Sparse_2048;spirals;60:1;517943;-1;-1
img2d;patrin;GCC-12;2048;32;16;16;ssandPile;ocl_hybrid_thick;default;2000;dynamic;cores;C3_Sparse_2048;spirals;60:1;468617;-1;-1
img2d;patrin;GCC-12;2048;32;16;20;ssandPile;ocl_hybrid_thick;default;2000;dynamic;cores;C3_Sparse_2048;spirals;60:1;473646;-1;-1
img2d;patrin;GCC-12;2048;32;16;24;ssandPile;ocl_hybrid_thick;default;2000;dynamic;cores;C3_Sparse_2048;spirals;60:1;472595;-1;-1
img2d;patrin;GCC-12;2048;32;16;1;ssandPile;ocl_hybrid_thick;default;2000;guided;cores;C3_Sparse_2048;spirals;60:1;1042472;-1;-1
img2d;patrin;GCC-12;2048;32;16;2;ssandPile;ocl_hybrid_thick;default;2000;guided;cores;C3_Sparse_2048;spirals;60:1;521427;-1;-1
img2d;patrin;GCC-12;2048;32;16;4;ssandPile;ocl_hybrid_thick;default;2000;guided;cores;C3_Sparse_2048;spirals;60:1;281299;-1;-1
img2d;patrin;GCC-12;2048;32;16;6;ssandPile;ocl_hybrid_thick;default;2000;guided;cores;C3_Sparse_2048;spirals;60:1;196136;-1;-1
img2d;patrin;GCC-12;2048;32;16;8;ssandPile;ocl_hybrid_thick;default;2000;guided;cores;C3_Sparse_2048;spirals;60:1;163205;-1;-1
img2d;patrin;GCC-12;2048;32;16;12;ssandPile;ocl_hybrid_thick;default;2000;guided;cores;C3_Sparse_2048;spirals;60:1;177517;-1;-1
img2d;patrin;GCC-12;2048;32;16;16;ssandPile;ocl_hybrid_thick;default;2000;guided;cores;C3_Sparse_2048;spirals;60:1;196099;-1;-1
img2d;patrin;GCC-12;2048;32;16;20;ssandPile;ocl_hybrid_thick;default;2000;guided;cores;C3_Sparse_2048;spirals;60:1;204953;-1;-1
img2d;patrin;GCC-12;2048;32;16;24;ssandPile;ocl_hybrid_thick;default;2000;guided;cores;C3_Sparse_2048;spirals;60:1;208780;-1;-1
