type;machine;compiler;size;tilew;tileh;threads;kernel;variant;tiling;iterations;schedule;places;label;arg;config;time;total_cycles;total_stalls
img2d;patrin;GCC-12;4096;32;16;16;ssandPile;ocl_hybrid;default;1000;static;cores;;4partout;10;1796192;-1;-1
img2d;patrin;GCC-12;4096;32;16;16;ssandPile;ocl_hybrid;default;1000;static;cores;;4partout;20;1471725;-1;-1
img2d;patrin;GCC-12;4096;32;16;16;ssandPile;ocl_hybrid;default;1000;static;cores;;4partout;30;1112535;-1;-1
img2d;patrin;GCC-12;4096;32;16;16;ssandPile;ocl_hybrid;default;1000;static;cores;;4partout;40;739547;-1;-1
img2d;patrin;GCC-12;4096;32;16;16;ssandPile;ocl_hybrid;default;1000;static;cores;;4partout;50;409035;-1;-1
img2d;patrin;GCC-12;4096;32;16;16;ssandPile;ocl_hybrid;default;1000;static;cores;;4partout;60;381636;-1;-1
img2d;patrin;GCC-12;4096;32;16;16;ssandPile;ocl_hybrid;default;1000;static;cores;;4partout;70;410969;-1;-1
img2d;patrin;GCC-12;4096;32;16;16;ssandPile;ocl_hybrid;default;1000;static;cores;;4partout;80;459690;-1;-1
img2d;patrin;GCC-12;4096;32;16;16;ssandPile;ocl_hybrid;default;1000;static;cores;;4partout;90;513154;-1;-1
img2d;patrin;GCC-12;4096;32;16;16;ssandPile;ocl_hybrid;default;1000;static;cores;;4partout;10;1800245;-1;-1
img2d;patrin;GCC-12;4096;32;16;16;ssandPile;ocl_hybrid;default;1000;static;cores;;4partout;20;1460036;-1;-1
img2d;patrin;GCC-12;4096;32;16;16;ssandPile;ocl_hybrid;default;1000;static;cores;;4partout;30;1140878;-1;-1
img2d;patrin;GCC-12;4096;32;16;16;ssandPile;ocl_hybrid;default;1000;static;cores;;4partout;40;758792;-1;-1
img2d;patrin;GCC-12;4096;32;16;16;ssandPile;ocl_hybrid;default;1000;static;cores;;4partout;50;409924;-1;-1
img2d;patrin;GCC-12;4096;32;16;16;ssandPile;ocl_hybrid;default;1000;static;cores;;4partout;60;362626;-1;-1
img2d;patrin;GCC-12;4096;32;16;16;ssandPile;ocl_hybrid;default;1000;static;cores;;4partout;70;411315;-1;-1
img2d;patrin;GCC-12;4096;32;16;16;ssandPile;ocl_hybrid;default;1000;static;cores;;4partout;80;459739;-1;-1
img2d;patrin;GCC-12;4096;32;16;16;ssandPile;ocl_hybrid;default;1000;static;cores;;4partout;90;512993;-1;-1
img2d;patrin;GCC-12;4096;32;16;16;ssandPile;ocl_hybrid;default;1000;static;cores;;4partout;10;1795634;-1;-1
img2d;patrin;GCC-12;4096;32;16;16;ssandPile;ocl_hybrid;default;1000;static;cores;;4partout;20;1463543;-1;-1
img2d;patrin;GCC-12;4096;32;16;16;ssandPile;ocl_hybrid;default;1000;static;cores;;4partout;30;1134417;-1;-1
img2d;patrin;GCC-12;4096;32;16;16;ssandPile;ocl_hybrid;default;1000;static;cores;;4partout;40;748949;-1;-1
img2d;patrin;GCC-12;4096;32;16;16;ssandPile;ocl_hybrid;default;1000;static;cores;;4partout;50;408182;-1;-1
img2d;patrin;GCC-12;4096;32;16;16;ssandPile;ocl_hybrid;default;1000;static;cores;;4partout;60;363538;-1;-1
img2d;patrin;GCC-12;4096;32;16;16;ssandPile;ocl_hybrid;default;1000;static;cores;;4partout;70;411416;-1;-1
img2d;patrin;GCC-12;4096;32;16;16;ssandPile;ocl_hybrid;default;1000;static;cores;;4partout;80;460137;-1;-1
img2d;patrin;GCC-12;4096;32;16;16;ssandPile;ocl_hybrid;default;1000;static;cores;;4partout;90;513044;-1;-1
img2d;patrin;GCC-12;4096;32;16;16;ssandPile;ocl_hybrid;default;1000;static;cores;;4partout;10;1810499;-1;-1
img2d;patrin;GCC-12;4096;32;16;16;ssandPile;ocl_hybrid;default;1000;static;cores;;4partout;20;1454919;-1;-1
img2d;patrin;GCC-12;4096;32;16;16;ssandPile;ocl_hybrid;default;1000;static;cores;;4partout;30;1125896;-1;-1
img2d;patrin;GCC-12;4096;32;16;16;ssandPile;ocl_hybrid;default;1000;static;cores;;4partout;40;788341;-1;-1
img2d;patrin;GCC-12;4096;32;16;16;ssandPile;ocl_hybrid;default;1000;static;cores;;4partout;50;412993;-1;-1
img2d;patrin;GCC-12;4096;32;16;16;ssandPile;ocl_hybrid;default;1000;static;cores;;4partout;60;363169;-1;-1
img2d;patrin;GCC-12;4096;32;16;16;ssandPile;ocl_hybrid;default;1000;static;cores;;4partout;70;411142;-1;-1
img2d;patrin;GCC-12;4096;32;16;16;ssandPile;ocl_hybrid;default;1000;static;cores;;4partout;80;459828;-1;-1
img2d;patrin;GCC-12;4096;32;16;16;ssandPile;ocl_hybrid;default;1000;static;cores;;4partout;90;516175;-1;-1
img2d;patrin;GCC-12;4096;32;16;16;ssandPile;ocl_hybrid;default;1000;static;cores;;4partout;10;1798456;-1;-1
img2d;patrin;GCC-12;4096;32;16;16;ssandPile;ocl_hybrid;default;1000;static;cores;;4partout;20;1457891;-1;-1
img2d;patrin;GCC-12;4096;32;16;16;ssandPile;ocl_hybrid;default;1000;static;cores;;4partout;30;1114008;-1;-1
img2d;patrin;GCC-12;4096;32;16;16;ssandPile;ocl_hybrid;default;1000;static;cores;;4partout;40;749922;-1;-1
img2d;patrin;GCC-12;4096;32;16;16;ssandPile;ocl_hybrid;default;1000;static;cores;;4partout;50;405403;-1;-1
img2d;patrin;GCC-12;4096;32;16;16;ssandPile;ocl_hybrid;default;1000;static;cores;;4partout;60;363216;-1;-1
img2d;patrin;GCC-12;4096;32;16;16;ssandPile;ocl_hybrid;default;1000;static;cores;;4partout;70;411217;-1;-1
img2d;patrin;GCC-12;4096;32;16;16;ssandPile;ocl_hybrid;default;1000;static;cores;;4partout;80;460608;-1;-1
img2d;patrin;GCC-12;4096;32;16;16;ssandPile;ocl_hybrid;default;1000;static;cores;;4partout;90;514250;-1;-1
img2d;patrin;GCC-12;4096;32;16;16;ssandPile;ocl_hybrid;default;1000;static;cores;;4partout;10;1795501;-1;-1
img2d;patrin;GCC-12;4096;32;16;16;ssandPile;ocl_hybrid;default;1000;static;cores;;4partout;20;1464453;-1;-1
img2d;patrin;GCC-12;4096;32;16;16;ssandPile;ocl_hybrid;default;1000;static;cores;;4partout;30;1110999;-1;-1
img2d;patrin;GCC-12;4096;32;16;16;ssandPile;ocl_hybrid;default;1000;static;cores;;4partout;40;738159;-1;-1
img2d;patrin;GCC-12;4096;32;16;16;ssandPile;ocl_hybrid;default;1000;static;cores;;4partout;50;426360;-1;-1
img2d;patrin;GCC-12;4096;32;16;16;ssandPile;ocl_hybrid;default;1000;static;cores;;4partout;60;362488;-1;-1
img2d;patrin;GCC-12;4096;32;16;16;ssandPile;ocl_hybrid;default;1000;static;cores;;4partout;70;411807;-1;-1
img2d;patrin;GCC-12;4096;32;16;16;ssandPile;ocl_hybrid;default;1000;static;cores;;4partout;80;461086;-1;-1
img2d;patrin;GCC-12;4096;32;16;16;ssandPile;ocl_hybrid;default;1000;static;cores;;4partout;90;513642;-1;-1
img2d;patrin;GCC-12;4096;32;16;16;ssandPile;ocl_hybrid;default;1000;static;cores;;4partout;10;1800657;-1;-1
img2d;patrin;GCC-12;4096;32;16;16;ssandPile;ocl_hybrid;default;1000;static;cores;;4partout;20;1455758;-1;-1
img2d;patrin;GCC-12;4096;32;16;16;ssandPile;ocl_hybrid;default;1000;static;cores;;4partout;30;1122496;-1;-1
img2d;patrin;GCC-12;4096;32;16;16;ssandPile;ocl_hybrid;default;1000;static;cores;;4partout;40;747209;-1;-1
img2d;patrin;GCC-12;4096;32;16;16;ssandPile;ocl_hybrid;default;1000;static;cores;;4partout;50;412765;-1;-1
img2d;patrin;GCC-12;4096;32;16;16;ssandPile;ocl_hybrid;default;1000;static;cores;;4partout;60;363615;-1;-1
img2d;patrin;GCC-12;4096;32;16;16;ssandPile;ocl_hybrid;default;1000;static;cores;;4partout;70;411256;-1;-1
img2d;patrin;GCC-12;4096;32;16;16;ssandPile;ocl_hybrid;default;1000;static;cores;;4partout;80;460636;-1;-1
img2d;patrin;GCC-12;4096;32;16;16;ssandPile;ocl_hybrid;default;1000;static;cores;;4partout;90;514052;-1;-1
img2d;patrin;GCC-12;4096;32;16;16;ssandPile;ocl_hybrid;default;1000;static;cores;;4partout;10;1804795;-1;-1
img2d;patrin;GCC-12;4096;32;16;16;ssandPile;ocl_hybrid;default;1000;static;cores;;4partout;20;1447222;-1;-1
img2d;patrin;GCC-12;4096;32;16;16;ssandPile;ocl_hybrid;default;1000;static;cores;;4partout;30;1126864;-1;-1
img2d;patrin;GCC-12;4096;32;16;16;ssandPile;ocl_hybrid;default;1000;static;cores;;4partout;40;754777;-1;-1
img2d;patrin;GCC-12;4096;32;16;16;ssandPile;ocl_hybrid;default;1000;static;cores;;4partout;50;428214;-1;-1
img2d;patrin;GCC-12;4096;32;16;16;ssandPile;ocl_hybrid;default;1000;static;cores;;4partout;60;363171;-1;-1
img2d;patrin;GCC-12;4096;32;16;16;ssandPile;ocl_hybrid;default;1000;static;cores;;4partout;70;411762;-1;-1
img2d;patrin;GCC-12;4096;32;16;16;ssandPile;ocl_hybrid;default;1000;static;cores;;4partout;80;460768;-1;-1
img2d;patrin;GCC-12;4096;32;16;16;ssandPile;ocl_hybrid;default;1000;static;cores;;4partout;90;514003;-1;-1
img2d;patrin;GCC-12;4096;32;16;16;ssandPile;ocl_hybrid;default;1000;static;cores;;4partout;10;1793334;-1;-1
img2d;patrin;GCC-12;4096;32;16;16;ssandPile;ocl_hybrid;default;1000;static;cores;;4partout;20;1462232;-1;-1
img2d;patrin;GCC-12;4096;32;16;16;ssandPile;ocl_hybrid;default;1000;static;cores;;4partout;30;1118745;-1;-1
img2d;patrin;GCC-12;4096;32;16;16;ssandPile;ocl_hybrid;default;1000;static;cores;;4partout;40;751435;-1;-1
img2d;patrin;GCC-12;4096;32;16;16;ssandPile;ocl_hybrid;default;1000;static;cores;;4partout;50;426413;-1;-1
img2d;patrin;GCC-12;4096;32;16;16;ssandPile;ocl_hybrid;default;1000;static;cores;;4partout;60;366732;-1;-1
img2d;patrin;GCC-12;4096;32;16;16;ssandPile;ocl_hybrid;default;1000;static;cores;;4partout;70;411749;-1;-1
img2d;patrin;GCC-12;4096;32;16;16;ssandPile;ocl_hybrid;default;1000;static;cores;;4partout;80;461033;-1;-1
img2d;patrin;GCC-12;4096;32;16;16;ssandPile;ocl_hybrid;default;1000;static;cores;;4partout;90;513830;-1;-1
img2d;patrin;GCC-12;4096;32;16;16;ssandPile;ocl_hybrid;default;1000;static;cores;;4partout;10;1792697;-1;-1
img2d;patrin;GCC-12;4096;32;16;16;ssandPile;ocl_hybrid;default;1000;static;cores;;4partout;20;1453239;-1;-1
img2d;patrin;GCC-12;4096;32;16;16;ssandPile;ocl_hybrid;default;1000;static;cores;;4partout;30;1138535;-1;-1
img2d;patrin;GCC-12;4096;32;16;16;ssandPile;ocl_hybrid;default;1000;static;cores;;4partout;40;753315;-1;-1
img2d;patrin;GCC-12;4096;32;16;16;ssandPile;ocl_hybrid;default;1000;static;cores;;4partout;50;414031;-1;-1
img2d;patrin;GCC-12;4096;32;16;16;ssandPile;ocl_hybrid;default;1000;static;cores;;4partout;60;363264;-1;-1
img2d;patrin;GCC-12;4096;32;16;16;ssandPile;ocl_hybrid;default;1000;static;cores;;4partout;70;415060;-1;-1
img2d;patrin;GCC-12;4096;32;16;16;ssandPile;ocl_hybrid;default;1000;static;cores;;4partout;80;460444;-1;-1
img2d;patrin;GCC-12;4096;32;16;16;ssandPile;ocl_hybrid;default;1000;static;cores;;4partout;90;514690;-1;-1
img2d;patrin;GCC-12;4096;32;16;16;ssandPile;ocl_hybrid;default;1000;static;cores;;4partout;10;1794551;-1;-1
img2d;patrin;GCC-12;4096;32;16;16;ssandPile;ocl_hybrid;default;1000;static;cores;;4partout;20;1451954;-1;-1
img2d;patrin;GCC-12;4096;32;16;16;ssandPile;ocl_hybrid;default;1000;static;cores;;4partout;30;1102909;-1;-1
img2d;patrin;GCC-12;4096;32;16;16;ssandPile;ocl_hybrid;default;1000;static;cores;;4partout;40;753975;-1;-1
img2d;patrin;GCC-12;4096;32;16;16;ssandPile;ocl_hybrid;default;1000;static;cores;;4partout;50;415012;-1;-1
img2d;patrin;GCC-12;4096;32;16;16;ssandPile;ocl_hybrid;default;1000;static;cores;;4partout;60;364070;-1;-1
img2d;patrin;GCC-12;4096;32;16;16;ssandPile;ocl_hybrid;default;1000;static;cores;;4partout;70;411561;-1;-1
img2d;patrin;GCC-12;4096;32;16;16;ssandPile;ocl_hybrid;default;1000;static;cores;;4partout;80;461791;-1;-1
img2d;patrin;GCC-12;4096;32;16;16;ssandPile;ocl_hybrid;default;1000;static;cores;;4partout;90;514203;-1;-1
img2d;patrin;GCC-12;4096;32;16;16;ssandPile;ocl_hybrid;default;1000;static;cores;;4partout;10;1800899;-1;-1
img2d;patrin;GCC-12;4096;32;16;16;ssandPile;ocl_hybrid;default;1000;static;cores;;4partout;20;1463951;-1;-1
img2d;patrin;GCC-12;4096;32;16;16;ssandPile;ocl_hybrid;default;1000;static;cores;;4partout;30;1120567;-1;-1
img2d;patrin;GCC-12;4096;32;16;16;ssandPile;ocl_hybrid;default;1000;static;cores;;4partout;40;767553;-1;-1
img2d;patrin;GCC-12;4096;32;16;16;ssandPile;ocl_hybrid;default;1000;static;cores;;4partout;50;407680;-1;-1
img2d;patrin;GCC-12;4096;32;16;16;ssandPile;ocl_hybrid;default;1000;static;cores;;4partout;60;364113;-1;-1
img2d;patrin;GCC-12;4096;32;16;16;ssandPile;ocl_hybrid;default;1000;static;cores;;4partout;70;411510;-1;-1
img2d;patrin;GCC-12;4096;32;16;16;ssandPile;ocl_hybrid;default;1000;static;cores;;4partout;80;460864;-1;-1
img2d;patrin;GCC-12;4096;32;16;16;ssandPile;ocl_hybrid;default;1000;static;cores;;4partout;90;514001;-1;-1
img2d;patrin;GCC-12;4096;32;16;16;ssandPile;ocl_hybrid;default;1000;static;cores;;4partout;10;1792026;-1;-1
img2d;patrin;GCC-12;4096;32;16;16;ssandPile;ocl_hybrid;default;1000;static;cores;;4partout;20;1463644;-1;-1
img2d;patrin;GCC-12;4096;32;16;16;ssandPile;ocl_hybrid;default;1000;static;cores;;4partout;30;1119020;-1;-1
img2d;patrin;GCC-12;4096;32;16;16;ssandPile;ocl_hybrid;default;1000;static;cores;;4partout;40;750757;-1;-1
img2d;patrin;GCC-12;4096;32;16;16;ssandPile;ocl_hybrid;default;1000;static;cores;;4partout;50;425703;-1;-1
img2d;patrin;GCC-12;4096;32;16;16;ssandPile;ocl_hybrid;default;1000;static;cores;;4partout;60;364187;-1;-1
img2d;patrin;GCC-12;4096;32;16;16;ssandPile;ocl_hybrid;default;1000;static;cores;;4partout;70;411531;-1;-1
img2d;patrin;GCC-12;4096;32;16;16;ssandPile;ocl_hybrid;default;1000;static;cores;;4partout;80;461557;-1;-1
img2d;patrin;GCC-12;4096;32;16;16;ssandPile;ocl_hybrid;default;1000;static;cores;;4partout;90;514652;-1;-1
img2d;patrin;GCC-12;4096;32;16;16;ssandPile;ocl_hybrid;default;1000;static;cores;;4partout;10;1794415;-1;-1
img2d;patrin;GCC-12;4096;32;16;16;ssandPile;ocl_hybrid;default;1000;static;cores;;4partout;20;1461786;-1;-1
img2d;patrin;GCC-12;4096;32;16;16;ssandPile;ocl_hybrid;default;1000;static;cores;;4partout;30;1123667;-1;-1
img2d;patrin;GCC-12;4096;32;16;16;ssandPile;ocl_hybrid;default;1000;static;cores;;4partout;40;772306;-1;-1
img2d;patrin;GCC-12;4096;32;16;16;ssandPile;ocl_hybrid;default;1000;static;cores;;4partout;50;423098;-1;-1
img2d;patrin;GCC-12;4096;32;16;16;ssandPile;ocl_hybrid;default;1000;static;cores;;4partout;60;363751;-1;-1
img2d;patrin;GCC-12;4096;32;16;16;ssandPile;ocl_hybrid;default;1000;static;cores;;4partout;70;411756;-1;-1
img2d;patrin;GCC-12;4096;32;16;16;ssandPile;ocl_hybrid;default;1000;static;cores;;4partout;80;461227;-1;-1
img2d;patrin;GCC-12;4096;32;16;16;ssandPile;ocl_hybrid;default;1000;static;cores;;4partout;90;515128;-1;-1
img2d;patrin;GCC-12;4096;32;16;16;ssandPile;ocl_hybrid;default;1000;static;cores;;4partout;10;1822906;-1;-1
img2d;patrin;GCC-12;4096;32;16;16;ssandPile;ocl_hybrid;default;1000;static;cores;;4partout;20;1460802;-1;-1
img2d;patrin;GCC-12;4096;32;16;16;ssandPile;ocl_hybrid;default;1000;static;cores;;4partout;30;1112923;-1;-1
img2d;patrin;GCC-12;4096;32;16;16;ssandPile;ocl_hybrid;default;1000;static;cores;;4partout;40;749362;-1;-1
img2d;patrin;GCC-12;4096;32;16;16;ssandPile;ocl_hybrid;default;1000;static;cores;;4partout;50;414068;-1;-1
img2d;patrin;GCC-12;4096;32;16;16;ssandPile;ocl_hybrid;default;1000;static;cores;;4partout;60;363785;-1;-1
img2d;patrin;GCC-12;4096;32;16;16;ssandPile;ocl_hybrid;default;1000;static;cores;;4partout;70;411507;-1;-1
img2d;patrin;GCC-12;4096;32;16;16;ssandPile;ocl_hybrid;default;1000;static;cores;;4partout;80;461500;-1;-1
img2d;patrin;GCC-12;4096;32;16;16;ssandPile;ocl_hybrid;default;1000;static;cores;;4partout;90;514958;-1;-1
img2d;patrin;GCC-12;4096;32;16;16;ssandPile;ocl_hybrid;default;1000;static;cores;;4partout;10;1797143;-1;-1
img2d;patrin;GCC-12;4096;32;16;16;ssandPile;ocl_hybrid;default;1000;static;cores;;4partout;20;1451580;-1;-1
img2d;patrin;GCC-12;4096;32;16;16;ssandPile;ocl_hybrid;default;1000;static;cores;;4partout;30;1116455;-1;-1
img2d;patrin;GCC-12;4096;32;16;16;ssandPile;ocl_hybrid;default;1000;static;cores;;4partout;40;747393;-1;-1
img2d;patrin;GCC-12;4096;32;16;16;ssandPile;ocl_hybrid;default;1000;static;cores;;4partout;50;404298;-1;-1
img2d;patrin;GCC-12;4096;32;16;16;ssandPile;ocl_hybrid;default;1000;static;cores;;4partout;60;363101;-1;-1
img2d;patrin;GCC-12;4096;32;16;16;ssandPile;ocl_hybrid;default;1000;static;cores;;4partout;70;411581;-1;-1
img2d;patrin;GCC-12;4096;32;16;16;ssandPile;ocl_hybrid;default;1000;static;cores;;4partout;80;461539;-1;-1
img2d;patrin;GCC-12;4096;32;16;16;ssandPile;ocl_hybrid;default;1000;static;cores;;4partout;90;514890;-1;-1
img2d;patrin;GCC-12;4096;32;16;16;ssandPile;ocl_hybrid;default;1000;static;cores;;4partout;10;1796652;-1;-1
img2d;patrin;GCC-12;4096;32;16;16;ssandPile;ocl_hybrid;default;1000;static;cores;;4partout;20;1455137;-1;-1
img2d;patrin;GCC-12;4096;32;16;16;ssandPile;ocl_hybrid;default;1000;static;cores;;4partout;30;1117473;-1;-1
img2d;patrin;GCC-12;4096;32;16;16;ssandPile;ocl_hybrid;default;1000;static;cores;;4partout;40;767781;-1;-1
img2d;patrin;GCC-12;4096;32;16;16;ssandPile;ocl_hybrid;default;1000;static;cores;;4partout;50;411301;-1;-1
img2d;patrin;GCC-12;4096;32;16;16;ssandPile;ocl_hybrid;default;1000;static;cores;;4partout;60;364551;-1;-1
img2d;patrin;GCC-12;4096;32;16;16;ssandPile;ocl_hybrid;default;1000;static;cores;;4partout;70;412534;-1;-1
img2d;patrin;GCC-12;4096;32;16;16;ssandPile;ocl_hybrid;default;1000;static;cores;;4partout;80;461826;-1;-1
img2d;patrin;GCC-12;4096;32;16;16;ssandPile;ocl_hybrid;default;1000;static;cores;;4partout;90;514992;-1;-1
img2d;patrin;GCC-12;4096;32;16;16;ssandPile;ocl_hybrid;default;1000;static;cores;;4partout;10;1856779;-1;-1
img2d;patrin;GCC-12;4096;32;16;16;ssandPile;ocl_hybrid;default;1000;static;cores;;4partout;20;1449821;-1;-1
img2d;patrin;GCC-12;4096;32;16;16;ssandPile;ocl_hybrid;default;1000;static;cores;;4partout;30;1118999;-1;-1
img2d;patrin;GCC-12;4096;32;16;16;ssandPile;ocl_hybrid;default;1000;static;cores;;4partout;40;766973;-1;-1
img2d;patrin;GCC-12;4096;32;16;16;ssandPile;ocl_hybrid;default;1000;static;cores;;4partout;50;411819;-1;-1
img2d;patrin;GCC-12;4096;32;16;16;ssandPile;ocl_hybrid;default;1000;static;cores;;4partout;60;363747;-1;-1
img2d;patrin;GCC-12;4096;32;16;16;ssandPile;ocl_hybrid;default;1000;static;cores;;4partout;70;412415;-1;-1
img2d;patrin;GCC-12;4096;32;16;16;ssandPile;ocl_hybrid;default;1000;static;cores;;4partout;80;461525;-1;-1
img2d;patrin;GCC-12;4096;32;16;16;ssandPile;ocl_hybrid;default;1000;static;cores;;4partout;90;514784;-1;-1
img2d;patrin;GCC-12;4096;32;16;16;ssandPile;ocl_hybrid;default;1000;static;cores;;4partout;10;1801628;-1;-1
img2d;patrin;GCC-12;4096;32;16;16;ssandPile;ocl_hybrid;default;1000;static;cores;;4partout;20;1451235;-1;-1
img2d;patrin;GCC-12;4096;32;16;16;ssandPile;ocl_hybrid;default;1000;static;cores;;4partout;30;1119219;-1;-1
img2d;patrin;GCC-12;4096;32;16;16;ssandPile;ocl_hybrid;default;1000;static;cores;;4partout;40;757575;-1;-1
img2d;patrin;GCC-12;4096;32;16;16;ssandPile;ocl_hybrid;default;1000;static;cores;;4partout;50;410859;-1;-1
img2d;patrin;GCC-12;4096;32;16;16;ssandPile;ocl_hybrid;default;1000;static;cores;;4partout;60;363210;-1;-1
img2d;patrin;GCC-12;4096;32;16;16;ssandPile;ocl_hybrid;default;1000;static;cores;;4partout;70;411977;-1;-1
img2d;patrin;GCC-12;4096;32;16;16;ssandPile;ocl_hybrid;default;1000;static;cores;;4partout;80;461150;-1;-1
img2d;patrin;GCC-12;4096;32;16;16;ssandPile;ocl_hybrid;default;1000;static;cores;;4partout;90;515042;-1;-1
img2d;patrin;GCC-12;4096;32;16;16;ssandPile;ocl_hybrid;default;1000;static;cores;;4partout;10;1794567;-1;-1
img2d;patrin;GCC-12;4096;32;16;16;ssandPile;ocl_hybrid;default;1000;static;cores;;4partout;20;1461714;-1;-1
img2d;patrin;GCC-12;4096;32;16;16;ssandPile;ocl_hybrid;default;1000;static;cores;;4partout;30;1113566;-1;-1
img2d;patrin;GCC-12;4096;32;16;16;ssandPile;ocl_hybrid;default;1000;static;cores;;4partout;40;766714;-1;-1
img2d;patrin;GCC-12;4096;32;16;16;ssandPile;ocl_hybrid;default;1000;static;cores;;4partout;50;415528;-1;-1
img2d;patrin;GCC-12;4096;32;16;16;ssandPile;ocl_hybrid;default;1000;static;cores;;4partout;60;363090;-1;-1
img2d;patrin;GCC-12;4096;32;16;16;ssandPile;ocl_hybrid;default;1000;static;cores;;4partout;70;412574;-1;-1
img2d;patrin;GCC-12;4096;32;16;16;ssandPile;ocl_hybrid;default;1000;static;cores;;4partout;80;461267;-1;-1
img2d;patrin;GCC-12;4096;32;16;16;ssandPile;ocl_hybrid;default;1000;static;cores;;4partout;90;514861;-1;-1
img2d;patrin;GCC-12;4096;32;16;16;ssandPile;ocl_hybrid;default;1000;static;cores;;4partout;10;1802304;-1;-1
img2d;patrin;GCC-12;4096;32;16;16;ssandPile;ocl_hybrid;default;1000;static;cores;;4partout;20;1445961;-1;-1
img2d;patrin;GCC-12;4096;32;16;16;ssandPile;ocl_hybrid;default;1000;static;cores;;4partout;30;1130059;-1;-1
img2d;patrin;GCC-12;4096;32;16;16;ssandPile;ocl_hybrid;default;1000;static;cores;;4partout;40;760561;-1;-1
img2d;patrin;GCC-12;4096;32;16;16;ssandPile;ocl_hybrid;default;1000;static;cores;;4partout;50;409282;-1;-1
img2d;patrin;GCC-12;4096;32;16;16;ssandPile;ocl_hybrid;default;1000;static;cores;;4partout;60;363092;-1;-1
img2d;patrin;GCC-12;4096;32;16;16;ssandPile;ocl_hybrid;default;1000;static;cores;;4partout;70;410789;-1;-1
img2d;patrin;GCC-12;4096;32;16;16;ssandPile;ocl_hybrid;default;1000;static;cores;;4partout;80;460054;-1;-1
img2d;patrin;GCC-12;4096;32;16;16;ssandPile;ocl_hybrid;default;1000;static;cores;;4partout;90;513085;-1;-1
img2d;patrin;GCC-12;4096;32;16;16;ssandPile;ocl_hybrid;default;1000;static;cores;;4partout;10;1796381;-1;-1
img2d;patrin;GCC-12;4096;32;16;16;ssandPile;ocl_hybrid;default;1000;static;cores;;4partout;20;1449534;-1;-1
img2d;patrin;GCC-12;4096;32;16;16;ssandPile;ocl_hybrid;default;1000;static;cores;;4partout;30;1124346;-1;-1
img2d;patrin;GCC-12;4096;32;16;16;ssandPile;ocl_hybrid;default;1000;static;cores;;4partout;40;750328;-1;-1
img2d;patrin;GCC-12;4096;32;16;16;ssandPile;ocl_hybrid;default;1000;static;cores;;4partout;50;432476;-1;-1
img2d;patrin;GCC-12;4096;32;16;16;ssandPile;ocl_hybrid;default;1000;static;cores;;4partout;60;362629;-1;-1
img2d;patrin;GCC-12;4096;32;16;16;ssandPile;ocl_hybrid;default;1000;static;cores;;4partout;70;411851;-1;-1
img2d;patrin;GCC-12;4096;32;16;16;ssandPile;ocl_hybrid;default;1000;static;cores;;4partout;80;460973;-1;-1
img2d;patrin;GCC-12;4096;32;16;16;ssandPile;ocl_hybrid;default;1000;static;cores;;4partout;90;514000;-1;-1
img2d;patrin;GCC-12;4096;32;16;16;ssandPile;ocl_hybrid;default;1000;static;cores;;4partout;10;1795431;-1;-1
img2d;patrin;GCC-12;4096;32;16;16;ssandPile;ocl_hybrid;default;1000;static;cores;;4partout;20;1463899;-1;-1
img2d;patrin;GCC-12;4096;32;16;16;ssandPile;ocl_hybrid;default;1000;static;cores;;4partout;30;1116285;-1;-1
img2d;patrin;GCC-12;4096;32;16;16;ssandPile;ocl_hybrid;default;1000;static;cores;;4partout;40;737051;-1;-1
img2d;patrin;GCC-12;4096;32;16;16;ssandPile;ocl_hybrid;default;1000;static;cores;;4partout;50;415685;-1;-1
img2d;patrin;GCC-12;4096;32;16;16;ssandPile;ocl_hybrid;default;1000;static;cores;;4partout;60;364362;-1;-1
img2d;patrin;GCC-12;4096;32;16;16;ssandPile;ocl_hybrid;default;1000;static;cores;;4partout;70;411966;-1;-1
img2d;patrin;GCC-12;4096;32;16;16;ssandPile;ocl_hybrid;default;1000;static;cores;;4partout;80;461168;-1;-1
img2d;patrin;GCC-12;4096;32;16;16;ssandPile;ocl_hybrid;default;1000;static;cores;;4partout;90;514000;-1;-1
img2d;patrin;GCC-12;4096;32;16;16;ssandPile;ocl_hybrid;default;1000;static;cores;;4partout;10;1795607;-1;-1
img2d;patrin;GCC-12;4096;32;16;16;ssandPile;ocl_hybrid;default;1000;static;cores;;4partout;20;1454322;-1;-1
img2d;patrin;GCC-12;4096;32;16;16;ssandPile;ocl_hybrid;default;1000;static;cores;;4partout;30;1109824;-1;-1
img2d;patrin;GCC-12;4096;32;16;16;ssandPile;ocl_hybrid;default;1000;static;cores;;4partout;40;745607;-1;-1
img2d;patrin;GCC-12;4096;32;16;16;ssandPile;ocl_hybrid;default;1000;static;cores;;4partout;50;409462;-1;-1
img2d;patrin;GCC-12;4096;32;16;16;ssandPile;ocl_hybrid;default;1000;static;cores;;4partout;60;363556;-1;-1
img2d;patrin;GCC-12;4096;32;16;16;ssandPile;ocl_hybrid;default;1000;static;cores;;4partout;70;411727;-1;-1
img2d;patrin;GCC-12;4096;32;16;16;ssandPile;ocl_hybrid;default;1000;static;cores;;4partout;80;461115;-1;-1
img2d;patrin;GCC-12;4096;32;16;16;ssandPile;ocl_hybrid;default;1000;static;cores;;4partout;90;514106;-1;-1
img2d;patrin;GCC-12;4096;32;16;16;ssandPile;ocl_hybrid;default;1000;static;cores;;4partout;10;1806310;-1;-1
img2d;patrin;GCC-12;4096;32;16;16;ssandPile;ocl_hybrid;default;1000;static;cores;;4partout;20;1457533;-1;-1
img2d;patrin;GCC-12;4096;32;16;16;ssandPile;ocl_hybrid;default;1000;static;cores;;4partout;30;1109776;-1;-1
img2d;patrin;GCC-12;4096;32;16;16;ssandPile;ocl_hybrid;default;1000;static;cores;;4partout;40;748944;-1;-1
img2d;patrin;GCC-12;4096;32;16;16;ssandPile;ocl_hybrid;default;1000;static;cores;;4partout;50;410096;-1;-1
img2d;patrin;GCC-12;4096;32;16;16;ssandPile;ocl_hybrid;default;1000;static;cores;;4partout;60;363499;-1;-1
img2d;patrin;GCC-12;4096;32;16;16;ssandPile;ocl_hybrid;default;1000;static;cores;;4partout;70;411729;-1;-1
img2d;patrin;GCC-12;4096;32;16;16;ssandPile;ocl_hybrid;default;1000;static;cores;;4partout;80;461905;-1;-1
img2d;patrin;GCC-12;4096;32;16;16;ssandPile;ocl_hybrid;default;1000;static;cores;;4partout;90;514037;-1;-1
img2d;patrin;GCC-12;4096;32;16;16;ssandPile;ocl_hybrid;default;1000;static;cores;;4partout;10;1800824;-1;-1
img2d;patrin;GCC-12;4096;32;16;16;ssandPile;ocl_hybrid;default;1000;static;cores;;4partout;20;1467045;-1;-1
img2d;patrin;GCC-12;4096;32;16;16;ssandPile;ocl_hybrid;default;1000;static;cores;;4partout;30;1110736;-1;-1
img2d;patrin;GCC-12;4096;32;16;16;ssandPile;ocl_hybrid;default;1000;static;cores;;4partout;40;750687;-1;-1
img2d;patrin;GCC-12;4096;32;16;16;ssandPile;ocl_hybrid;default;1000;static;cores;;4partout;50;415116;-1;-1
img2d;patrin;GCC-12;4096;32;16;16;ssandPile;ocl_hybrid;default;1000;static;cores;;4partout;60;363377;-1;-1
img2d;patrin;GCC-12;4096;32;16;16;ssandPile;ocl_hybrid;default;1000;static;cores;;4partout;70;412320;-1;-1
img2d;patrin;GCC-12;4096;32;16;16;ssandPile;ocl_hybrid;default;1000;static;cores;;4partout;80;461359;-1;-1
img2d;patrin;GCC-12;4096;32;16;16;ssandPile;ocl_hybrid;default;1000;static;cores;;4partout;90;514031;-1;-1
img2d;patrin;GCC-12;4096;32;16;16;ssandPile;ocl_hybrid;default;1000;static;cores;;4partout;10;1799834;-1;-1
img2d;patrin;GCC-12;4096;32;16;16;ssandPile;ocl_hybrid;default;1000;static;cores;;4partout;20;1467498;-1;-1
img2d;patrin;GCC-12;4096;32;16;16;ssandPile;ocl_hybrid;default;1000;static;cores;;4partout;30;1119977;-1;-1
img2d;patrin;GCC-12;4096;32;16;16;ssandPile;ocl_hybrid;default;1000;static;cores;;4partout;40;752725;-1;-1
img2d;patrin;GCC-12;4096;32;16;16;ssandPile;ocl_hybrid;default;1000;static;cores;;4partout;50;416148;-1;-1
img2d;patrin;GCC-12;4096;32;16;16;ssandPile;ocl_hybrid;default;1000;static;cores;;4partout;60;363369;-1;-1
img2d;patrin;GCC-12;4096;32;16;16;ssandPile;ocl_hybrid;default;1000;static;cores;;4partout;70;411719;-1;-1
img2d;patrin;GCC-12;4096;32;16;16;ssandPile;ocl_hybrid;default;1000;static;cores;;4partout;80;460920;-1;-1
img2d;patrin;GCC-12;4096;32;16;16;ssandPile;ocl_hybrid;default;1000;static;cores;;4partout;90;514107;-1;-1
img2d;patrin;GCC-12;4096;32;16;16;ssandPile;ocl_hybrid;default;1000;static;cores;;4partout;10;1797337;-1;-1
img2d;patrin;GCC-12;4096;32;16;16;ssandPile;ocl_hybrid;default;1000;static;cores;;4partout;20;1452910;-1;-1
img2d;patrin;GCC-12;4096;32;16;16;ssandPile;ocl_hybrid;default;1000;static;cores;;4partout;30;1117842;-1;-1
img2d;patrin;GCC-12;4096;32;16;16;ssandPile;ocl_hybrid;default;1000;static;cores;;4partout;40;747534;-1;-1
img2d;patrin;GCC-12;4096;32;16;16;ssandPile;ocl_hybrid;default;1000;static;cores;;4partout;50;404467;-1;-1
img2d;patrin;GCC-12;4096;32;16;16;ssandPile;ocl_hybrid;default;1000;static;cores;;4partout;60;363158;-1;-1
img2d;patrin;GCC-12;4096;32;16;16;ssandPile;ocl_hybrid;default;1000;static;cores;;4partout;70;411417;-1;-1
img2d;patrin;GCC-12;4096;32;16;16;ssandPile;ocl_hybrid;default;1000;static;cores;;4partout;80;460901;-1;-1
img2d;patrin;GCC-12;4096;32;16;16;ssandPile;ocl_hybrid;default;1000;static;cores;;4partout;90;515053;-1;-1
img2d;patrin;GCC-12;4096;32;16;16;ssandPile;ocl_hybrid;default;1000;static;cores;;4partout;10;1798688;-1;-1
img2d;patrin;GCC-12;4096;32;16;16;ssandPile;ocl_hybrid;default;1000;static;cores;;4partout;20;1464367;-1;-1
img2d;patrin;GCC-12;4096;32;16;16;ssandPile;ocl_hybrid;default;1000;static;cores;;4partout;30;1120302;-1;-1
img2d;patrin;GCC-12;4096;32;16;16;ssandPile;ocl_hybrid;default;1000;static;cores;;4partout;40;753747;-1;-1
img2d;patrin;GCC-12;4096;32;16;16;ssandPile;ocl_hybrid;default;1000;static;cores;;4partout;50;418538;-1;-1
img2d;patrin;GCC-12;4096;32;16;16;ssandPile;ocl_hybrid;default;1000;static;cores;;4partout;60;364411;-1;-1
img2d;patrin;GCC-12;4096;32;16;16;ssandPile;ocl_hybrid;default;1000;static;cores;;4partout;70;411600;-1;-1
img2d;patrin;GCC-12;4096;32;16;16;ssandPile;ocl_hybrid;default;1000;static;cores;;4partout;80;461272;-1;-1
img2d;patrin;GCC-12;4096;32;16;16;ssandPile;ocl_hybrid;default;1000;static;cores;;4partout;90;515135;-1;-1
img2d;patrin;GCC-12;4096;32;16;16;ssandPile;ocl_hybrid;default;1000;static;cores;;4partout;10;1797127;-1;-1
img2d;patrin;GCC-12;4096;32;16;16;ssandPile;ocl_hybrid;default;1000;static;cores;;4partout;20;1447148;-1;-1
img2d;patrin;GCC-12;4096;32;16;16;ssandPile;ocl_hybrid;default;1000;static;cores;;4partout;30;1120803;-1;-1
img2d;patrin;GCC-12;4096;32;16;16;ssandPile;ocl_hybrid;default;1000;static;cores;;4partout;40;754342;-1;-1
img2d;patrin;GCC-12;4096;32;16;16;ssandPile;ocl_hybrid;default;1000;static;cores;;4partout;50;406521;-1;-1
img2d;patrin;GCC-12;4096;32;16;16;ssandPile;ocl_hybrid;default;1000;static;cores;;4partout;60;363030;-1;-1
img2d;patrin;GCC-12;4096;32;16;16;ssandPile;ocl_hybrid;default;1000;static;cores;;4partout;70;412899;-1;-1
img2d;patrin;GCC-12;4096;32;16;16;ssandPile;ocl_hybrid;default;1000;static;cores;;4partout;80;461553;-1;-1
img2d;patrin;GCC-12;4096;32;16;16;ssandPile;ocl_hybrid;default;1000;static;cores;;4partout;90;514876;-1;-1
img2d;patrin;GCC-12;4096;32;16;16;ssandPile;ocl_hybrid;default;1000;static;cores;;4partout;10;1789387;-1;-1
img2d;patrin;GCC-12;4096;32;16;16;ssandPile;ocl_hybrid;default;1000;static;cores;;4partout;20;1450265;-1;-1
img2d;patrin;GCC-12;4096;32;16;16;ssandPile;ocl_hybrid;default;1000;static;cores;;4partout;30;1118330;-1;-1
img2d;patrin;GCC-12;4096;32;16;16;ssandPile;ocl_hybrid;default;1000;static;cores;;4partout;40;742624;-1;-1
img2d;patrin;GCC-12;4096;32;16;16;ssandPile;ocl_hybrid;default;1000;static;cores;;4partout;50;426417;-1;-1
img2d;patrin;GCC-12;4096;32;16;16;ssandPile;ocl_hybrid;default;1000;static;cores;;4partout;60;364832;-1;-1
img2d;patrin;GCC-12;4096;32;16;16;ssandPile;ocl_hybrid;default;1000;static;cores;;4partout;70;412041;-1;-1
img2d;patrin;GCC-12;4096;32;16;16;ssandPile;ocl_hybrid;default;1000;static;cores;;4partout;80;461267;-1;-1
img2d;patrin;GCC-12;4096;32;16;16;ssandPile;ocl_hybrid;default;1000;static;cores;;4partout;90;514776;-1;-1
img2d;patrin;GCC-12;4096;32;16;16;ssandPile;ocl_hybrid;default;1000;static;cores;;4partout;10;1792767;-1;-1
img2d;patrin;GCC-12;4096;32;16;16;ssandPile;ocl_hybrid;default;1000;static;cores;;4partout;20;1451379;-1;-1
img2d;patrin;GCC-12;4096;32;16;16;ssandPile;ocl_hybrid;default;1000;static;cores;;4partout;30;1128047;-1;-1
img2d;patrin;GCC-12;4096;32;16;16;ssandPile;ocl_hybrid;default;1000;static;cores;;4partout;40;751227;-1;-1
img2d;patrin;GCC-12;4096;32;16;16;ssandPile;ocl_hybrid;default;1000;static;cores;;4partout;50;405323;-1;-1
img2d;patrin;GCC-12;4096;32;16;16;ssandPile;ocl_hybrid;default;1000;static;cores;;4partout;60;363553;-1;-1
img2d;patrin;GCC-12;4096;32;16;16;ssandPile;ocl_hybrid;default;1000;static;cores;;4partout;70;411975;-1;-1
img2d;patrin;GCC-12;4096;32;16;16;ssandPile;ocl_hybrid;default;1000;static;cores;;4partout;80;461420;-1;-1
img2d;patrin;GCC-12;4096;32;16;16;ssandPile;ocl_hybrid;default;1000;static;cores;;4partout;90;514762;-1;-1
img2d;patrin;GCC-12;4096;32;16;16;ssandPile;ocl_hybrid;default;1000;static;cores;;4partout;10;1803108;-1;-1
img2d;patrin;GCC-12;4096;32;16;16;ssandPile;ocl_hybrid;default;1000;static;cores;;4partout;20;1456536;-1;-1
img2d;patrin;GCC-12;4096;32;16;16;ssandPile;ocl_hybrid;default;1000;static;cores;;4partout;30;1109671;-1;-1
img2d;patrin;GCC-12;4096;32;16;16;ssandPile;ocl_hybrid;default;1000;static;cores;;4partout;40;752512;-1;-1
img2d;patrin;GCC-12;4096;32;16;16;ssandPile;ocl_hybrid;default;1000;static;cores;;4partout;50;409702;-1;-1
img2d;patrin;GCC-12;4096;32;16;16;ssandPile;ocl_hybrid;default;1000;static;cores;;4partout;60;362974;-1;-1
img2d;patrin;GCC-12;4096;32;16;16;ssandPile;ocl_hybrid;default;1000;static;cores;;4partout;70;412428;-1;-1
img2d;patrin;GCC-12;4096;32;16;16;ssandPile;ocl_hybrid;default;1000;static;cores;;4partout;80;461547;-1;-1
img2d;patrin;GCC-12;4096;32;16;16;ssandPile;ocl_hybrid;default;1000;static;cores;;4partout;90;514692;-1;-1
img2d;patrin;GCC-12;4096;32;16;16;ssandPile;ocl_hybrid;default;1000;static;cores;;4partout;10;1798378;-1;-1
img2d;patrin;GCC-12;4096;32;16;16;ssandPile;ocl_hybrid;default;1000;static;cores;;4partout;20;1469054;-1;-1
img2d;patrin;GCC-12;4096;32;16;16;ssandPile;ocl_hybrid;default;1000;static;cores;;4partout;30;1110070;-1;-1
img2d;patrin;GCC-12;4096;32;16;16;ssandPile;ocl_hybrid;default;1000;static;cores;;4partout;40;761246;-1;-1
img2d;patrin;GCC-12;4096;32;16;16;ssandPile;ocl_hybrid;default;1000;static;cores;;4partout;50;412861;-1;-1
img2d;patrin;GCC-12;4096;32;16;16;ssandPile;ocl_hybrid;default;1000;static;cores;;4partout;60;364800;-1;-1
img2d;patrin;GCC-12;4096;32;16;16;ssandPile;ocl_hybrid;default;1000;static;cores;;4partout;70;412191;-1;-1
img2d;patrin;GCC-12;4096;32;16;16;ssandPile;ocl_hybrid;default;1000;static;cores;;4partout;80;461142;-1;-1
img2d;patrin;GCC-12;4096;32;16;16;ssandPile;ocl_hybrid;default;1000;static;cores;;4partout;90;514767;-1;-1
img2d;patrin;GCC-12;4096;32;16;16;ssandPile;ocl_hybrid;default;1000;static;cores;;4partout;10;1808605;-1;-1
img2d;patrin;GCC-12;4096;32;16;16;ssandPile;ocl_hybrid;default;1000;static;cores;;4partout;20;1456357;-1;-1
img2d;patrin;GCC-12;4096;32;16;16;ssandPile;ocl_hybrid;default;1000;static;cores;;4partout;30;1123353;-1;-1
img2d;patrin;GCC-12;4096;32;16;16;ssandPile;ocl_hybrid;default;1000;static;cores;;4partout;40;757725;-1;-1
img2d;patrin;GCC-12;4096;32;16;16;ssandPile;ocl_hybrid;default;1000;static;cores;;4partout;50;413463;-1;-1
img2d;patrin;GCC-12;4096;32;16;16;ssandPile;ocl_hybrid;default;1000;static;cores;;4partout;60;364515;-1;-1
img2d;patrin;GCC-12;4096;32;16;16;ssandPile;ocl_hybrid;default;1000;static;cores;;4partout;70;412011;-1;-1
img2d;patrin;GCC-12;4096;32;16;16;ssandPile;ocl_hybrid;default;1000;static;cores;;4partout;80;461249;-1;-1
img2d;patrin;GCC-12;4096;32;16;16;ssandPile;ocl_hybrid;default;1000;static;cores;;4partout;90;515131;-1;-1
img2d;patrin;GCC-12;4096;32;16;16;ssandPile;ocl_hybrid;default;1000;static;cores;;4partout;10;1806217;-1;-1
img2d;patrin;GCC-12;4096;32;16;16;ssandPile;ocl_hybrid;default;1000;static;cores;;4partout;20;1460198;-1;-1
img2d;patrin;GCC-12;4096;32;16;16;ssandPile;ocl_hybrid;default;1000;static;cores;;4partout;30;1115347;-1;-1
img2d;patrin;GCC-12;4096;32;16;16;ssandPile;ocl_hybrid;default;1000;static;cores;;4partout;40;757203;-1;-1
img2d;patrin;GCC-12;4096;32;16;16;ssandPile;ocl_hybrid;default;1000;static;cores;;4partout;50;415301;-1;-1
img2d;patrin;GCC-12;4096;32;16;16;ssandPile;ocl_hybrid;default;1000;static;cores;;4partout;60;363745;-1;-1
img2d;patrin;GCC-12;4096;32;16;16;ssandPile;ocl_hybrid;default;1000;static;cores;;4partout;70;412216;-1;-1
img2d;patrin;GCC-12;4096;32;16;16;ssandPile;ocl_hybrid;default;1000;static;cores;;4partout;80;461116;-1;-1
img2d;patrin;GCC-12;4096;32;16;16;ssandPile;ocl_hybrid;default;1000;static;cores;;4partout;90;514935;-1;-1
img2d;patrin;GCC-12;4096;32;16;16;ssandPile;ocl_hybrid;default;1000;static;cores;;4partout;10;1797434;-1;-1
img2d;patrin;GCC-12;4096;32;16;16;ssandPile;ocl_hybrid;default;1000;static;cores;;4partout;20;1464907;-1;-1
img2d;patrin;GCC-12;4096;32;16;16;ssandPile;ocl_hybrid;default;1000;static;cores;;4partout;30;1118828;-1;-1
img2d;patrin;GCC-12;4096;32;16;16;ssandPile;ocl_hybrid;default;1000;static;cores;;4partout;40;784355;-1;-1
img2d;patrin;GCC-12;4096;32;16;16;ssandPile;ocl_hybrid;default;1000;static;cores;;4partout;50;415365;-1;-1
img2d;patrin;GCC-12;4096;32;16;16;ssandPile;ocl_hybrid;default;1000;static;cores;;4partout;60;365792;-1;-1
img2d;patrin;GCC-12;4096;32;16;16;ssandPile;ocl_hybrid;default;1000;static;cores;;4partout;70;412338;-1;-1
img2d;patrin;GCC-12;4096;32;16;16;ssandPile;ocl_hybrid;default;1000;static;cores;;4partout;80;461595;-1;-1
img2d;patrin;GCC-12;4096;32;16;16;ssandPile;ocl_hybrid;default;1000;static;cores;;4partout;90;514935;-1;-1
img2d;patrin;GCC-12;4096;32;16;16;ssandPile;ocl_hybrid;default;1000;static;cores;;4partout;10;1807936;-1;-1
img2d;patrin;GCC-12;4096;32;16;16;ssandPile;ocl_hybrid;default;1000;static;cores;;4partout;20;1458381;-1;-1
img2d;patrin;GCC-12;4096;32;16;16;ssandPile;ocl_hybrid;default;1000;static;cores;;4partout;30;1120906;-1;-1
img2d;patrin;GCC-12;4096;32;16;16;ssandPile;ocl_hybrid;default;1000;static;cores;;4partout;40;766669;-1;-1
img2d;patrin;GCC-12;4096;32;16;16;ssandPile;ocl_hybrid;default;1000;static;cores;;4partout;50;417433;-1;-1
img2d;patrin;GCC-12;4096;32;16;16;ssandPile;ocl_hybrid;default;1000;static;cores;;4partout;60;363551;-1;-1
img2d;patrin;GCC-12;4096;32;16;16;ssandPile;ocl_hybrid;default;1000;static;cores;;4partout;70;412014;-1;-1
img2d;patrin;GCC-12;4096;32;16;16;ssandPile;ocl_hybrid;default;1000;static;cores;;4partout;80;461455;-1;-1
img2d;patrin;GCC-12;4096;32;16;16;ssandPile;ocl_hybrid;default;1000;static;cores;;4partout;90;515112;-1;-1
img2d;patrin;GCC-12;4096;32;16;16;ssandPile;ocl_hybrid;default;1000;static;cores;;4partout;10;1796175;-1;-1
img2d;patrin;GCC-12;4096;32;16;16;ssandPile;ocl_hybrid;default;1000;static;cores;;4partout;20;1465120;-1;-1
img2d;patrin;GCC-12;4096;32;16;16;ssandPile;ocl_hybrid;default;1000;static;cores;;4partout;30;1116104;-1;-1
img2d;patrin;GCC-12;4096;32;16;16;ssandPile;ocl_hybrid;default;1000;static;cores;;4partout;40;753224;-1;-1
img2d;patrin;GCC-12;4096;32;16;16;ssandPile;ocl_hybrid;default;1000;static;cores;;4partout;50;410573;-1;-1
img2d;patrin;GCC-12;4096;32;16;16;ssandPile;ocl_hybrid;default;1000;static;cores;;4partout;60;363830;-1;-1
img2d;patrin;GCC-12;4096;32;16;16;ssandPile;ocl_hybrid;default;1000;static;cores;;4partout;70;412291;-1;-1
img2d;patrin;GCC-12;4096;32;16;16;ssandPile;ocl_hybrid;default;1000;static;cores;;4partout;80;519410;-1;-1
img2d;patrin;GCC-12;4096;32;16;16;ssandPile;ocl_hybrid;default;1000;static;cores;;4partout;90;515330;-1;-1
img2d;patrin;GCC-12;4096;32;16;16;ssandPile;ocl_hybrid;default;1000;static;cores;;4partout;10;1800912;-1;-1
img2d;patrin;GCC-12;4096;32;16;16;ssandPile;ocl_hybrid;default;1000;static;cores;;4partout;20;1464998;-1;-1
img2d;patrin;GCC-12;4096;32;16;16;ssandPile;ocl_hybrid;default;1000;static;cores;;4partout;30;1180435;-1;-1
img2d;patrin;GCC-12;4096;32;16;16;ssandPile;ocl_hybrid;default;1000;static;cores;;4partout;40;764042;-1;-1
img2d;patrin;GCC-12;4096;32;16;16;ssandPile;ocl_hybrid;default;1000;static;cores;;4partout;50;401462;-1;-1
img2d;patrin;GCC-12;4096;32;16;16;ssandPile;ocl_hybrid;default;1000;static;cores;;4partout;60;363745;-1;-1
img2d;patrin;GCC-12;4096;32;16;16;ssandPile;ocl_hybrid;default;1000;static;cores;;4partout;70;412420;-1;-1
img2d;patrin;GCC-12;4096;32;16;16;ssandPile;ocl_hybrid;default;1000;static;cores;;4partout;80;461652;-1;-1
img2d;patrin;GCC-12;4096;32;16;16;ssandPile;ocl_hybrid;default;1000;static;cores;;4partout;90;514739;-1;-1
img2d;patrin;GCC-12;4096;32;16;16;ssandPile;ocl_hybrid;default;1000;static;cores;;4partout;10;1792953;-1;-1
img2d;patrin;GCC-12;4096;32;16;16;ssandPile;ocl_hybrid;default;1000;static;cores;;4partout;20;1468873;-1;-1
img2d;patrin;GCC-12;4096;32;16;16;ssandPile;ocl_hybrid;default;1000;static;cores;;4partout;30;1114758;-1;-1
img2d;patrin;GCC-12;4096;32;16;16;ssandPile;ocl_hybrid;default;1000;static;cores;;4partout;40;758969;-1;-1
img2d;patrin;GCC-12;4096;32;16;16;ssandPile;ocl_hybrid;default;1000;static;cores;;4partout;50;409681;-1;-1
img2d;patrin;GCC-12;4096;32;16;16;ssandPile;ocl_hybrid;default;1000;static;cores;;4partout;60;363505;-1;-1
img2d;patrin;GCC-12;4096;32;16;16;ssandPile;ocl_hybrid;default;1000;static;cores;;4partout;70;410840;-1;-1
img2d;patrin;GCC-12;4096;32;16;16;ssandPile;ocl_hybrid;default;1000;static;cores;;4partout;80;460001;-1;-1
img2d;patrin;GCC-12;4096;32;16;16;ssandPile;ocl_hybrid;default;1000;static;cores;;4partout;90;513279;-1;-1
img2d;patrin;GCC-12;4096;32;16;16;ssandPile;ocl_hybrid;default;1000;static;cores;;4partout;10;1799050;-1;-1
img2d;patrin;GCC-12;4096;32;16;16;ssandPile;ocl_hybrid;default;1000;static;cores;;4partout;20;1481030;-1;-1
img2d;patrin;GCC-12;4096;32;16;16;ssandPile;ocl_hybrid;default;1000;static;cores;;4partout;30;1116751;-1;-1
img2d;patrin;GCC-12;4096;32;16;16;ssandPile;ocl_hybrid;default;1000;static;cores;;4partout;40;766980;-1;-1
img2d;patrin;GCC-12;4096;32;16;16;ssandPile;ocl_hybrid;default;1000;static;cores;;4partout;50;416221;-1;-1
img2d;patrin;GCC-12;4096;32;16;16;ssandPile;ocl_hybrid;default;1000;static;cores;;4partout;60;362494;-1;-1
img2d;patrin;GCC-12;4096;32;16;16;ssandPile;ocl_hybrid;default;1000;static;cores;;4partout;70;410998;-1;-1
img2d;patrin;GCC-12;4096;32;16;16;ssandPile;ocl_hybrid;default;1000;static;cores;;4partout;80;460285;-1;-1
img2d;patrin;GCC-12;4096;32;16;16;ssandPile;ocl_hybrid;default;1000;static;cores;;4partout;90;513415;-1;-1
img2d;patrin;GCC-12;4096;32;16;16;ssandPile;ocl_hybrid;default;1000;static;cores;;4partout;10;1795016;-1;-1
img2d;patrin;GCC-12;4096;32;16;16;ssandPile;ocl_hybrid;default;1000;static;cores;;4partout;20;1464224;-1;-1
img2d;patrin;GCC-12;4096;32;16;16;ssandPile;ocl_hybrid;default;1000;static;cores;;4partout;30;1124115;-1;-1
img2d;patrin;GCC-12;4096;32;16;16;ssandPile;ocl_hybrid;default;1000;static;cores;;4partout;40;772559;-1;-1
img2d;patrin;GCC-12;4096;32;16;16;ssandPile;ocl_hybrid;default;1000;static;cores;;4partout;50;439284;-1;-1
img2d;patrin;GCC-12;4096;32;16;16;ssandPile;ocl_hybrid;default;1000;static;cores;;4partout;60;362667;-1;-1
img2d;patrin;GCC-12;4096;32;16;16;ssandPile;ocl_hybrid;default;1000;static;cores;;4partout;70;411374;-1;-1
img2d;patrin;GCC-12;4096;32;16;16;ssandPile;ocl_hybrid;default;1000;static;cores;;4partout;80;470571;-1;-1
img2d;patrin;GCC-12;4096;32;16;16;ssandPile;ocl_hybrid;default;1000;static;cores;;4partout;90;513394;-1;-1
img2d;patrin;GCC-12;4096;32;16;16;ssandPile;ocl_hybrid;default;1000;static;cores;;4partout;10;1799463;-1;-1
img2d;patrin;GCC-12;4096;32;16;16;ssandPile;ocl_hybrid;default;1000;static;cores;;4partout;20;1456235;-1;-1
img2d;patrin;GCC-12;4096;32;16;16;ssandPile;ocl_hybrid;default;1000;static;cores;;4partout;30;1110681;-1;-1
img2d;patrin;GCC-12;4096;32;16;16;ssandPile;ocl_hybrid;default;1000;static;cores;;4partout;40;764085;-1;-1
img2d;patrin;GCC-12;4096;32;16;16;ssandPile;ocl_hybrid;default;1000;static;cores;;4partout;50;415780;-1;-1
img2d;patrin;GCC-12;4096;32;16;16;ssandPile;ocl_hybrid;default;1000;static;cores;;4partout;60;362764;-1;-1
img2d;patrin;GCC-12;4096;32;16;16;ssandPile;ocl_hybrid;default;1000;static;cores;;4partout;70;411559;-1;-1
img2d;patrin;GCC-12;4096;32;16;16;ssandPile;ocl_hybrid;default;1000;static;cores;;4partout;80;460063;-1;-1
img2d;patrin;GCC-12;4096;32;16;16;ssandPile;ocl_hybrid;default;1000;static;cores;;4partout;90;513163;-1;-1
img2d;patrin;GCC-12;4096;32;16;16;ssandPile;ocl_hybrid;default;1000;static;cores;;4partout;10;1791455;-1;-1
img2d;patrin;GCC-12;4096;32;16;16;ssandPile;ocl_hybrid;default;1000;static;cores;;4partout;20;1453834;-1;-1
img2d;patrin;GCC-12;4096;32;16;16;ssandPile;ocl_hybrid;default;1000;static;cores;;4partout;30;1106859;-1;-1
img2d;patrin;GCC-12;4096;32;16;16;ssandPile;ocl_hybrid;default;1000;static;cores;;4partout;40;744248;-1;-1
img2d;patrin;GCC-12;4096;32;16;16;ssandPile;ocl_hybrid;default;1000;static;cores;;4partout;50;437995;-1;-1
img2d;patrin;GCC-12;4096;32;16;16;ssandPile;ocl_hybrid;default;1000;static;cores;;4partout;60;362817;-1;-1
img2d;patrin;GCC-12;4096;32;16;16;ssandPile;ocl_hybrid;default;1000;static;cores;;4partout;70;411575;-1;-1
img2d;patrin;GCC-12;4096;32;16;16;ssandPile;ocl_hybrid;default;1000;static;cores;;4partout;80;460689;-1;-1
img2d;patrin;GCC-12;4096;32;16;16;ssandPile;ocl_hybrid;default;1000;static;cores;;4partout;90;513773;-1;-1
img2d;patrin;GCC-12;4096;32;16;16;ssandPile;ocl_hybrid;default;1000;static;cores;;4partout;10;1804415;-1;-1
img2d;patrin;GCC-12;4096;32;16;16;ssandPile;ocl_hybrid;default;1000;static;cores;;4partout;20;1459877;-1;-1
img2d;patrin;GCC-12;4096;32;16;16;ssandPile;ocl_hybrid;default;1000;static;cores;;4partout;30;1124722;-1;-1
img2d;patrin;GCC-12;4096;32;16;16;ssandPile;ocl_hybrid;default;1000;static;cores;;4partout;40;762996;-1;-1
img2d;patrin;GCC-12;4096;32;16;16;ssandPile;ocl_hybrid;default;1000;static;cores;;4partout;50;416872;-1;-1
img2d;patrin;GCC-12;4096;32;16;16;ssandPile;ocl_hybrid;default;1000;static;cores;;4partout;60;364027;-1;-1
img2d;patrin;GCC-12;4096;32;16;16;ssandPile;ocl_hybrid;default;1000;static;cores;;4partout;70;411705;-1;-1
img2d;patrin;GCC-12;4096;32;16;16;ssandPile;ocl_hybrid;default;1000;static;cores;;4partout;80;460852;-1;-1
img2d;patrin;GCC-12;4096;32;16;16;ssandPile;ocl_hybrid;default;1000;static;cores;;4partout;90;513946;-1;-1
img2d;patrin;GCC-12;4096;32;16;16;ssandPile;ocl_hybrid;default;1000;static;cores;;4partout;10;1809275;-1;-1
img2d;patrin;GCC-12;4096;32;16;16;ssandPile;ocl_hybrid;default;1000;static;cores;;4partout;20;1449617;-1;-1
img2d;patrin;GCC-12;4096;32;16;16;ssandPile;ocl_hybrid;default;1000;static;cores;;4partout;30;1127205;-1;-1
img2d;patrin;GCC-12;4096;32;16;16;ssandPile;ocl_hybrid;default;1000;static;cores;;4partout;40;758227;-1;-1
img2d;patrin;GCC-12;4096;32;16;16;ssandPile;ocl_hybrid;default;1000;static;cores;;4partout;50;407409;-1;-1
img2d;patrin;GCC-12;4096;32;16;16;ssandPile;ocl_hybrid;default;1000;static;cores;;4partout;60;363443;-1;-1
img2d;patrin;GCC-12;4096;32;16;16;ssandPile;ocl_hybrid;default;1000;static;cores;;4partout;70;412004;-1;-1
img2d;patrin;GCC-12;4096;32;16;16;ssandPile;ocl_hybrid;default;1000;static;cores;;4partout;80;460925;-1;-1
img2d;patrin;GCC-12;4096;32;16;16;ssandPile;ocl_hybrid;default;1000;static;cores;;4partout;90;513814;-1;-1
img2d;patrin;GCC-12;4096;32;16;16;ssandPile;ocl_hybrid;default;1000;static;cores;;4partout;10;1807988;-1;-1
img2d;patrin;GCC-12;4096;32;16;16;ssandPile;ocl_hybrid;default;1000;static;cores;;4partout;20;1450849;-1;-1
img2d;patrin;GCC-12;4096;32;16;16;ssandPile;ocl_hybrid;default;1000;static;cores;;4partout;30;1123859;-1;-1
img2d;patrin;GCC-12;4096;32;16;16;ssandPile;ocl_hybrid;default;1000;static;cores;;4partout;40;751384;-1;-1
img2d;patrin;GCC-12;4096;32;16;16;ssandPile;ocl_hybrid;default;1000;static;cores;;4partout;50;414956;-1;-1
img2d;patrin;GCC-12;4096;32;16;16;ssandPile;ocl_hybrid;default;1000;static;cores;;4partout;60;363296;-1;-1
img2d;patrin;GCC-12;4096;32;16;16;ssandPile;ocl_hybrid;default;1000;static;cores;;4partout;70;411901;-1;-1
img2d;patrin;GCC-12;4096;32;16;16;ssandPile;ocl_hybrid;default;1000;static;cores;;4partout;80;460945;-1;-1
img2d;patrin;GCC-12;4096;32;16;16;ssandPile;ocl_hybrid;default;1000;static;cores;;4partout;90;514002;-1;-1
img2d;patrin;GCC-12;4096;32;16;16;ssandPile;ocl_hybrid;default;1000;static;cores;;4partout;10;1804752;-1;-1
img2d;patrin;GCC-12;4096;32;16;16;ssandPile;ocl_hybrid;default;1000;static;cores;;4partout;20;1446541;-1;-1
img2d;patrin;GCC-12;4096;32;16;16;ssandPile;ocl_hybrid;default;1000;static;cores;;4partout;30;1119318;-1;-1
img2d;patrin;GCC-12;4096;32;16;16;ssandPile;ocl_hybrid;default;1000;static;cores;;4partout;40;758070;-1;-1
img2d;patrin;GCC-12;4096;32;16;16;ssandPile;ocl_hybrid;default;1000;static;cores;;4partout;50;410815;-1;-1
img2d;patrin;GCC-12;4096;32;16;16;ssandPile;ocl_hybrid;default;1000;static;cores;;4partout;60;364000;-1;-1
img2d;patrin;GCC-12;4096;32;16;16;ssandPile;ocl_hybrid;default;1000;static;cores;;4partout;70;411659;-1;-1
img2d;patrin;GCC-12;4096;32;16;16;ssandPile;ocl_hybrid;default;1000;static;cores;;4partout;80;460794;-1;-1
img2d;patrin;GCC-12;4096;32;16;16;ssandPile;ocl_hybrid;default;1000;static;cores;;4partout;90;513956;-1;-1
img2d;patrin;GCC-12;4096;32;16;16;ssandPile;ocl_hybrid;default;1000;static;cores;;4partout;10;1798934;-1;-1
img2d;patrin;GCC-12;4096;32;16;16;ssandPile;ocl_hybrid;default;1000;static;cores;;4partout;20;1461089;-1;-1
img2d;patrin;GCC-12;4096;32;16;16;ssandPile;ocl_hybrid;default;1000;static;cores;;4partout;30;1123226;-1;-1
img2d;patrin;GCC-12;4096;32;16;16;ssandPile;ocl_hybrid;default;1000;static;cores;;4partout;40;758121;-1;-1
img2d;patrin;GCC-12;4096;32;16;16;ssandPile;ocl_hybrid;default;1000;static;cores;;4partout;50;438013;-1;-1
img2d;patrin;GCC-12;4096;32;16;16;ssandPile;ocl_hybrid;default;1000;static;cores;;4partout;60;362927;-1;-1
img2d;patrin;GCC-12;4096;32;16;16;ssandPile;ocl_hybrid;default;1000;static;cores;;4partout;70;412042;-1;-1
img2d;patrin;GCC-12;4096;32;16;16;ssandPile;ocl_hybrid;default;1000;static;cores;;4partout;80;460832;-1;-1
img2d;patrin;GCC-12;4096;32;16;16;ssandPile;ocl_hybrid;default;1000;static;cores;;4partout;90;514035;-1;-1
img2d;patrin;GCC-12;4096;32;16;16;ssandPile;ocl_hybrid;default;1000;static;cores;;4partout;10;1798579;-1;-1
img2d;patrin;GCC-12;4096;32;16;16;ssandPile;ocl_hybrid;default;1000;static;cores;;4partout;20;1465094;-1;-1
img2d;patrin;GCC-12;4096;32;16;16;ssandPile;ocl_hybrid;default;1000;static;cores;;4partout;30;1124165;-1;-1
img2d;patrin;GCC-12;4096;32;16;16;ssandPile;ocl_hybrid;default;1000;static;cores;;4partout;40;752023;-1;-1
img2d;patrin;GCC-12;4096;32;16;16;ssandPile;ocl_hybrid;default;1000;static;cores;;4partout;50;410079;-1;-1
img2d;patrin;GCC-12;4096;32;16;16;ssandPile;ocl_hybrid;default;1000;static;cores;;4partout;60;363348;-1;-1
img2d;patrin;GCC-12;4096;32;16;16;ssandPile;ocl_hybrid;default;1000;static;cores;;4partout;70;412031;-1;-1
img2d;patrin;GCC-12;4096;32;16;16;ssandPile;ocl_hybrid;default;1000;static;cores;;4partout;80;460943;-1;-1
img2d;patrin;GCC-12;4096;32;16;16;ssandPile;ocl_hybrid;default;1000;static;cores;;4partout;90;514048;-1;-1
img2d;patrin;GCC-12;4096;32;16;16;ssandPile;ocl_hybrid;default;1000;static;cores;;4partout;10;1803041;-1;-1
img2d;patrin;GCC-12;4096;32;16;16;ssandPile;ocl_hybrid;default;1000;static;cores;;4partout;20;1453780;-1;-1
img2d;patrin;GCC-12;4096;32;16;16;ssandPile;ocl_hybrid;default;1000;static;cores;;4partout;30;1122891;-1;-1
img2d;patrin;GCC-12;4096;32;16;16;ssandPile;ocl_hybrid;default;1000;static;cores;;4partout;40;757410;-1;-1
img2d;patrin;GCC-12;4096;32;16;16;ssandPile;ocl_hybrid;default;1000;static;cores;;4partout;50;429843;-1;-1
img2d;patrin;GCC-12;4096;32;16;16;ssandPile;ocl_hybrid;default;1000;static;cores;;4partout;60;363749;-1;-1
img2d;patrin;GCC-12;4096;32;16;16;ssandPile;ocl_hybrid;default;1000;static;cores;;4partout;70;411354;-1;-1
img2d;patrin;GCC-12;4096;32;16;16;ssandPile;ocl_hybrid;default;1000;static;cores;;4partout;80;460528;-1;-1
img2d;patrin;GCC-12;4096;32;16;16;ssandPile;ocl_hybrid;default;1000;static;cores;;4partout;90;514082;-1;-1
img2d;patrin;GCC-12;4096;32;16;16;ssandPile;ocl_hybrid;default;1000;static;cores;;4partout;10;1806270;-1;-1
img2d;patrin;GCC-12;4096;32;16;16;ssandPile;ocl_hybrid;default;1000;static;cores;;4partout;20;1464230;-1;-1
img2d;patrin;GCC-12;4096;32;16;16;ssandPile;ocl_hybrid;default;1000;static;cores;;4partout;30;1109745;-1;-1
img2d;patrin;GCC-12;4096;32;16;16;ssandPile;ocl_hybrid;default;1000;static;cores;;4partout;40;739136;-1;-1
img2d;patrin;GCC-12;4096;32;16;16;ssandPile;ocl_hybrid;default;1000;static;cores;;4partout;50;431333;-1;-1
img2d;patrin;GCC-12;4096;32;16;16;ssandPile;ocl_hybrid;default;1000;static;cores;;4partout;60;364025;-1;-1
img2d;patrin;GCC-12;4096;32;16;16;ssandPile;ocl_hybrid;default;1000;static;cores;;4partout;70;411549;-1;-1
img2d;patrin;GCC-12;4096;32;16;16;ssandPile;ocl_hybrid;default;1000;static;cores;;4partout;80;460754;-1;-1
img2d;patrin;GCC-12;4096;32;16;16;ssandPile;ocl_hybrid;default;1000;static;cores;;4partout;90;514504;-1;-1
img2d;patrin;GCC-12;4096;32;16;16;ssandPile;ocl_hybrid;default;1000;static;cores;;4partout;10;1799666;-1;-1
img2d;patrin;GCC-12;4096;32;16;16;ssandPile;ocl_hybrid;default;1000;static;cores;;4partout;20;1446364;-1;-1
img2d;patrin;GCC-12;4096;32;16;16;ssandPile;ocl_hybrid;default;1000;static;cores;;4partout;30;1125211;-1;-1
img2d;patrin;GCC-12;4096;32;16;16;ssandPile;ocl_hybrid;default;1000;static;cores;;4partout;40;755697;-1;-1
img2d;patrin;GCC-12;4096;32;16;16;ssandPile;ocl_hybrid;default;1000;static;cores;;4partout;50;426648;-1;-1
img2d;patrin;GCC-12;4096;32;16;16;ssandPile;ocl_hybrid;default;1000;static;cores;;4partout;60;364387;-1;-1
img2d;patrin;GCC-12;4096;32;16;16;ssandPile;ocl_hybrid;default;1000;static;cores;;4partout;70;411804;-1;-1
img2d;patrin;GCC-12;4096;32;16;16;ssandPile;ocl_hybrid;default;1000;static;cores;;4partout;80;460792;-1;-1
img2d;patrin;GCC-12;4096;32;16;16;ssandPile;ocl_hybrid;default;1000;static;cores;;4partout;90;516110;-1;-1
img2d;patrin;GCC-12;4096;32;16;16;ssandPile;ocl_hybrid;default;1000;static;cores;;4partout;10;1810632;-1;-1
img2d;patrin;GCC-12;4096;32;16;16;ssandPile;ocl_hybrid;default;1000;static;cores;;4partout;20;1455507;-1;-1
img2d;patrin;GCC-12;4096;32;16;16;ssandPile;ocl_hybrid;default;1000;static;cores;;4partout;30;1126003;-1;-1
img2d;patrin;GCC-12;4096;32;16;16;ssandPile;ocl_hybrid;default;1000;static;cores;;4partout;40;756543;-1;-1
img2d;patrin;GCC-12;4096;32;16;16;ssandPile;ocl_hybrid;default;1000;static;cores;;4partout;50;402935;-1;-1
img2d;patrin;GCC-12;4096;32;16;16;ssandPile;ocl_hybrid;default;1000;static;cores;;4partout;60;363568;-1;-1
img2d;patrin;GCC-12;4096;32;16;16;ssandPile;ocl_hybrid;default;1000;static;cores;;4partout;70;412417;-1;-1
img2d;patrin;GCC-12;4096;32;16;16;ssandPile;ocl_hybrid;default;1000;static;cores;;4partout;80;461381;-1;-1
img2d;patrin;GCC-12;4096;32;16;16;ssandPile;ocl_hybrid;default;1000;static;cores;;4partout;90;515183;-1;-1
img2d;patrin;GCC-12;4096;32;16;16;ssandPile;ocl_hybrid;default;1000;static;cores;;4partout;10;1797608;-1;-1
img2d;patrin;GCC-12;4096;32;16;16;ssandPile;ocl_hybrid;default;1000;static;cores;;4partout;20;1451294;-1;-1
img2d;patrin;GCC-12;4096;32;16;16;ssandPile;ocl_hybrid;default;1000;static;cores;;4partout;30;1110568;-1;-1
img2d;patrin;GCC-12;4096;32;16;16;ssandPile;ocl_hybrid;default;1000;static;cores;;4partout;40;755280;-1;-1
img2d;patrin;GCC-12;4096;32;16;16;ssandPile;ocl_hybrid;default;1000;static;cores;;4partout;50;420310;-1;-1
img2d;patrin;GCC-12;4096;32;16;16;ssandPile;ocl_hybrid;default;1000;static;cores;;4partout;60;363487;-1;-1
img2d;patrin;GCC-12;4096;32;16;16;ssandPile;ocl_hybrid;default;1000;static;cores;;4partout;70;411613;-1;-1
img2d;patrin;GCC-12;4096;32;16;16;ssandPile;ocl_hybrid;default;1000;static;cores;;4partout;80;461694;-1;-1
img2d;patrin;GCC-12;4096;32;16;16;ssandPile;ocl_hybrid;default;1000;static;cores;;4partout;90;514841;-1;-1
img2d;patrin;GCC-12;4096;32;16;16;ssandPile;ocl_hybrid;default;1000;static;cores;;4partout;10;1809334;-1;-1
img2d;patrin;GCC-12;4096;32;16;16;ssandPile;ocl_hybrid;default;1000;static;cores;;4partout;20;1448124;-1;-1
img2d;patrin;GCC-12;4096;32;16;16;ssandPile;ocl_hybrid;default;1000;static;cores;;4partout;30;1114559;-1;-1
img2d;patrin;GCC-12;4096;32;16;16;ssandPile;ocl_hybrid;default;1000;static;cores;;4partout;40;755851;-1;-1
img2d;patrin;GCC-12;4096;32;16;16;ssandPile;ocl_hybrid;default;1000;static;cores;;4partout;50;418902;-1;-1
img2d;patrin;GCC-12;4096;32;16;16;ssandPile;ocl_hybrid;default;1000;static;cores;;4partout;60;364819;-1;-1
img2d;patrin;GCC-12;4096;32;16;16;ssandPile;ocl_hybrid;default;1000;static;cores;;4partout;70;412084;-1;-1
img2d;patrin;GCC-12;4096;32;16;16;ssandPile;ocl_hybrid;default;1000;static;cores;;4partout;80;461265;-1;-1
img2d;patrin;GCC-12;4096;32;16;16;ssandPile;ocl_hybrid;default;1000;static;cores;;4partout;90;514716;-1;-1
img2d;patrin;GCC-12;4096;32;16;16;ssandPile;ocl_hybrid;default;1000;static;cores;;4partout;10;1801291;-1;-1
img2d;patrin;GCC-12;4096;32;16;16;ssandPile;ocl_hybrid;default;1000;static;cores;;4partout;20;1464896;-1;-1
img2d;patrin;GCC-12;4096;32;16;16;ssandPile;ocl_hybrid;default;1000;static;cores;;4partout;30;1131940;-1;-1
img2d;patrin;GCC-12;4096;32;16;16;ssandPile;ocl_hybrid;default;1000;static;cores;;4partout;40;771108;-1;-1
img2d;patrin;GCC-12;4096;32;16;16;ssandPile;ocl_hybrid;default;1000;static;cores;;4partout;50;409323;-1;-1
img2d;patrin;GCC-12;4096;32;16;16;ssandPile;ocl_hybrid;default;1000;static;cores;;4partout;60;363727;-1;-1
img2d;patrin;GCC-12;4096;32;16;16;ssandPile;ocl_hybrid;default;1000;static;cores;;4partout;70;412657;-1;-1
img2d;patrin;GCC-12;4096;32;16;16;ssandPile;ocl_hybrid;default;1000;static;cores;;4partout;80;461599;-1;-1
img2d;patrin;GCC-12;4096;32;16;16;ssandPile;ocl_hybrid;default;1000;static;cores;;4partout;90;515278;-1;-1
img2d;patrin;GCC-12;4096;32;16;16;ssandPile;ocl_hybrid;default;1000;static;cores;;4partout;10;1793656;-1;-1
img2d;patrin;GCC-12;4096;32;16;16;ssandPile;ocl_hybrid;default;1000;static;cores;;4partout;20;1467753;-1;-1
img2d;patrin;GCC-12;4096;32;16;16;ssandPile;ocl_hybrid;default;1000;static;cores;;4partout;30;1117193;-1;-1
img2d;patrin;GCC-12;4096;32;16;16;ssandPile;ocl_hybrid;default;1000;static;cores;;4partout;40;751669;-1;-1
img2d;patrin;GCC-12;4096;32;16;16;ssandPile;ocl_hybrid;default;1000;static;cores;;4partout;50;408020;-1;-1
img2d;patrin;GCC-12;4096;32;16;16;ssandPile;ocl_hybrid;default;1000;static;cores;;4partout;60;363856;-1;-1
img2d;patrin;GCC-12;4096;32;16;16;ssandPile;ocl_hybrid;default;1000;static;cores;;4partout;70;412312;-1;-1
img2d;patrin;GCC-12;4096;32;16;16;ssandPile;ocl_hybrid;default;1000;static;cores;;4partout;80;461276;-1;-1
img2d;patrin;GCC-12;4096;32;16;16;ssandPile;ocl_hybrid;default;1000;static;cores;;4partout;90;514923;-1;-1
img2d;patrin;GCC-12;4096;32;16;16;ssandPile;ocl_hybrid;default;1000;static;cores;;4partout;10;1806061;-1;-1
img2d;patrin;GCC-12;4096;32;16;16;ssandPile;ocl_hybrid;default;1000;static;cores;;4partout;20;1460007;-1;-1
img2d;patrin;GCC-12;4096;32;16;16;ssandPile;ocl_hybrid;default;1000;static;cores;;4partout;30;1116324;-1;-1
img2d;patrin;GCC-12;4096;32;16;16;ssandPile;ocl_hybrid;default;1000;static;cores;;4partout;40;736499;-1;-1
img2d;patrin;GCC-12;4096;32;16;16;ssandPile;ocl_hybrid;default;1000;static;cores;;4partout;50;424711;-1;-1
img2d;patrin;GCC-12;4096;32;16;16;ssandPile;ocl_hybrid;default;1000;static;cores;;4partout;60;364582;-1;-1
img2d;patrin;GCC-12;4096;32;16;16;ssandPile;ocl_hybrid;default;1000;static;cores;;4partout;70;412527;-1;-1
img2d;patrin;GCC-12;4096;32;16;16;ssandPile;ocl_hybrid;default;1000;static;cores;;4partout;80;461549;-1;-1
img2d;patrin;GCC-12;4096;32;16;16;ssandPile;ocl_hybrid;default;1000;static;cores;;4partout;90;514975;-1;-1
img2d;patrin;GCC-12;1024;32;16;16;ssandPile;ocl_hybrid;default;4000;static;cores;;4partout;10;278359;-1;-1
img2d;patrin;GCC-12;1024;32;16;16;ssandPile;ocl_hybrid;default;4000;static;cores;;4partout;20;269305;-1;-1
img2d;patrin;GCC-12;1024;32;16;16;ssandPile;ocl_hybrid;default;4000;static;cores;;4partout;30;251466;-1;-1
img2d;patrin;GCC-12;1024;32;16;16;ssandPile;ocl_hybrid;default;4000;static;cores;;4partout;40;238905;-1;-1
img2d;patrin;GCC-12;1024;32;16;16;ssandPile;ocl_hybrid;default;4000;static;cores;;4partout;50;225711;-1;-1
img2d;patrin;GCC-12;1024;32;16;16;ssandPile;ocl_hybrid;default;4000;static;cores;;4partout;60;218634;-1;-1
img2d;patrin;GCC-12;1024;32;16;16;ssandPile;ocl_hybrid;default;4000;static;cores;;4partout;70;229836;-1;-1
img2d;patrin;GCC-12;1024;32;16;16;ssandPile;ocl_hybrid;default;4000;static;cores;;4partout;80;241001;-1;-1
img2d;patrin;GCC-12;1024;32;16;16;ssandPile;ocl_hybrid;default;4000;static;cores;;4partout;90;252480;-1;-1
img2d;patrin;GCC-12;1024;32;16;16;ssandPile;ocl_hybrid;default;4000;static;cores;;4partout;10;282288;-1;-1
img2d;patrin;GCC-12;1024;32;16;16;ssandPile;ocl_hybrid;default;4000;static;cores;;4partout;20;265867;-1;-1
img2d;patrin;GCC-12;1024;32;16;16;ssandPile;ocl_hybrid;default;4000;static;cores;;4partout;30;258933;-1;-1
img2d;patrin;GCC-12;1024;32;16;16;ssandPile;ocl_hybrid;default;4000;static;cores;;4partout;40;235131;-1;-1
img2d;patrin;GCC-12;1024;32;16;16;ssandPile;ocl_hybrid;default;4000;static;cores;;4partout;50;215861;-1;-1
img2d;patrin;GCC-12;1024;32;16;16;ssandPile;ocl_hybrid;default;4000;static;cores;;4partout;60;219212;-1;-1
img2d;patrin;GCC-12;1024;32;16;16;ssandPile;ocl_hybrid;default;4000;static;cores;;4partout;70;229303;-1;-1
img2d;patrin;GCC-12;1024;32;16;16;ssandPile;ocl_hybrid;default;4000;static;cores;;4partout;80;241523;-1;-1
img2d;patrin;GCC-12;1024;32;16;16;ssandPile;ocl_hybrid;default;4000;static;cores;;4partout;90;251803;-1;-1
img2d;patrin;GCC-12;1024;32;16;16;ssandPile;ocl_hybrid;default;4000;static;cores;;4partout;10;292234;-1;-1
img2d;patrin;GCC-12;1024;32;16;16;ssandPile;ocl_hybrid;default;4000;static;cores;;4partout;20;265281;-1;-1
img2d;patrin;GCC-12;1024;32;16;16;ssandPile;ocl_hybrid;default;4000;static;cores;;4partout;30;258063;-1;-1
img2d;patrin;GCC-12;1024;32;16;16;ssandPile;ocl_hybrid;default;4000;static;cores;;4partout;40;238312;-1;-1
img2d;patrin;GCC-12;1024;32;16;16;ssandPile;ocl_hybrid;default;4000;static;cores;;4partout;50;239327;-1;-1
img2d;patrin;GCC-12;1024;32;16;16;ssandPile;ocl_hybrid;default;4000;static;cores;;4partout;60;219366;-1;-1
img2d;patrin;GCC-12;1024;32;16;16;ssandPile;ocl_hybrid;default;4000;static;cores;;4partout;70;230342;-1;-1
img2d;patrin;GCC-12;1024;32;16;16;ssandPile;ocl_hybrid;default;4000;static;cores;;4partout;80;242147;-1;-1
img2d;patrin;GCC-12;1024;32;16;16;ssandPile;ocl_hybrid;default;4000;static;cores;;4partout;90;251750;-1;-1
img2d;patrin;GCC-12;1024;32;16;16;ssandPile;ocl_hybrid;default;4000;static;cores;;4partout;10;295788;-1;-1
img2d;patrin;GCC-12;1024;32;16;16;ssandPile;ocl_hybrid;default;4000;static;cores;;4partout;20;273514;-1;-1
img2d;patrin;GCC-12;1024;32;16;16;ssandPile;ocl_hybrid;default;4000;static;cores;;4partout;30;248139;-1;-1
img2d;patrin;GCC-12;1024;32;16;16;ssandPile;ocl_hybrid;default;4000;static;cores;;4partout;40;237284;-1;-1
img2d;patrin;GCC-12;1024;32;16;16;ssandPile;ocl_hybrid;default;4000;static;cores;;4partout;50;246230;-1;-1
img2d;patrin;GCC-12;1024;32;16;16;ssandPile;ocl_hybrid;default;4000;static;cores;;4partout;60;224384;-1;-1
img2d;patrin;GCC-12;1024;32;16;16;ssandPile;ocl_hybrid;default;4000;static;cores;;4partout;70;235347;-1;-1
img2d;patrin;GCC-12;1024;32;16;16;ssandPile;ocl_hybrid;default;4000;static;cores;;4partout;80;247190;-1;-1
img2d;patrin;GCC-12;1024;32;16;16;ssandPile;ocl_hybrid;default;4000;static;cores;;4partout;90;258739;-1;-1
img2d;patrin;GCC-12;1024;32;16;16;ssandPile;ocl_hybrid;default;4000;static;cores;;4partout;10;297795;-1;-1
img2d;patrin;GCC-12;1024;32;16;16;ssandPile;ocl_hybrid;default;4000;static;cores;;4partout;20;263194;-1;-1
img2d;patrin;GCC-12;1024;32;16;16;ssandPile;ocl_hybrid;default;4000;static;cores;;4partout;30;259381;-1;-1
img2d;patrin;GCC-12;1024;32;16;16;ssandPile;ocl_hybrid;default;4000;static;cores;;4partout;40;235709;-1;-1
img2d;patrin;GCC-12;1024;32;16;16;ssandPile;ocl_hybrid;default;4000;static;cores;;4partout;50;233982;-1;-1
img2d;patrin;GCC-12;1024;32;16;16;ssandPile;ocl_hybrid;default;4000;static;cores;;4partout;60;224278;-1;-1
img2d;patrin;GCC-12;1024;32;16;16;ssandPile;ocl_hybrid;default;4000;static;cores;;4partout;70;234658;-1;-1
img2d;patrin;GCC-12;1024;32;16;16;ssandPile;ocl_hybrid;default;4000;static;cores;;4partout;80;246565;-1;-1
img2d;patrin;GCC-12;1024;32;16;16;ssandPile;ocl_hybrid;default;4000;static;cores;;4partout;90;258878;-1;-1
img2d;patrin;GCC-12;1024;32;16;16;ssandPile;ocl_hybrid;default;4000;static;cores;;4partout;10;292216;-1;-1
img2d;patrin;GCC-12;1024;32;16;16;ssandPile;ocl_hybrid;default;4000;static;cores;;4partout;20;281900;-1;-1
img2d;patrin;GCC-12;1024;32;16;16;ssandPile;ocl_hybrid;default;4000;static;cores;;4partout;30;266452;-1;-1
img2d;patrin;GCC-12;1024;32;16;16;ssandPile;ocl_hybrid;default;4000;static;cores;;4partout;40;246348;-1;-1
img2d;patrin;GCC-12;1024;32;16;16;ssandPile;ocl_hybrid;default;4000;static;cores;;4partout;50;218088;-1;-1
img2d;patrin;GCC-12;1024;32;16;16;ssandPile;ocl_hybrid;default;4000;static;cores;;4partout;60;223735;-1;-1
img2d;patrin;GCC-12;1024;32;16;16;ssandPile;ocl_hybrid;default;4000;static;cores;;4partout;70;234387;-1;-1
img2d;patrin;GCC-12;1024;32;16;16;ssandPile;ocl_hybrid;default;4000;static;cores;;4partout;80;241280;-1;-1
img2d;patrin;GCC-12;1024;32;16;16;ssandPile;ocl_hybrid;default;4000;static;cores;;4partout;90;251732;-1;-1
img2d;patrin;GCC-12;1024;32;16;16;ssandPile;ocl_hybrid;default;4000;static;cores;;4partout;10;276913;-1;-1
img2d;patrin;GCC-12;1024;32;16;16;ssandPile;ocl_hybrid;default;4000;static;cores;;4partout;20;282049;-1;-1
img2d;patrin;GCC-12;1024;32;16;16;ssandPile;ocl_hybrid;default;4000;static;cores;;4partout;30;247750;-1;-1
img2d;patrin;GCC-12;1024;32;16;16;ssandPile;ocl_hybrid;default;4000;static;cores;;4partout;40;236512;-1;-1
img2d;patrin;GCC-12;1024;32;16;16;ssandPile;ocl_hybrid;default;4000;static;cores;;4partout;50;219306;-1;-1
img2d;patrin;GCC-12;1024;32;16;16;ssandPile;ocl_hybrid;default;4000;static;cores;;4partout;60;219592;-1;-1
img2d;patrin;GCC-12;1024;32;16;16;ssandPile;ocl_hybrid;default;4000;static;cores;;4partout;70;229409;-1;-1
img2d;patrin;GCC-12;1024;32;16;16;ssandPile;ocl_hybrid;default;4000;static;cores;;4partout;80;241819;-1;-1
img2d;patrin;GCC-12;1024;32;16;16;ssandPile;ocl_hybrid;default;4000;static;cores;;4partout;90;251457;-1;-1
img2d;patrin;GCC-12;1024;32;16;16;ssandPile;ocl_hybrid;default;4000;static;cores;;4partout;10;281188;-1;-1
img2d;patrin;GCC-12;1024;32;16;16;ssandPile;ocl_hybrid;default;4000;static;cores;;4partout;20;260492;-1;-1
img2d;patrin;GCC-12;1024;32;16;16;ssandPile;ocl_hybrid;default;4000;static;cores;;4partout;30;262628;-1;-1
img2d;patrin;GCC-12;1024;32;16;16;ssandPile;ocl_hybrid;default;4000;static;cores;;4partout;40;256689;-1;-1
img2d;patrin;GCC-12;1024;32;16;16;ssandPile;ocl_hybrid;default;4000;static;cores;;4partout;50;216813;-1;-1
img2d;patrin;GCC-12;1024;32;16;16;ssandPile;ocl_hybrid;default;4000;static;cores;;4partout;60;219460;-1;-1
img2d;patrin;GCC-12;1024;32;16;16;ssandPile;ocl_hybrid;default;4000;static;cores;;4partout;70;229414;-1;-1
img2d;patrin;GCC-12;1024;32;16;16;ssandPile;ocl_hybrid;default;4000;static;cores;;4partout;80;241737;-1;-1
img2d;patrin;GCC-12;1024;32;16;16;ssandPile;ocl_hybrid;default;4000;static;cores;;4partout;90;252386;-1;-1
img2d;patrin;GCC-12;1024;32;16;16;ssandPile;ocl_hybrid;default;4000;static;cores;;4partout;10;294093;-1;-1
img2d;patrin;GCC-12;1024;32;16;16;ssandPile;ocl_hybrid;default;4000;static;cores;;4partout;20;266811;-1;-1
img2d;patrin;GCC-12;1024;32;16;16;ssandPile;ocl_hybrid;default;4000;static;cores;;4partout;30;247160;-1;-1
img2d;patrin;GCC-12;1024;32;16;16;ssandPile;ocl_hybrid;default;4000;static;cores;;4partout;40;239518;-1;-1
img2d;patrin;GCC-12;1024;32;16;16;ssandPile;ocl_hybrid;default;4000;static;cores;;4partout;50;221108;-1;-1
img2d;patrin;GCC-12;1024;32;16;16;ssandPile;ocl_hybrid;default;4000;static;cores;;4partout;60;223914;-1;-1
img2d;patrin;GCC-12;1024;32;16;16;ssandPile;ocl_hybrid;default;4000;static;cores;;4partout;70;230834;-1;-1
img2d;patrin;GCC-12;1024;32;16;16;ssandPile;ocl_hybrid;default;4000;static;cores;;4partout;80;241649;-1;-1
img2d;patrin;GCC-12;1024;32;16;16;ssandPile;ocl_hybrid;default;4000;static;cores;;4partout;90;251977;-1;-1
img2d;patrin;GCC-12;1024;32;16;16;ssandPile;ocl_hybrid;default;4000;static;cores;;4partout;10;277410;-1;-1
img2d;patrin;GCC-12;1024;32;16;16;ssandPile;ocl_hybrid;default;4000;static;cores;;4partout;20;265718;-1;-1
img2d;patrin;GCC-12;1024;32;16;16;ssandPile;ocl_hybrid;default;4000;static;cores;;4partout;30;264729;-1;-1
img2d;patrin;GCC-12;1024;32;16;16;ssandPile;ocl_hybrid;default;4000;static;cores;;4partout;40;236010;-1;-1
img2d;patrin;GCC-12;1024;32;16;16;ssandPile;ocl_hybrid;default;4000;static;cores;;4partout;50;219052;-1;-1
img2d;patrin;GCC-12;1024;32;16;16;ssandPile;ocl_hybrid;default;4000;static;cores;;4partout;60;219683;-1;-1
img2d;patrin;GCC-12;1024;32;16;16;ssandPile;ocl_hybrid;default;4000;static;cores;;4partout;70;230184;-1;-1
img2d;patrin;GCC-12;1024;32;16;16;ssandPile;ocl_hybrid;default;4000;static;cores;;4partout;80;242113;-1;-1
img2d;patrin;GCC-12;1024;32;16;16;ssandPile;ocl_hybrid;default;4000;static;cores;;4partout;90;252055;-1;-1
img2d;patrin;GCC-12;1024;32;16;16;ssandPile;ocl_hybrid;default;4000;static;cores;;4partout;10;279202;-1;-1
img2d;patrin;GCC-12;1024;32;16;16;ssandPile;ocl_hybrid;default;4000;static;cores;;4partout;20;264222;-1;-1
img2d;patrin;GCC-12;1024;32;16;16;ssandPile;ocl_hybrid;default;4000;static;cores;;4partout;30;253093;-1;-1
img2d;patrin;GCC-12;1024;32;16;16;ssandPile;ocl_hybrid;default;4000;static;cores;;4partout;40;249230;-1;-1
img2d;patrin;GCC-12;1024;32;16;16;ssandPile;ocl_hybrid;default;4000;static;cores;;4partout;50;239767;-1;-1
img2d;patrin;GCC-12;1024;32;16;16;ssandPile;ocl_hybrid;default;4000;static;cores;;4partout;60;222904;-1;-1
img2d;patrin;GCC-12;1024;32;16;16;ssandPile;ocl_hybrid;default;4000;static;cores;;4partout;70;230609;-1;-1
img2d;patrin;GCC-12;1024;32;16;16;ssandPile;ocl_hybrid;default;4000;static;cores;;4partout;80;240960;-1;-1
img2d;patrin;GCC-12;1024;32;16;16;ssandPile;ocl_hybrid;default;4000;static;cores;;4partout;90;252316;-1;-1
img2d;patrin;GCC-12;1024;32;16;16;ssandPile;ocl_hybrid;default;4000;static;cores;;4partout;10;277294;-1;-1
img2d;patrin;GCC-12;1024;32;16;16;ssandPile;ocl_hybrid;default;4000;static;cores;;4partout;20;265723;-1;-1
img2d;patrin;GCC-12;1024;32;16;16;ssandPile;ocl_hybrid;default;4000;static;cores;;4partout;30;248842;-1;-1
img2d;patrin;GCC-12;1024;32;16;16;ssandPile;ocl_hybrid;default;4000;static;cores;;4partout;40;235532;-1;-1
img2d;patrin;GCC-12;1024;32;16;16;ssandPile;ocl_hybrid;default;4000;static;cores;;4partout;50;248857;-1;-1
img2d;patrin;GCC-12;1024;32;16;16;ssandPile;ocl_hybrid;default;4000;static;cores;;4partout;60;223943;-1;-1
img2d;patrin;GCC-12;1024;32;16;16;ssandPile;ocl_hybrid;default;4000;static;cores;;4partout;70;235644;-1;-1
img2d;patrin;GCC-12;1024;32;16;16;ssandPile;ocl_hybrid;default;4000;static;cores;;4partout;80;247758;-1;-1
img2d;patrin;GCC-12;1024;32;16;16;ssandPile;ocl_hybrid;default;4000;static;cores;;4partout;90;259063;-1;-1
img2d;patrin;GCC-12;1024;32;16;16;ssandPile;ocl_hybrid;default;4000;static;cores;;4partout;10;294026;-1;-1
img2d;patrin;GCC-12;1024;32;16;16;ssandPile;ocl_hybrid;default;4000;static;cores;;4partout;20;274156;-1;-1
img2d;patrin;GCC-12;1024;32;16;16;ssandPile;ocl_hybrid;default;4000;static;cores;;4partout;30;248778;-1;-1
img2d;patrin;GCC-12;1024;32;16;16;ssandPile;ocl_hybrid;default;4000;static;cores;;4partout;40;253295;-1;-1
img2d;patrin;GCC-12;1024;32;16;16;ssandPile;ocl_hybrid;default;4000;static;cores;;4partout;50;220490;-1;-1
img2d;patrin;GCC-12;1024;32;16;16;ssandPile;ocl_hybrid;default;4000;static;cores;;4partout;60;219834;-1;-1
img2d;patrin;GCC-12;1024;32;16;16;ssandPile;ocl_hybrid;default;4000;static;cores;;4partout;70;230395;-1;-1
img2d;patrin;GCC-12;1024;32;16;16;ssandPile;ocl_hybrid;default;4000;static;cores;;4partout;80;241783;-1;-1
img2d;patrin;GCC-12;1024;32;16;16;ssandPile;ocl_hybrid;default;4000;static;cores;;4partout;90;252363;-1;-1
img2d;patrin;GCC-12;1024;32;16;16;ssandPile;ocl_hybrid;default;4000;static;cores;;4partout;10;275122;-1;-1
img2d;patrin;GCC-12;1024;32;16;16;ssandPile;ocl_hybrid;default;4000;static;cores;;4partout;20;262857;-1;-1
img2d;patrin;GCC-12;1024;32;16;16;ssandPile;ocl_hybrid;default;4000;static;cores;;4partout;30;263299;-1;-1
img2d;patrin;GCC-12;1024;32;16;16;ssandPile;ocl_hybrid;default;4000;static;cores;;4partout;40;235148;-1;-1
img2d;patrin;GCC-12;1024;32;16;16;ssandPile;ocl_hybrid;default;4000;static;cores;;4partout;50;219683;-1;-1
img2d;patrin;GCC-12;1024;32;16;16;ssandPile;ocl_hybrid;default;4000;static;cores;;4partout;60;224597;-1;-1
img2d;patrin;GCC-12;1024;32;16;16;ssandPile;ocl_hybrid;default;4000;static;cores;;4partout;70;235865;-1;-1
img2d;patrin;GCC-12;1024;32;16;16;ssandPile;ocl_hybrid;default;4000;static;cores;;4partout;80;248308;-1;-1
img2d;patrin;GCC-12;1024;32;16;16;ssandPile;ocl_hybrid;default;4000;static;cores;;4partout;90;259434;-1;-1
img2d;patrin;GCC-12;1024;32;16;16;ssandPile;ocl_hybrid;default;4000;static;cores;;4partout;10;298928;-1;-1
img2d;patrin;GCC-12;1024;32;16;16;ssandPile;ocl_hybrid;default;4000;static;cores;;4partout;20;268114;-1;-1
img2d;patrin;GCC-12;1024;32;16;16;ssandPile;ocl_hybrid;default;4000;static;cores;;4partout;30;248739;-1;-1
img2d;patrin;GCC-12;1024;32;16;16;ssandPile;ocl_hybrid;default;4000;static;cores;;4partout;40;236339;-1;-1
img2d;patrin;GCC-12;1024;32;16;16;ssandPile;ocl_hybrid;default;4000;static;cores;;4partout;50;216290;-1;-1
img2d;patrin;GCC-12;1024;32;16;16;ssandPile;ocl_hybrid;default;4000;static;cores;;4partout;60;224979;-1;-1
img2d;patrin;GCC-12;1024;32;16;16;ssandPile;ocl_hybrid;default;4000;static;cores;;4partout;70;236066;-1;-1
img2d;patrin;GCC-12;1024;32;16;16;ssandPile;ocl_hybrid;default;4000;static;cores;;4partout;80;248046;-1;-1
img2d;patrin;GCC-12;1024;32;16;16;ssandPile;ocl_hybrid;default;4000;static;cores;;4partout;90;259493;-1;-1
img2d;patrin;GCC-12;1024;32;16;16;ssandPile;ocl_hybrid;default;4000;static;cores;;4partout;10;283485;-1;-1
img2d;patrin;GCC-12;1024;32;16;16;ssandPile;ocl_hybrid;default;4000;static;cores;;4partout;20;263462;-1;-1
img2d;patrin;GCC-12;1024;32;16;16;ssandPile;ocl_hybrid;default;4000;static;cores;;4partout;30;252234;-1;-1
img2d;patrin;GCC-12;1024;32;16;16;ssandPile;ocl_hybrid;default;4000;static;cores;;4partout;40;237956;-1;-1
img2d;patrin;GCC-12;1024;32;16;16;ssandPile;ocl_hybrid;default;4000;static;cores;;4partout;50;216687;-1;-1
img2d;patrin;GCC-12;1024;32;16;16;ssandPile;ocl_hybrid;default;4000;static;cores;;4partout;60;219508;-1;-1
img2d;patrin;GCC-12;1024;32;16;16;ssandPile;ocl_hybrid;default;4000;static;cores;;4partout;70;230137;-1;-1
img2d;patrin;GCC-12;1024;32;16;16;ssandPile;ocl_hybrid;default;4000;static;cores;;4partout;80;242290;-1;-1
img2d;patrin;GCC-12;1024;32;16;16;ssandPile;ocl_hybrid;default;4000;static;cores;;4partout;90;252782;-1;-1
img2d;patrin;GCC-12;1024;32;16;16;ssandPile;ocl_hybrid;default;4000;static;cores;;4partout;10;292989;-1;-1
img2d;patrin;GCC-12;1024;32;16;16;ssandPile;ocl_hybrid;default;4000;static;cores;;4partout;20;264919;-1;-1
img2d;patrin;GCC-12;1024;32;16;16;ssandPile;ocl_hybrid;default;4000;static;cores;;4partout;30;260985;-1;-1
img2d;patrin;GCC-12;1024;32;16;16;ssandPile;ocl_hybrid;default;4000;static;cores;;4partout;40;235821;-1;-1
img2d;patrin;GCC-12;1024;32;16;16;ssandPile;ocl_hybrid;default;4000;static;cores;;4partout;50;224491;-1;-1
img2d;patrin;GCC-12;1024;32;16;16;ssandPile;ocl_hybrid;default;4000;static;cores;;4partout;60;219433;-1;-1
img2d;patrin;GCC-12;1024;32;16;16;ssandPile;ocl_hybrid;default;4000;static;cores;;4partout;70;229603;-1;-1
img2d;patrin;GCC-12;1024;32;16;16;ssandPile;ocl_hybrid;default;4000;static;cores;;4partout;80;241976;-1;-1
img2d;patrin;GCC-12;1024;32;16;16;ssandPile;ocl_hybrid;default;4000;static;cores;;4partout;90;252734;-1;-1
img2d;patrin;GCC-12;1024;32;16;16;ssandPile;ocl_hybrid;default;4000;static;cores;;4partout;10;279467;-1;-1
img2d;patrin;GCC-12;1024;32;16;16;ssandPile;ocl_hybrid;default;4000;static;cores;;4partout;20;279716;-1;-1
img2d;patrin;GCC-12;1024;32;16;16;ssandPile;ocl_hybrid;default;4000;static;cores;;4partout;30;256144;-1;-1
img2d;patrin;GCC-12;1024;32;16;16;ssandPile;ocl_hybrid;default;4000;static;cores;;4partout;40;240318;-1;-1
img2d;patrin;GCC-12;1024;32;16;16;ssandPile;ocl_hybrid;default;4000;static;cores;;4partout;50;218636;-1;-1
img2d;patrin;GCC-12;1024;32;16;16;ssandPile;ocl_hybrid;default;4000;static;cores;;4partout;60;307886;-1;-1
img2d;patrin;GCC-12;1024;32;16;16;ssandPile;ocl_hybrid;default;4000;static;cores;;4partout;70;230034;-1;-1
img2d;patrin;GCC-12;1024;32;16;16;ssandPile;ocl_hybrid;default;4000;static;cores;;4partout;80;241732;-1;-1
img2d;patrin;GCC-12;1024;32;16;16;ssandPile;ocl_hybrid;default;4000;static;cores;;4partout;90;252036;-1;-1
img2d;patrin;GCC-12;1024;32;16;16;ssandPile;ocl_hybrid;default;4000;static;cores;;4partout;10;285339;-1;-1
img2d;patrin;GCC-12;1024;32;16;16;ssandPile;ocl_hybrid;default;4000;static;cores;;4partout;20;262077;-1;-1
img2d;patrin;GCC-12;1024;32;16;16;ssandPile;ocl_hybrid;default;4000;static;cores;;4partout;30;271742;-1;-1
img2d;patrin;GCC-12;1024;32;16;16;ssandPile;ocl_hybrid;default;4000;static;cores;;4partout;40;236542;-1;-1
img2d;patrin;GCC-12;1024;32;16;16;ssandPile;ocl_hybrid;default;4000;static;cores;;4partout;50;222912;-1;-1
img2d;patrin;GCC-12;1024;32;16;16;ssandPile;ocl_hybrid;default;4000;static;cores;;4partout;60;225005;-1;-1
img2d;patrin;GCC-12;1024;32;16;16;ssandPile;ocl_hybrid;default;4000;static;cores;;4partout;70;234734;-1;-1
img2d;patrin;GCC-12;1024;32;16;16;ssandPile;ocl_hybrid;default;4000;static;cores;;4partout;80;243814;-1;-1
img2d;patrin;GCC-12;1024;32;16;16;ssandPile;ocl_hybrid;default;4000;static;cores;;4partout;90;252353;-1;-1
img2d;patrin;GCC-12;1024;32;16;16;ssandPile;ocl_hybrid;default;4000;static;cores;;4partout;10;284986;-1;-1
img2d;patrin;GCC-12;1024;32;16;16;ssandPile;ocl_hybrid;default;4000;static;cores;;4partout;20;263632;-1;-1
img2d;patrin;GCC-12;1024;32;16;16;ssandPile;ocl_hybrid;default;4000;static;cores;;4partout;30;255644;-1;-1
img2d;patrin;GCC-12;1024;32;16;16;ssandPile;ocl_hybrid;default;4000;static;cores;;4partout;40;242252;-1;-1
img2d;patrin;GCC-12;1024;32;16;16;ssandPile;ocl_hybrid;default;4000;static;cores;;4partout;50;216718;-1;-1
img2d;patrin;GCC-12;1024;32;16;16;ssandPile;ocl_hybrid;default;4000;static;cores;;4partout;60;220029;-1;-1
img2d;patrin;GCC-12;1024;32;16;16;ssandPile;ocl_hybrid;default;4000;static;cores;;4partout;70;230397;-1;-1
img2d;patrin;GCC-12;1024;32;16;16;ssandPile;ocl_hybrid;default;4000;static;cores;;4partout;80;241972;-1;-1
img2d;patrin;GCC-12;1024;32;16;16;ssandPile;ocl_hybrid;default;4000;static;cores;;4partout;90;253394;-1;-1
img2d;patrin;GCC-12;1024;32;16;16;ssandPile;ocl_hybrid;default;4000;static;cores;;4partout;10;277625;-1;-1
img2d;patrin;GCC-12;1024;32;16;16;ssandPile;ocl_hybrid;default;4000;static;cores;;4partout;20;264687;-1;-1
img2d;patrin;GCC-12;1024;32;16;16;ssandPile;ocl_hybrid;default;4000;static;cores;;4partout;30;249601;-1;-1
img2d;patrin;GCC-12;1024;32;16;16;ssandPile;ocl_hybrid;default;4000;static;cores;;4partout;40;237905;-1;-1
img2d;patrin;GCC-12;1024;32;16;16;ssandPile;ocl_hybrid;default;4000;static;cores;;4partout;50;219718;-1;-1
img2d;patrin;GCC-12;1024;32;16;16;ssandPile;ocl_hybrid;default;4000;static;cores;;4partout;60;224746;-1;-1
img2d;patrin;GCC-12;1024;32;16;16;ssandPile;ocl_hybrid;default;4000;static;cores;;4partout;70;233999;-1;-1
img2d;patrin;GCC-12;1024;32;16;16;ssandPile;ocl_hybrid;default;4000;static;cores;;4partout;80;242587;-1;-1
img2d;patrin;GCC-12;1024;32;16;16;ssandPile;ocl_hybrid;default;4000;static;cores;;4partout;90;251907;-1;-1
img2d;patrin;GCC-12;1024;32;16;16;ssandPile;ocl_hybrid;default;4000;static;cores;;4partout;10;278889;-1;-1
img2d;patrin;GCC-12;1024;32;16;16;ssandPile;ocl_hybrid;default;4000;static;cores;;4partout;20;293427;-1;-1
img2d;patrin;GCC-12;1024;32;16;16;ssandPile;ocl_hybrid;default;4000;static;cores;;4partout;30;249755;-1;-1
img2d;patrin;GCC-12;1024;32;16;16;ssandPile;ocl_hybrid;default;4000;static;cores;;4partout;40;261412;-1;-1
img2d;patrin;GCC-12;1024;32;16;16;ssandPile;ocl_hybrid;default;4000;static;cores;;4partout;50;224913;-1;-1
img2d;patrin;GCC-12;1024;32;16;16;ssandPile;ocl_hybrid;default;4000;static;cores;;4partout;60;221528;-1;-1
img2d;patrin;GCC-12;1024;32;16;16;ssandPile;ocl_hybrid;default;4000;static;cores;;4partout;70;230084;-1;-1
img2d;patrin;GCC-12;1024;32;16;16;ssandPile;ocl_hybrid;default;4000;static;cores;;4partout;80;241820;-1;-1
img2d;patrin;GCC-12;1024;32;16;16;ssandPile;ocl_hybrid;default;4000;static;cores;;4partout;90;252128;-1;-1
img2d;patrin;GCC-12;1024;32;16;16;ssandPile;ocl_hybrid;default;4000;static;cores;;4partout;10;286279;-1;-1
img2d;patrin;GCC-12;1024;32;16;16;ssandPile;ocl_hybrid;default;4000;static;cores;;4partout;20;266222;-1;-1
img2d;patrin;GCC-12;1024;32;16;16;ssandPile;ocl_hybrid;default;4000;static;cores;;4partout;30;254732;-1;-1
img2d;patrin;GCC-12;1024;32;16;16;ssandPile;ocl_hybrid;default;4000;static;cores;;4partout;40;247067;-1;-1
img2d;patrin;GCC-12;1024;32;16;16;ssandPile;ocl_hybrid;default;4000;static;cores;;4partout;50;222074;-1;-1
img2d;patrin;GCC-12;1024;32;16;16;ssandPile;ocl_hybrid;default;4000;static;cores;;4partout;60;219706;-1;-1
img2d;patrin;GCC-12;1024;32;16;16;ssandPile;ocl_hybrid;default;4000;static;cores;;4partout;70;230937;-1;-1
img2d;patrin;GCC-12;1024;32;16;16;ssandPile;ocl_hybrid;default;4000;static;cores;;4partout;80;242314;-1;-1
img2d;patrin;GCC-12;1024;32;16;16;ssandPile;ocl_hybrid;default;4000;static;cores;;4partout;90;252089;-1;-1
img2d;patrin;GCC-12;1024;32;16;16;ssandPile;ocl_hybrid;default;4000;static;cores;;4partout;10;292947;-1;-1
img2d;patrin;GCC-12;1024;32;16;16;ssandPile;ocl_hybrid;default;4000;static;cores;;4partout;20;285830;-1;-1
img2d;patrin;GCC-12;1024;32;16;16;ssandPile;ocl_hybrid;default;4000;static;cores;;4partout;30;267509;-1;-1
img2d;patrin;GCC-12;1024;32;16;16;ssandPile;ocl_hybrid;default;4000;static;cores;;4partout;40;235970;-1;-1
img2d;patrin;GCC-12;1024;32;16;16;ssandPile;ocl_hybrid;default;4000;static;cores;;4partout;50;216332;-1;-1
img2d;patrin;GCC-12;1024;32;16;16;ssandPile;ocl_hybrid;default;4000;static;cores;;4partout;60;226541;-1;-1
img2d;patrin;GCC-12;1024;32;16;16;ssandPile;ocl_hybrid;default;4000;static;cores;;4partout;70;235405;-1;-1
img2d;patrin;GCC-12;1024;32;16;16;ssandPile;ocl_hybrid;default;4000;static;cores;;4partout;80;248417;-1;-1
img2d;patrin;GCC-12;1024;32;16;16;ssandPile;ocl_hybrid;default;4000;static;cores;;4partout;90;259506;-1;-1
img2d;patrin;GCC-12;1024;32;16;16;ssandPile;ocl_hybrid;default;4000;static;cores;;4partout;10;297252;-1;-1
img2d;patrin;GCC-12;1024;32;16;16;ssandPile;ocl_hybrid;default;4000;static;cores;;4partout;20;264826;-1;-1
img2d;patrin;GCC-12;1024;32;16;16;ssandPile;ocl_hybrid;default;4000;static;cores;;4partout;30;255274;-1;-1
img2d;patrin;GCC-12;1024;32;16;16;ssandPile;ocl_hybrid;default;4000;static;cores;;4partout;40;241812;-1;-1
img2d;patrin;GCC-12;1024;32;16;16;ssandPile;ocl_hybrid;default;4000;static;cores;;4partout;50;216467;-1;-1
img2d;patrin;GCC-12;1024;32;16;16;ssandPile;ocl_hybrid;default;4000;static;cores;;4partout;60;223243;-1;-1
img2d;patrin;GCC-12;1024;32;16;16;ssandPile;ocl_hybrid;default;4000;static;cores;;4partout;70;230417;-1;-1
img2d;patrin;GCC-12;1024;32;16;16;ssandPile;ocl_hybrid;default;4000;static;cores;;4partout;80;241757;-1;-1
img2d;patrin;GCC-12;1024;32;16;16;ssandPile;ocl_hybrid;default;4000;static;cores;;4partout;90;252486;-1;-1
img2d;patrin;GCC-12;1024;32;16;16;ssandPile;ocl_hybrid;default;4000;static;cores;;4partout;10;281589;-1;-1
img2d;patrin;GCC-12;1024;32;16;16;ssandPile;ocl_hybrid;default;4000;static;cores;;4partout;20;267057;-1;-1
img2d;patrin;GCC-12;1024;32;16;16;ssandPile;ocl_hybrid;default;4000;static;cores;;4partout;30;247866;-1;-1
img2d;patrin;GCC-12;1024;32;16;16;ssandPile;ocl_hybrid;default;4000;static;cores;;4partout;40;256329;-1;-1
img2d;patrin;GCC-12;1024;32;16;16;ssandPile;ocl_hybrid;default;4000;static;cores;;4partout;50;239552;-1;-1
img2d;patrin;GCC-12;1024;32;16;16;ssandPile;ocl_hybrid;default;4000;static;cores;;4partout;60;224474;-1;-1
img2d;patrin;GCC-12;1024;32;16;16;ssandPile;ocl_hybrid;default;4000;static;cores;;4partout;70;235071;-1;-1
img2d;patrin;GCC-12;1024;32;16;16;ssandPile;ocl_hybrid;default;4000;static;cores;;4partout;80;241894;-1;-1
img2d;patrin;GCC-12;1024;32;16;16;ssandPile;ocl_hybrid;default;4000;static;cores;;4partout;90;252713;-1;-1
img2d;patrin;GCC-12;1024;32;16;16;ssandPile;ocl_hybrid;default;4000;static;cores;;4partout;10;285539;-1;-1
img2d;patrin;GCC-12;1024;32;16;16;ssandPile;ocl_hybrid;default;4000;static;cores;;4partout;20;269787;-1;-1
img2d;patrin;GCC-12;1024;32;16;16;ssandPile;ocl_hybrid;default;4000;static;cores;;4partout;30;250766;-1;-1
img2d;patrin;GCC-12;1024;32;16;16;ssandPile;ocl_hybrid;default;4000;static;cores;;4partout;40;235799;-1;-1
img2d;patrin;GCC-12;1024;32;16;16;ssandPile;ocl_hybrid;default;4000;static;cores;;4partout;50;227256;-1;-1
img2d;patrin;GCC-12;1024;32;16;16;ssandPile;ocl_hybrid;default;4000;static;cores;;4partout;60;227401;-1;-1
img2d;patrin;GCC-12;1024;32;16;16;ssandPile;ocl_hybrid;default;4000;static;cores;;4partout;70;230571;-1;-1
img2d;patrin;GCC-12;1024;32;16;16;ssandPile;ocl_hybrid;default;4000;static;cores;;4partout;80;241947;-1;-1
img2d;patrin;GCC-12;1024;32;16;16;ssandPile;ocl_hybrid;default;4000;static;cores;;4partout;90;252818;-1;-1
img2d;patrin;GCC-12;1024;32;16;16;ssandPile;ocl_hybrid;default;4000;static;cores;;4partout;10;293125;-1;-1
img2d;patrin;GCC-12;1024;32;16;16;ssandPile;ocl_hybrid;default;4000;static;cores;;4partout;20;268435;-1;-1
img2d;patrin;GCC-12;1024;32;16;16;ssandPile;ocl_hybrid;default;4000;static;cores;;4partout;30;250873;-1;-1
img2d;patrin;GCC-12;1024;32;16;16;ssandPile;ocl_hybrid;default;4000;static;cores;;4partout;40;237118;-1;-1
img2d;patrin;GCC-12;1024;32;16;16;ssandPile;ocl_hybrid;default;4000;static;cores;;4partout;50;220111;-1;-1
img2d;patrin;GCC-12;1024;32;16;16;ssandPile;ocl_hybrid;default;4000;static;cores;;4partout;60;220131;-1;-1
img2d;patrin;GCC-12;1024;32;16;16;ssandPile;ocl_hybrid;default;4000;static;cores;;4partout;70;233130;-1;-1
img2d;patrin;GCC-12;1024;32;16;16;ssandPile;ocl_hybrid;default;4000;static;cores;;4partout;80;248473;-1;-1
img2d;patrin;GCC-12;1024;32;16;16;ssandPile;ocl_hybrid;default;4000;static;cores;;4partout;90;252993;-1;-1
img2d;patrin;GCC-12;1024;32;16;16;ssandPile;ocl_hybrid;default;4000;static;cores;;4partout;10;310954;-1;-1
img2d;patrin;GCC-12;1024;32;16;16;ssandPile;ocl_hybrid;default;4000;static;cores;;4partout;20;275324;-1;-1
img2d;patrin;GCC-12;1024;32;16;16;ssandPile;ocl_hybrid;default;4000;static;cores;;4partout;30;248708;-1;-1
img2d;patrin;GCC-12;1024;32;16;16;ssandPile;ocl_hybrid;default;4000;static;cores;;4partout;40;236492;-1;-1
img2d;patrin;GCC-12;1024;32;16;16;ssandPile;ocl_hybrid;default;4000;static;cores;;4partout;50;219619;-1;-1
img2d;patrin;GCC-12;1024;32;16;16;ssandPile;ocl_hybrid;default;4000;static;cores;;4partout;60;224405;-1;-1
img2d;patrin;GCC-12;1024;32;16;16;ssandPile;ocl_hybrid;default;4000;static;cores;;4partout;70;235489;-1;-1
img2d;patrin;GCC-12;1024;32;16;16;ssandPile;ocl_hybrid;default;4000;static;cores;;4partout;80;245993;-1;-1
img2d;patrin;GCC-12;1024;32;16;16;ssandPile;ocl_hybrid;default;4000;static;cores;;4partout;90;253535;-1;-1
img2d;patrin;GCC-12;1024;32;16;16;ssandPile;ocl_hybrid;default;4000;static;cores;;4partout;10;274599;-1;-1
img2d;patrin;GCC-12;1024;32;16;16;ssandPile;ocl_hybrid;default;4000;static;cores;;4partout;20;260178;-1;-1
img2d;patrin;GCC-12;1024;32;16;16;ssandPile;ocl_hybrid;default;4000;static;cores;;4partout;30;254399;-1;-1
img2d;patrin;GCC-12;1024;32;16;16;ssandPile;ocl_hybrid;default;4000;static;cores;;4partout;40;238009;-1;-1
img2d;patrin;GCC-12;1024;32;16;16;ssandPile;ocl_hybrid;default;4000;static;cores;;4partout;50;221405;-1;-1
img2d;patrin;GCC-12;1024;32;16;16;ssandPile;ocl_hybrid;default;4000;static;cores;;4partout;60;224593;-1;-1
img2d;patrin;GCC-12;1024;32;16;16;ssandPile;ocl_hybrid;default;4000;static;cores;;4partout;70;235616;-1;-1
img2d;patrin;GCC-12;1024;32;16;16;ssandPile;ocl_hybrid;default;4000;static;cores;;4partout;80;248118;-1;-1
img2d;patrin;GCC-12;1024;32;16;16;ssandPile;ocl_hybrid;default;4000;static;cores;;4partout;90;258828;-1;-1
img2d;patrin;GCC-12;1024;32;16;16;ssandPile;ocl_hybrid;default;4000;static;cores;;4partout;10;283554;-1;-1
img2d;patrin;GCC-12;1024;32;16;16;ssandPile;ocl_hybrid;default;4000;static;cores;;4partout;20;263305;-1;-1
img2d;patrin;GCC-12;1024;32;16;16;ssandPile;ocl_hybrid;default;4000;static;cores;;4partout;30;248844;-1;-1
img2d;patrin;GCC-12;1024;32;16;16;ssandPile;ocl_hybrid;default;4000;static;cores;;4partout;40;236431;-1;-1
img2d;patrin;GCC-12;1024;32;16;16;ssandPile;ocl_hybrid;default;4000;static;cores;;4partout;50;225025;-1;-1
img2d;patrin;GCC-12;1024;32;16;16;ssandPile;ocl_hybrid;default;4000;static;cores;;4partout;60;223651;-1;-1
img2d;patrin;GCC-12;1024;32;16;16;ssandPile;ocl_hybrid;default;4000;static;cores;;4partout;70;229929;-1;-1
img2d;patrin;GCC-12;1024;32;16;16;ssandPile;ocl_hybrid;default;4000;static;cores;;4partout;80;241711;-1;-1
img2d;patrin;GCC-12;1024;32;16;16;ssandPile;ocl_hybrid;default;4000;static;cores;;4partout;90;252579;-1;-1
img2d;patrin;GCC-12;1024;32;16;16;ssandPile;ocl_hybrid;default;4000;static;cores;;4partout;10;302832;-1;-1
img2d;patrin;GCC-12;1024;32;16;16;ssandPile;ocl_hybrid;default;4000;static;cores;;4partout;20;260172;-1;-1
img2d;patrin;GCC-12;1024;32;16;16;ssandPile;ocl_hybrid;default;4000;static;cores;;4partout;30;251437;-1;-1
img2d;patrin;GCC-12;1024;32;16;16;ssandPile;ocl_hybrid;default;4000;static;cores;;4partout;40;236284;-1;-1
img2d;patrin;GCC-12;1024;32;16;16;ssandPile;ocl_hybrid;default;4000;static;cores;;4partout;50;220309;-1;-1
img2d;patrin;GCC-12;1024;32;16;16;ssandPile;ocl_hybrid;default;4000;static;cores;;4partout;60;219772;-1;-1
img2d;patrin;GCC-12;1024;32;16;16;ssandPile;ocl_hybrid;default;4000;static;cores;;4partout;70;230027;-1;-1
img2d;patrin;GCC-12;1024;32;16;16;ssandPile;ocl_hybrid;default;4000;static;cores;;4partout;80;242376;-1;-1
img2d;patrin;GCC-12;1024;32;16;16;ssandPile;ocl_hybrid;default;4000;static;cores;;4partout;90;252366;-1;-1
img2d;patrin;GCC-12;1024;32;16;16;ssandPile;ocl_hybrid;default;4000;static;cores;;4partout;10;274644;-1;-1
img2d;patrin;GCC-12;1024;32;16;16;ssandPile;ocl_hybrid;default;4000;static;cores;;4partout;20;264378;-1;-1
img2d;patrin;GCC-12;1024;32;16;16;ssandPile;ocl_hybrid;default;4000;static;cores;;4partout;30;254629;-1;-1
img2d;patrin;GCC-12;1024;32;16;16;ssandPile;ocl_hybrid;default;4000;static;cores;;4partout;40;236210;-1;-1
img2d;patrin;GCC-12;1024;32;16;16;ssandPile;ocl_hybrid;default;4000;static;cores;;4partout;50;222439;-1;-1
img2d;patrin;GCC-12;1024;32;16;16;ssandPile;ocl_hybrid;default;4000;static;cores;;4partout;60;224765;-1;-1
img2d;patrin;GCC-12;1024;32;16;16;ssandPile;ocl_hybrid;default;4000;static;cores;;4partout;70;230684;-1;-1
img2d;patrin;GCC-12;1024;32;16;16;ssandPile;ocl_hybrid;default;4000;static;cores;;4partout;80;241427;-1;-1
img2d;patrin;GCC-12;1024;32;16;16;ssandPile;ocl_hybrid;default;4000;static;cores;;4partout;90;252579;-1;-1
img2d;patrin;GCC-12;1024;32;16;16;ssandPile;ocl_hybrid;default;4000;static;cores;;4partout;10;294423;-1;-1
img2d;patrin;GCC-12;1024;32;16;16;ssandPile;ocl_hybrid;default;4000;static;cores;;4partout;20;262161;-1;-1
img2d;patrin;GCC-12;1024;32;16;16;ssandPile;ocl_hybrid;default;4000;static;cores;;4partout;30;251930;-1;-1
img2d;patrin;GCC-12;1024;32;16;16;ssandPile;ocl_hybrid;default;4000;static;cores;;4partout;40;241402;-1;-1
img2d;patrin;GCC-12;1024;32;16;16;ssandPile;ocl_hybrid;default;4000;static;cores;;4partout;50;244706;-1;-1
img2d;patrin;GCC-12;1024;32;16;16;ssandPile;ocl_hybrid;default;4000;static;cores;;4partout;60;224319;-1;-1
img2d;patrin;GCC-12;1024;32;16;16;ssandPile;ocl_hybrid;default;4000;static;cores;;4partout;70;235441;-1;-1
img2d;patrin;GCC-12;1024;32;16;16;ssandPile;ocl_hybrid;default;4000;static;cores;;4partout;80;247637;-1;-1
img2d;patrin;GCC-12;1024;32;16;16;ssandPile;ocl_hybrid;default;4000;static;cores;;4partout;90;259532;-1;-1
img2d;patrin;GCC-12;1024;32;16;16;ssandPile;ocl_hybrid;default;4000;static;cores;;4partout;10;294144;-1;-1
img2d;patrin;GCC-12;1024;32;16;16;ssandPile;ocl_hybrid;default;4000;static;cores;;4partout;20;263209;-1;-1
img2d;patrin;GCC-12;1024;32;16;16;ssandPile;ocl_hybrid;default;4000;static;cores;;4partout;30;250815;-1;-1
img2d;patrin;GCC-12;1024;32;16;16;ssandPile;ocl_hybrid;default;4000;static;cores;;4partout;40;236728;-1;-1
img2d;patrin;GCC-12;1024;32;16;16;ssandPile;ocl_hybrid;default;4000;static;cores;;4partout;50;216215;-1;-1
img2d;patrin;GCC-12;1024;32;16;16;ssandPile;ocl_hybrid;default;4000;static;cores;;4partout;60;219879;-1;-1
img2d;patrin;GCC-12;1024;32;16;16;ssandPile;ocl_hybrid;default;4000;static;cores;;4partout;70;230589;-1;-1
img2d;patrin;GCC-12;1024;32;16;16;ssandPile;ocl_hybrid;default;4000;static;cores;;4partout;80;241639;-1;-1
img2d;patrin;GCC-12;1024;32;16;16;ssandPile;ocl_hybrid;default;4000;static;cores;;4partout;90;252411;-1;-1
img2d;patrin;GCC-12;1024;32;16;16;ssandPile;ocl_hybrid;default;4000;static;cores;;4partout;10;281376;-1;-1
img2d;patrin;GCC-12;1024;32;16;16;ssandPile;ocl_hybrid;default;4000;static;cores;;4partout;20;284234;-1;-1
img2d;patrin;GCC-12;1024;32;16;16;ssandPile;ocl_hybrid;default;4000;static;cores;;4partout;30;265725;-1;-1
img2d;patrin;GCC-12;1024;32;16;16;ssandPile;ocl_hybrid;default;4000;static;cores;;4partout;40;246394;-1;-1
img2d;patrin;GCC-12;1024;32;16;16;ssandPile;ocl_hybrid;default;4000;static;cores;;4partout;50;227212;-1;-1
img2d;patrin;GCC-12;1024;32;16;16;ssandPile;ocl_hybrid;default;4000;static;cores;;4partout;60;219841;-1;-1
img2d;patrin;GCC-12;1024;32;16;16;ssandPile;ocl_hybrid;default;4000;static;cores;;4partout;70;229729;-1;-1
img2d;patrin;GCC-12;1024;32;16;16;ssandPile;ocl_hybrid;default;4000;static;cores;;4partout;80;242230;-1;-1
img2d;patrin;GCC-12;1024;32;16;16;ssandPile;ocl_hybrid;default;4000;static;cores;;4partout;90;252572;-1;-1
img2d;patrin;GCC-12;1024;32;16;16;ssandPile;ocl_hybrid;default;4000;static;cores;;4partout;10;276648;-1;-1
img2d;patrin;GCC-12;1024;32;16;16;ssandPile;ocl_hybrid;default;4000;static;cores;;4partout;20;265901;-1;-1
img2d;patrin;GCC-12;1024;32;16;16;ssandPile;ocl_hybrid;default;4000;static;cores;;4partout;30;255962;-1;-1
img2d;patrin;GCC-12;1024;32;16;16;ssandPile;ocl_hybrid;default;4000;static;cores;;4partout;40;240305;-1;-1
img2d;patrin;GCC-12;1024;32;16;16;ssandPile;ocl_hybrid;default;4000;static;cores;;4partout;50;226808;-1;-1
img2d;patrin;GCC-12;1024;32;16;16;ssandPile;ocl_hybrid;default;4000;static;cores;;4partout;60;219108;-1;-1
img2d;patrin;GCC-12;1024;32;16;16;ssandPile;ocl_hybrid;default;4000;static;cores;;4partout;70;231579;-1;-1
img2d;patrin;GCC-12;1024;32;16;16;ssandPile;ocl_hybrid;default;4000;static;cores;;4partout;80;242018;-1;-1
img2d;patrin;GCC-12;1024;32;16;16;ssandPile;ocl_hybrid;default;4000;static;cores;;4partout;90;252296;-1;-1
img2d;patrin;GCC-12;1024;32;16;16;ssandPile;ocl_hybrid;default;4000;static;cores;;4partout;10;284095;-1;-1
img2d;patrin;GCC-12;1024;32;16;16;ssandPile;ocl_hybrid;default;4000;static;cores;;4partout;20;269149;-1;-1
img2d;patrin;GCC-12;1024;32;16;16;ssandPile;ocl_hybrid;default;4000;static;cores;;4partout;30;250149;-1;-1
img2d;patrin;GCC-12;1024;32;16;16;ssandPile;ocl_hybrid;default;4000;static;cores;;4partout;40;249421;-1;-1
img2d;patrin;GCC-12;1024;32;16;16;ssandPile;ocl_hybrid;default;4000;static;cores;;4partout;50;216814;-1;-1
img2d;patrin;GCC-12;1024;32;16;16;ssandPile;ocl_hybrid;default;4000;static;cores;;4partout;60;223696;-1;-1
img2d;patrin;GCC-12;1024;32;16;16;ssandPile;ocl_hybrid;default;4000;static;cores;;4partout;70;230081;-1;-1
img2d;patrin;GCC-12;1024;32;16;16;ssandPile;ocl_hybrid;default;4000;static;cores;;4partout;80;241529;-1;-1
img2d;patrin;GCC-12;1024;32;16;16;ssandPile;ocl_hybrid;default;4000;static;cores;;4partout;90;252459;-1;-1
img2d;patrin;GCC-12;1024;32;16;16;ssandPile;ocl_hybrid;default;4000;static;cores;;4partout;10;305199;-1;-1
img2d;patrin;GCC-12;1024;32;16;16;ssandPile;ocl_hybrid;default;4000;static;cores;;4partout;20;267210;-1;-1
img2d;patrin;GCC-12;1024;32;16;16;ssandPile;ocl_hybrid;default;4000;static;cores;;4partout;30;272440;-1;-1
img2d;patrin;GCC-12;1024;32;16;16;ssandPile;ocl_hybrid;default;4000;static;cores;;4partout;40;235053;-1;-1
img2d;patrin;GCC-12;1024;32;16;16;ssandPile;ocl_hybrid;default;4000;static;cores;;4partout;50;219332;-1;-1
img2d;patrin;GCC-12;1024;32;16;16;ssandPile;ocl_hybrid;default;4000;static;cores;;4partout;60;221580;-1;-1
img2d;patrin;GCC-12;1024;32;16;16;ssandPile;ocl_hybrid;default;4000;static;cores;;4partout;70;235272;-1;-1
img2d;patrin;GCC-12;1024;32;16;16;ssandPile;ocl_hybrid;default;4000;static;cores;;4partout;80;241908;-1;-1
img2d;patrin;GCC-12;1024;32;16;16;ssandPile;ocl_hybrid;default;4000;static;cores;;4partout;90;252021;-1;-1
img2d;patrin;GCC-12;1024;32;16;16;ssandPile;ocl_hybrid;default;4000;static;cores;;4partout;10;284776;-1;-1
img2d;patrin;GCC-12;1024;32;16;16;ssandPile;ocl_hybrid;default;4000;static;cores;;4partout;20;265361;-1;-1
img2d;patrin;GCC-12;1024;32;16;16;ssandPile;ocl_hybrid;default;4000;static;cores;;4partout;30;259636;-1;-1
img2d;patrin;GCC-12;1024;32;16;16;ssandPile;ocl_hybrid;default;4000;static;cores;;4partout;40;244788;-1;-1
img2d;patrin;GCC-12;1024;32;16;16;ssandPile;ocl_hybrid;default;4000;static;cores;;4partout;50;224144;-1;-1
img2d;patrin;GCC-12;1024;32;16;16;ssandPile;ocl_hybrid;default;4000;static;cores;;4partout;60;224249;-1;-1
img2d;patrin;GCC-12;1024;32;16;16;ssandPile;ocl_hybrid;default;4000;static;cores;;4partout;70;229600;-1;-1
img2d;patrin;GCC-12;1024;32;16;16;ssandPile;ocl_hybrid;default;4000;static;cores;;4partout;80;241813;-1;-1
img2d;patrin;GCC-12;1024;32;16;16;ssandPile;ocl_hybrid;default;4000;static;cores;;4partout;90;252543;-1;-1
img2d;patrin;GCC-12;1024;32;16;16;ssandPile;ocl_hybrid;default;4000;static;cores;;4partout;10;281825;-1;-1
img2d;patrin;GCC-12;1024;32;16;16;ssandPile;ocl_hybrid;default;4000;static;cores;;4partout;20;266617;-1;-1
img2d;patrin;GCC-12;1024;32;16;16;ssandPile;ocl_hybrid;default;4000;static;cores;;4partout;30;249089;-1;-1
img2d;patrin;GCC-12;1024;32;16;16;ssandPile;ocl_hybrid;default;4000;static;cores;;4partout;40;236414;-1;-1
img2d;patrin;GCC-12;1024;32;16;16;ssandPile;ocl_hybrid;default;4000;static;cores;;4partout;50;219360;-1;-1
img2d;patrin;GCC-12;1024;32;16;16;ssandPile;ocl_hybrid;default;4000;static;cores;;4partout;60;224059;-1;-1
img2d;patrin;GCC-12;1024;32;16;16;ssandPile;ocl_hybrid;default;4000;static;cores;;4partout;70;234269;-1;-1
img2d;patrin;GCC-12;1024;32;16;16;ssandPile;ocl_hybrid;default;4000;static;cores;;4partout;80;242911;-1;-1
img2d;patrin;GCC-12;1024;32;16;16;ssandPile;ocl_hybrid;default;4000;static;cores;;4partout;90;259100;-1;-1
img2d;patrin;GCC-12;1024;32;16;16;ssandPile;ocl_hybrid;default;4000;static;cores;;4partout;10;278487;-1;-1
img2d;patrin;GCC-12;1024;32;16;16;ssandPile;ocl_hybrid;default;4000;static;cores;;4partout;20;263422;-1;-1
img2d;patrin;GCC-12;1024;32;16;16;ssandPile;ocl_hybrid;default;4000;static;cores;;4partout;30;260264;-1;-1
img2d;patrin;GCC-12;1024;32;16;16;ssandPile;ocl_hybrid;default;4000;static;cores;;4partout;40;245925;-1;-1
img2d;patrin;GCC-12;1024;32;16;16;ssandPile;ocl_hybrid;default;4000;static;cores;;4partout;50;223381;-1;-1
img2d;patrin;GCC-12;1024;32;16;16;ssandPile;ocl_hybrid;default;4000;static;cores;;4partout;60;222230;-1;-1
img2d;patrin;GCC-12;1024;32;16;16;ssandPile;ocl_hybrid;default;4000;static;cores;;4partout;70;230294;-1;-1
img2d;patrin;GCC-12;1024;32;16;16;ssandPile;ocl_hybrid;default;4000;static;cores;;4partout;80;242237;-1;-1
img2d;patrin;GCC-12;1024;32;16;16;ssandPile;ocl_hybrid;default;4000;static;cores;;4partout;90;252213;-1;-1
img2d;patrin;GCC-12;1024;32;16;16;ssandPile;ocl_hybrid;default;4000;static;cores;;4partout;10;286247;-1;-1
img2d;patrin;GCC-12;1024;32;16;16;ssandPile;ocl_hybrid;default;4000;static;cores;;4partout;20;262130;-1;-1
img2d;patrin;GCC-12;1024;32;16;16;ssandPile;ocl_hybrid;default;4000;static;cores;;4partout;30;253114;-1;-1
img2d;patrin;GCC-12;1024;32;16;16;ssandPile;ocl_hybrid;default;4000;static;cores;;4partout;40;253286;-1;-1
img2d;patrin;GCC-12;1024;32;16;16;ssandPile;ocl_hybrid;default;4000;static;cores;;4partout;50;239654;-1;-1
img2d;patrin;GCC-12;1024;32;16;16;ssandPile;ocl_hybrid;default;4000;static;cores;;4partout;60;224656;-1;-1
img2d;patrin;GCC-12;1024;32;16;16;ssandPile;ocl_hybrid;default;4000;static;cores;;4partout;70;236175;-1;-1
img2d;patrin;GCC-12;1024;32;16;16;ssandPile;ocl_hybrid;default;4000;static;cores;;4partout;80;247565;-1;-1
img2d;patrin;GCC-12;1024;32;16;16;ssandPile;ocl_hybrid;default;4000;static;cores;;4partout;90;252002;-1;-1
img2d;patrin;GCC-12;1024;32;16;16;ssandPile;ocl_hybrid;default;4000;static;cores;;4partout;10;275219;-1;-1
img2d;patrin;GCC-12;1024;32;16;16;ssandPile;ocl_hybrid;default;4000;static;cores;;4partout;20;283120;-1;-1
img2d;patrin;GCC-12;1024;32;16;16;ssandPile;ocl_hybrid;default;4000;static;cores;;4partout;30;253035;-1;-1
img2d;patrin;GCC-12;1024;32;16;16;ssandPile;ocl_hybrid;default;4000;static;cores;;4partout;40;239334;-1;-1
img2d;patrin;GCC-12;1024;32;16;16;ssandPile;ocl_hybrid;default;4000;static;cores;;4partout;50;215961;-1;-1
img2d;patrin;GCC-12;1024;32;16;16;ssandPile;ocl_hybrid;default;4000;static;cores;;4partout;60;224225;-1;-1
img2d;patrin;GCC-12;1024;32;16;16;ssandPile;ocl_hybrid;default;4000;static;cores;;4partout;70;236042;-1;-1
img2d;patrin;GCC-12;1024;32;16;16;ssandPile;ocl_hybrid;default;4000;static;cores;;4partout;80;246325;-1;-1
img2d;patrin;GCC-12;1024;32;16;16;ssandPile;ocl_hybrid;default;4000;static;cores;;4partout;90;253021;-1;-1
img2d;patrin;GCC-12;1024;32;16;16;ssandPile;ocl_hybrid;default;4000;static;cores;;4partout;10;279789;-1;-1
img2d;patrin;GCC-12;1024;32;16;16;ssandPile;ocl_hybrid;default;4000;static;cores;;4partout;20;262199;-1;-1
img2d;patrin;GCC-12;1024;32;16;16;ssandPile;ocl_hybrid;default;4000;static;cores;;4partout;30;257014;-1;-1
img2d;patrin;GCC-12;1024;32;16;16;ssandPile;ocl_hybrid;default;4000;static;cores;;4partout;40;244048;-1;-1
img2d;patrin;GCC-12;1024;32;16;16;ssandPile;ocl_hybrid;default;4000;static;cores;;4partout;50;220140;-1;-1
img2d;patrin;GCC-12;1024;32;16;16;ssandPile;ocl_hybrid;default;4000;static;cores;;4partout;60;220881;-1;-1
img2d;patrin;GCC-12;1024;32;16;16;ssandPile;ocl_hybrid;default;4000;static;cores;;4partout;70;229961;-1;-1
img2d;patrin;GCC-12;1024;32;16;16;ssandPile;ocl_hybrid;default;4000;static;cores;;4partout;80;241442;-1;-1
img2d;patrin;GCC-12;1024;32;16;16;ssandPile;ocl_hybrid;default;4000;static;cores;;4partout;90;252981;-1;-1
img2d;patrin;GCC-12;1024;32;16;16;ssandPile;ocl_hybrid;default;4000;static;cores;;4partout;10;278822;-1;-1
img2d;patrin;GCC-12;1024;32;16;16;ssandPile;ocl_hybrid;default;4000;static;cores;;4partout;20;270687;-1;-1
img2d;patrin;GCC-12;1024;32;16;16;ssandPile;ocl_hybrid;default;4000;static;cores;;4partout;30;254920;-1;-1
img2d;patrin;GCC-12;1024;32;16;16;ssandPile;ocl_hybrid;default;4000;static;cores;;4partout;40;245043;-1;-1
img2d;patrin;GCC-12;1024;32;16;16;ssandPile;ocl_hybrid;default;4000;static;cores;;4partout;50;224124;-1;-1
img2d;patrin;GCC-12;1024;32;16;16;ssandPile;ocl_hybrid;default;4000;static;cores;;4partout;60;219527;-1;-1
img2d;patrin;GCC-12;1024;32;16;16;ssandPile;ocl_hybrid;default;4000;static;cores;;4partout;70;230507;-1;-1
img2d;patrin;GCC-12;1024;32;16;16;ssandPile;ocl_hybrid;default;4000;static;cores;;4partout;80;242510;-1;-1
img2d;patrin;GCC-12;1024;32;16;16;ssandPile;ocl_hybrid;default;4000;static;cores;;4partout;90;252148;-1;-1
img2d;patrin;GCC-12;1024;32;16;16;ssandPile;ocl_hybrid;default;4000;static;cores;;4partout;10;282327;-1;-1
img2d;patrin;GCC-12;1024;32;16;16;ssandPile;ocl_hybrid;default;4000;static;cores;;4partout;20;268984;-1;-1
img2d;patrin;GCC-12;1024;32;16;16;ssandPile;ocl_hybrid;default;4000;static;cores;;4partout;30;248421;-1;-1
img2d;patrin;GCC-12;1024;32;16;16;ssandPile;ocl_hybrid;default;4000;static;cores;;4partout;40;239902;-1;-1
img2d;patrin;GCC-12;1024;32;16;16;ssandPile;ocl_hybrid;default;4000;static;cores;;4partout;50;216266;-1;-1
img2d;patrin;GCC-12;1024;32;16;16;ssandPile;ocl_hybrid;default;4000;static;cores;;4partout;60;223218;-1;-1
img2d;patrin;GCC-12;1024;32;16;16;ssandPile;ocl_hybrid;default;4000;static;cores;;4partout;70;230166;-1;-1
img2d;patrin;GCC-12;1024;32;16;16;ssandPile;ocl_hybrid;default;4000;static;cores;;4partout;80;241879;-1;-1
img2d;patrin;GCC-12;1024;32;16;16;ssandPile;ocl_hybrid;default;4000;static;cores;;4partout;90;252517;-1;-1
img2d;patrin;GCC-12;1024;32;16;16;ssandPile;ocl_hybrid;default;4000;static;cores;;4partout;10;293259;-1;-1
img2d;patrin;GCC-12;1024;32;16;16;ssandPile;ocl_hybrid;default;4000;static;cores;;4partout;20;263519;-1;-1
img2d;patrin;GCC-12;1024;32;16;16;ssandPile;ocl_hybrid;default;4000;static;cores;;4partout;30;251731;-1;-1
img2d;patrin;GCC-12;1024;32;16;16;ssandPile;ocl_hybrid;default;4000;static;cores;;4partout;40;237372;-1;-1
img2d;patrin;GCC-12;1024;32;16;16;ssandPile;ocl_hybrid;default;4000;static;cores;;4partout;50;231230;-1;-1
img2d;patrin;GCC-12;1024;32;16;16;ssandPile;ocl_hybrid;default;4000;static;cores;;4partout;60;224929;-1;-1
img2d;patrin;GCC-12;1024;32;16;16;ssandPile;ocl_hybrid;default;4000;static;cores;;4partout;70;235617;-1;-1
img2d;patrin;GCC-12;1024;32;16;16;ssandPile;ocl_hybrid;default;4000;static;cores;;4partout;80;247746;-1;-1
img2d;patrin;GCC-12;1024;32;16;16;ssandPile;ocl_hybrid;default;4000;static;cores;;4partout;90;252468;-1;-1
img2d;patrin;GCC-12;1024;32;16;16;ssandPile;ocl_hybrid;default;4000;static;cores;;4partout;10;277278;-1;-1
img2d;patrin;GCC-12;1024;32;16;16;ssandPile;ocl_hybrid;default;4000;static;cores;;4partout;20;269258;-1;-1
img2d;patrin;GCC-12;1024;32;16;16;ssandPile;ocl_hybrid;default;4000;static;cores;;4partout;30;263007;-1;-1
img2d;patrin;GCC-12;1024;32;16;16;ssandPile;ocl_hybrid;default;4000;static;cores;;4partout;40;239144;-1;-1
img2d;patrin;GCC-12;1024;32;16;16;ssandPile;ocl_hybrid;default;4000;static;cores;;4partout;50;225067;-1;-1
img2d;patrin;GCC-12;1024;32;16;16;ssandPile;ocl_hybrid;default;4000;static;cores;;4partout;60;220454;-1;-1
img2d;patrin;GCC-12;1024;32;16;16;ssandPile;ocl_hybrid;default;4000;static;cores;;4partout;70;229831;-1;-1
img2d;patrin;GCC-12;1024;32;16;16;ssandPile;ocl_hybrid;default;4000;static;cores;;4partout;80;248109;-1;-1
img2d;patrin;GCC-12;1024;32;16;16;ssandPile;ocl_hybrid;default;4000;static;cores;;4partout;90;259185;-1;-1
img2d;patrin;GCC-12;1024;32;16;16;ssandPile;ocl_hybrid;default;4000;static;cores;;4partout;10;293626;-1;-1
img2d;patrin;GCC-12;1024;32;16;16;ssandPile;ocl_hybrid;default;4000;static;cores;;4partout;20;261183;-1;-1
img2d;patrin;GCC-12;1024;32;16;16;ssandPile;ocl_hybrid;default;4000;static;cores;;4partout;30;260644;-1;-1
img2d;patrin;GCC-12;1024;32;16;16;ssandPile;ocl_hybrid;default;4000;static;cores;;4partout;40;234855;-1;-1
img2d;patrin;GCC-12;1024;32;16;16;ssandPile;ocl_hybrid;default;4000;static;cores;;4partout;50;239645;-1;-1
img2d;patrin;GCC-12;1024;32;16;16;ssandPile;ocl_hybrid;default;4000;static;cores;;4partout;60;219860;-1;-1
img2d;patrin;GCC-12;1024;32;16;16;ssandPile;ocl_hybrid;default;4000;static;cores;;4partout;70;230312;-1;-1
img2d;patrin;GCC-12;1024;32;16;16;ssandPile;ocl_hybrid;default;4000;static;cores;;4partout;80;241730;-1;-1
img2d;patrin;GCC-12;1024;32;16;16;ssandPile;ocl_hybrid;default;4000;static;cores;;4partout;90;252058;-1;-1
img2d;patrin;GCC-12;1024;32;16;16;ssandPile;ocl_hybrid;default;4000;static;cores;;4partout;10;282156;-1;-1
img2d;patrin;GCC-12;1024;32;16;16;ssandPile;ocl_hybrid;default;4000;static;cores;;4partout;20;261685;-1;-1
img2d;patrin;GCC-12;1024;32;16;16;ssandPile;ocl_hybrid;default;4000;static;cores;;4partout;30;258513;-1;-1
img2d;patrin;GCC-12;1024;32;16;16;ssandPile;ocl_hybrid;default;4000;static;cores;;4partout;40;235821;-1;-1
img2d;patrin;GCC-12;1024;32;16;16;ssandPile;ocl_hybrid;default;4000;static;cores;;4partout;50;244823;-1;-1
img2d;patrin;GCC-12;1024;32;16;16;ssandPile;ocl_hybrid;default;4000;static;cores;;4partout;60;224979;-1;-1
img2d;patrin;GCC-12;1024;32;16;16;ssandPile;ocl_hybrid;default;4000;static;cores;;4partout;70;236372;-1;-1
img2d;patrin;GCC-12;1024;32;16;16;ssandPile;ocl_hybrid;default;4000;static;cores;;4partout;80;248246;-1;-1
img2d;patrin;GCC-12;1024;32;16;16;ssandPile;ocl_hybrid;default;4000;static;cores;;4partout;90;256948;-1;-1
img2d;patrin;GCC-12;1024;32;16;16;ssandPile;ocl_hybrid;default;4000;static;cores;;4partout;10;278504;-1;-1
img2d;patrin;GCC-12;1024;32;16;16;ssandPile;ocl_hybrid;default;4000;static;cores;;4partout;20;263429;-1;-1
img2d;patrin;GCC-12;1024;32;16;16;ssandPile;ocl_hybrid;default;4000;static;cores;;4partout;30;252392;-1;-1
img2d;patrin;GCC-12;1024;32;16;16;ssandPile;ocl_hybrid;default;4000;static;cores;;4partout;40;240411;-1;-1
img2d;patrin;GCC-12;1024;32;16;16;ssandPile;ocl_hybrid;default;4000;static;cores;;4partout;50;219848;-1;-1
img2d;patrin;GCC-12;1024;32;16;16;ssandPile;ocl_hybrid;default;4000;static;cores;;4partout;60;219477;-1;-1
img2d;patrin;GCC-12;1024;32;16;16;ssandPile;ocl_hybrid;default;4000;static;cores;;4partout;70;229827;-1;-1
img2d;patrin;GCC-12;1024;32;16;16;ssandPile;ocl_hybrid;default;4000;static;cores;;4partout;80;241746;-1;-1
img2d;patrin;GCC-12;1024;32;16;16;ssandPile;ocl_hybrid;default;4000;static;cores;;4partout;90;252641;-1;-1
img2d;patrin;GCC-12;1024;32;16;16;ssandPile;ocl_hybrid;default;4000;static;cores;;4partout;10;281055;-1;-1
img2d;patrin;GCC-12;1024;32;16;16;ssandPile;ocl_hybrid;default;4000;static;cores;;4partout;20;271488;-1;-1
img2d;patrin;GCC-12;1024;32;16;16;ssandPile;ocl_hybrid;default;4000;static;cores;;4partout;30;248513;-1;-1
img2d;patrin;GCC-12;1024;32;16;16;ssandPile;ocl_hybrid;default;4000;static;cores;;4partout;40;235538;-1;-1
img2d;patrin;GCC-12;1024;32;16;16;ssandPile;ocl_hybrid;default;4000;static;cores;;4partout;50;220664;-1;-1
img2d;patrin;GCC-12;1024;32;16;16;ssandPile;ocl_hybrid;default;4000;static;cores;;4partout;60;224404;-1;-1
img2d;patrin;GCC-12;1024;32;16;16;ssandPile;ocl_hybrid;default;4000;static;cores;;4partout;70;235024;-1;-1
img2d;patrin;GCC-12;1024;32;16;16;ssandPile;ocl_hybrid;default;4000;static;cores;;4partout;80;246221;-1;-1
img2d;patrin;GCC-12;1024;32;16;16;ssandPile;ocl_hybrid;default;4000;static;cores;;4partout;90;252687;-1;-1
img2d;patrin;GCC-12;1024;32;16;16;ssandPile;ocl_hybrid;default;4000;static;cores;;4partout;10;278604;-1;-1
img2d;patrin;GCC-12;1024;32;16;16;ssandPile;ocl_hybrid;default;4000;static;cores;;4partout;20;264401;-1;-1
img2d;patrin;GCC-12;1024;32;16;16;ssandPile;ocl_hybrid;default;4000;static;cores;;4partout;30;250819;-1;-1
img2d;patrin;GCC-12;1024;32;16;16;ssandPile;ocl_hybrid;default;4000;static;cores;;4partout;40;321514;-1;-1
img2d;patrin;GCC-12;1024;32;16;16;ssandPile;ocl_hybrid;default;4000;static;cores;;4partout;50;218363;-1;-1
img2d;patrin;GCC-12;1024;32;16;16;ssandPile;ocl_hybrid;default;4000;static;cores;;4partout;60;224924;-1;-1
img2d;patrin;GCC-12;1024;32;16;16;ssandPile;ocl_hybrid;default;4000;static;cores;;4partout;70;236104;-1;-1
img2d;patrin;GCC-12;1024;32;16;16;ssandPile;ocl_hybrid;default;4000;static;cores;;4partout;80;245549;-1;-1
img2d;patrin;GCC-12;1024;32;16;16;ssandPile;ocl_hybrid;default;4000;static;cores;;4partout;90;252488;-1;-1
img2d;patrin;GCC-12;1024;32;16;16;ssandPile;ocl_hybrid;default;4000;static;cores;;4partout;10;293370;-1;-1
img2d;patrin;GCC-12;1024;32;16;16;ssandPile;ocl_hybrid;default;4000;static;cores;;4partout;20;265683;-1;-1
img2d;patrin;GCC-12;1024;32;16;16;ssandPile;ocl_hybrid;default;4000;static;cores;;4partout;30;259218;-1;-1
img2d;patrin;GCC-12;1024;32;16;16;ssandPile;ocl_hybrid;default;4000;static;cores;;4partout;40;234394;-1;-1
img2d;patrin;GCC-12;1024;32;16;16;ssandPile;ocl_hybrid;default;4000;static;cores;;4partout;50;216976;-1;-1
img2d;patrin;GCC-12;1024;32;16;16;ssandPile;ocl_hybrid;default;4000;static;cores;;4partout;60;223323;-1;-1
img2d;patrin;GCC-12;1024;32;16;16;ssandPile;ocl_hybrid;default;4000;static;cores;;4partout;70;230158;-1;-1
img2d;patrin;GCC-12;1024;32;16;16;ssandPile;ocl_hybrid;default;4000;static;cores;;4partout;80;241038;-1;-1
img2d;patrin;GCC-12;1024;32;16;16;ssandPile;ocl_hybrid;default;4000;static;cores;;4partout;90;252956;-1;-1
img2d;patrin;GCC-12;1024;32;16;16;ssandPile;ocl_hybrid;default;4000;static;cores;;4partout;10;277050;-1;-1
img2d;patrin;GCC-12;1024;32;16;16;ssandPile;ocl_hybrid;default;4000;static;cores;;4partout;20;260007;-1;-1
img2d;patrin;GCC-12;1024;32;16;16;ssandPile;ocl_hybrid;default;4000;static;cores;;4partout;30;255891;-1;-1
img2d;patrin;GCC-12;1024;32;16;16;ssandPile;ocl_hybrid;default;4000;static;cores;;4partout;40;242274;-1;-1
img2d;patrin;GCC-12;1024;32;16;16;ssandPile;ocl_hybrid;default;4000;static;cores;;4partout;50;220560;-1;-1
img2d;patrin;GCC-12;1024;32;16;16;ssandPile;ocl_hybrid;default;4000;static;cores;;4partout;60;222735;-1;-1
img2d;patrin;GCC-12;1024;32;16;16;ssandPile;ocl_hybrid;default;4000;static;cores;;4partout;70;229781;-1;-1
img2d;patrin;GCC-12;1024;32;16;16;ssandPile;ocl_hybrid;default;4000;static;cores;;4partout;80;241477;-1;-1
img2d;patrin;GCC-12;1024;32;16;16;ssandPile;ocl_hybrid;default;4000;static;cores;;4partout;90;252945;-1;-1
img2d;patrin;GCC-12;1024;32;16;16;ssandPile;ocl_hybrid;default;4000;static;cores;;4partout;10;289837;-1;-1
img2d;patrin;GCC-12;1024;32;16;16;ssandPile;ocl_hybrid;default;4000;static;cores;;4partout;20;271486;-1;-1
img2d;patrin;GCC-12;1024;32;16;16;ssandPile;ocl_hybrid;default;4000;static;cores;;4partout;30;255884;-1;-1
img2d;patrin;GCC-12;1024;32;16;16;ssandPile;ocl_hybrid;default;4000;static;cores;;4partout;40;235770;-1;-1
img2d;patrin;GCC-12;1024;32;16;16;ssandPile;ocl_hybrid;default;4000;static;cores;;4partout;50;217330;-1;-1
img2d;patrin;GCC-12;1024;32;16;16;ssandPile;ocl_hybrid;default;4000;static;cores;;4partout;60;220067;-1;-1
img2d;patrin;GCC-12;1024;32;16;16;ssandPile;ocl_hybrid;default;4000;static;cores;;4partout;70;229848;-1;-1
img2d;patrin;GCC-12;1024;32;16;16;ssandPile;ocl_hybrid;default;4000;static;cores;;4partout;80;241533;-1;-1
img2d;patrin;GCC-12;1024;32;16;16;ssandPile;ocl_hybrid;default;4000;static;cores;;4partout;90;252529;-1;-1
img2d;patrin;GCC-12;1024;32;16;16;ssandPile;ocl_hybrid;default;4000;static;cores;;4partout;10;290982;-1;-1
img2d;patrin;GCC-12;1024;32;16;16;ssandPile;ocl_hybrid;default;4000;static;cores;;4partout;20;260511;-1;-1
img2d;patrin;GCC-12;1024;32;16;16;ssandPile;ocl_hybrid;default;4000;static;cores;;4partout;30;254087;-1;-1
img2d;patrin;GCC-12;1024;32;16;16;ssandPile;ocl_hybrid;default;4000;static;cores;;4partout;40;245494;-1;-1
img2d;patrin;GCC-12;1024;32;16;16;ssandPile;ocl_hybrid;default;4000;static;cores;;4partout;50;219568;-1;-1
img2d;patrin;GCC-12;1024;32;16;16;ssandPile;ocl_hybrid;default;4000;static;cores;;4partout;60;224602;-1;-1
img2d;patrin;GCC-12;1024;32;16;16;ssandPile;ocl_hybrid;default;4000;static;cores;;4partout;70;235768;-1;-1
img2d;patrin;GCC-12;1024;32;16;16;ssandPile;ocl_hybrid;default;4000;static;cores;;4partout;80;248513;-1;-1
img2d;patrin;GCC-12;1024;32;16;16;ssandPile;ocl_hybrid;default;4000;static;cores;;4partout;90;259247;-1;-1
img2d;patrin;GCC-12;1024;32;16;16;ssandPile;ocl_hybrid;default;4000;static;cores;;4partout;10;284340;-1;-1
img2d;patrin;GCC-12;1024;32;16;16;ssandPile;ocl_hybrid;default;4000;static;cores;;4partout;20;270954;-1;-1
img2d;patrin;GCC-12;1024;32;16;16;ssandPile;ocl_hybrid;default;4000;static;cores;;4partout;30;256707;-1;-1
img2d;patrin;GCC-12;1024;32;16;16;ssandPile;ocl_hybrid;default;4000;static;cores;;4partout;40;237512;-1;-1
img2d;patrin;GCC-12;1024;32;16;16;ssandPile;ocl_hybrid;default;4000;static;cores;;4partout;50;220639;-1;-1
img2d;patrin;GCC-12;1024;32;16;16;ssandPile;ocl_hybrid;default;4000;static;cores;;4partout;60;220123;-1;-1
img2d;patrin;GCC-12;1024;32;16;16;ssandPile;ocl_hybrid;default;4000;static;cores;;4partout;70;230488;-1;-1
img2d;patrin;GCC-12;1024;32;16;16;ssandPile;ocl_hybrid;default;4000;static;cores;;4partout;80;241908;-1;-1
img2d;patrin;GCC-12;1024;32;16;16;ssandPile;ocl_hybrid;default;4000;static;cores;;4partout;90;252561;-1;-1
img2d;patrin;GCC-12;1024;32;16;16;ssandPile;ocl_hybrid;default;4000;static;cores;;4partout;10;276695;-1;-1
img2d;patrin;GCC-12;1024;32;16;16;ssandPile;ocl_hybrid;default;4000;static;cores;;4partout;20;268827;-1;-1
img2d;patrin;GCC-12;1024;32;16;16;ssandPile;ocl_hybrid;default;4000;static;cores;;4partout;30;248332;-1;-1
img2d;patrin;GCC-12;1024;32;16;16;ssandPile;ocl_hybrid;default;4000;static;cores;;4partout;40;235124;-1;-1
img2d;patrin;GCC-12;1024;32;16;16;ssandPile;ocl_hybrid;default;4000;static;cores;;4partout;50;220053;-1;-1
img2d;patrin;GCC-12;1024;32;16;16;ssandPile;ocl_hybrid;default;4000;static;cores;;4partout;60;224432;-1;-1
img2d;patrin;GCC-12;1024;32;16;16;ssandPile;ocl_hybrid;default;4000;static;cores;;4partout;70;235769;-1;-1
img2d;patrin;GCC-12;1024;32;16;16;ssandPile;ocl_hybrid;default;4000;static;cores;;4partout;80;246147;-1;-1
img2d;patrin;GCC-12;1024;32;16;16;ssandPile;ocl_hybrid;default;4000;static;cores;;4partout;90;254461;-1;-1
img2d;patrin;GCC-12;1024;32;16;16;ssandPile;ocl_hybrid;default;4000;static;cores;;4partout;10;274980;-1;-1
img2d;patrin;GCC-12;1024;32;16;16;ssandPile;ocl_hybrid;default;4000;static;cores;;4partout;20;273263;-1;-1
img2d;patrin;GCC-12;1024;32;16;16;ssandPile;ocl_hybrid;default;4000;static;cores;;4partout;30;248768;-1;-1
img2d;patrin;GCC-12;1024;32;16;16;ssandPile;ocl_hybrid;default;4000;static;cores;;4partout;40;234070;-1;-1
img2d;patrin;GCC-12;1024;32;16;16;ssandPile;ocl_hybrid;default;4000;static;cores;;4partout;50;216105;-1;-1
img2d;patrin;GCC-12;1024;32;16;16;ssandPile;ocl_hybrid;default;4000;static;cores;;4partout;60;224595;-1;-1
img2d;patrin;GCC-12;1024;32;16;16;ssandPile;ocl_hybrid;default;4000;static;cores;;4partout;70;229697;-1;-1
img2d;patrin;GCC-12;1024;32;16;16;ssandPile;ocl_hybrid;default;4000;static;cores;;4partout;80;241283;-1;-1
img2d;patrin;GCC-12;1024;32;16;16;ssandPile;ocl_hybrid;default;4000;static;cores;;4partout;90;252170;-1;-1
img2d;patrin;GCC-12;1024;32;16;16;ssandPile;ocl_hybrid;default;4000;static;cores;;4partout;10;275539;-1;-1
img2d;patrin;GCC-12;1024;32;16;16;ssandPile;ocl_hybrid;default;4000;static;cores;;4partout;20;263494;-1;-1
img2d;patrin;GCC-12;1024;32;16;16;ssandPile;ocl_hybrid;default;4000;static;cores;;4partout;30;253199;-1;-1
img2d;patrin;GCC-12;1024;32;16;16;ssandPile;ocl_hybrid;default;4000;static;cores;;4partout;40;246324;-1;-1
img2d;patrin;GCC-12;1024;32;16;16;ssandPile;ocl_hybrid;default;4000;static;cores;;4partout;50;222994;-1;-1
img2d;patrin;GCC-12;1024;32;16;16;ssandPile;ocl_hybrid;default;4000;static;cores;;4partout;60;219261;-1;-1
img2d;patrin;GCC-12;1024;32;16;16;ssandPile;ocl_hybrid;default;4000;static;cores;;4partout;70;229413;-1;-1
img2d;patrin;GCC-12;1024;32;16;16;ssandPile;ocl_hybrid;default;4000;static;cores;;4partout;80;240829;-1;-1
img2d;patrin;GCC-12;1024;32;16;16;ssandPile;ocl_hybrid;default;4000;static;cores;;4partout;90;251920;-1;-1
img2d;patrin;GCC-12;1024;32;16;16;ssandPile;ocl_hybrid;default;4000;static;cores;;4partout;10;282210;-1;-1
img2d;patrin;GCC-12;1024;32;16;16;ssandPile;ocl_hybrid;default;4000;static;cores;;4partout;20;268960;-1;-1
img2d;patrin;GCC-12;1024;32;16;16;ssandPile;ocl_hybrid;default;4000;static;cores;;4partout;30;257759;-1;-1
img2d;patrin;GCC-12;1024;32;16;16;ssandPile;ocl_hybrid;default;4000;static;cores;;4partout;40;235283;-1;-1
img2d;patrin;GCC-12;1024;32;16;16;ssandPile;ocl_hybrid;default;4000;static;cores;;4partout;50;227172;-1;-1
img2d;patrin;GCC-12;1024;32;16;16;ssandPile;ocl_hybrid;default;4000;static;cores;;4partout;60;219305;-1;-1
img2d;patrin;GCC-12;1024;32;16;16;ssandPile;ocl_hybrid;default;4000;static;cores;;4partout;70;230161;-1;-1
img2d;patrin;GCC-12;1024;32;16;16;ssandPile;ocl_hybrid;default;4000;static;cores;;4partout;80;241926;-1;-1
img2d;patrin;GCC-12;1024;32;16;16;ssandPile;ocl_hybrid;default;4000;static;cores;;4partout;90;252048;-1;-1
img2d;patrin;GCC-12;1024;32;16;16;ssandPile;ocl_hybrid;default;4000;static;cores;;4partout;10;286693;-1;-1
img2d;patrin;GCC-12;1024;32;16;16;ssandPile;ocl_hybrid;default;4000;static;cores;;4partout;20;270623;-1;-1
img2d;patrin;GCC-12;1024;32;16;16;ssandPile;ocl_hybrid;default;4000;static;cores;;4partout;30;251506;-1;-1
img2d;patrin;GCC-12;1024;32;16;16;ssandPile;ocl_hybrid;default;4000;static;cores;;4partout;40;237425;-1;-1
img2d;patrin;GCC-12;1024;32;16;16;ssandPile;ocl_hybrid;default;4000;static;cores;;4partout;50;222347;-1;-1
img2d;patrin;GCC-12;1024;32;16;16;ssandPile;ocl_hybrid;default;4000;static;cores;;4partout;60;223200;-1;-1
img2d;patrin;GCC-12;1024;32;16;16;ssandPile;ocl_hybrid;default;4000;static;cores;;4partout;70;229962;-1;-1
img2d;patrin;GCC-12;1024;32;16;16;ssandPile;ocl_hybrid;default;4000;static;cores;;4partout;80;241663;-1;-1
img2d;patrin;GCC-12;1024;32;16;16;ssandPile;ocl_hybrid;default;4000;static;cores;;4partout;90;252200;-1;-1
img2d;patrin;GCC-12;1024;32;16;16;ssandPile;ocl_hybrid;default;4000;static;cores;;4partout;10;283593;-1;-1
img2d;patrin;GCC-12;1024;32;16;16;ssandPile;ocl_hybrid;default;4000;static;cores;;4partout;20;260395;-1;-1
img2d;patrin;GCC-12;1024;32;16;16;ssandPile;ocl_hybrid;default;4000;static;cores;;4partout;30;251574;-1;-1
img2d;patrin;GCC-12;1024;32;16;16;ssandPile;ocl_hybrid;default;4000;static;cores;;4partout;40;239180;-1;-1
img2d;patrin;GCC-12;1024;32;16;16;ssandPile;ocl_hybrid;default;4000;static;cores;;4partout;50;217340;-1;-1
img2d;patrin;GCC-12;1024;32;16;16;ssandPile;ocl_hybrid;default;4000;static;cores;;4partout;60;219031;-1;-1
img2d;patrin;GCC-12;1024;32;16;16;ssandPile;ocl_hybrid;default;4000;static;cores;;4partout;70;230073;-1;-1
img2d;patrin;GCC-12;1024;32;16;16;ssandPile;ocl_hybrid;default;4000;static;cores;;4partout;80;241820;-1;-1
img2d;patrin;GCC-12;1024;32;16;16;ssandPile;ocl_hybrid;default;4000;static;cores;;4partout;90;252163;-1;-1
img2d;patrin;GCC-12;1024;32;16;16;ssandPile;ocl_hybrid;default;4000;static;cores;;4partout;10;277239;-1;-1
img2d;patrin;GCC-12;1024;32;16;16;ssandPile;ocl_hybrid;default;4000;static;cores;;4partout;20;271407;-1;-1
img2d;patrin;GCC-12;1024;32;16;16;ssandPile;ocl_hybrid;default;4000;static;cores;;4partout;30;258077;-1;-1
img2d;patrin;GCC-12;1024;32;16;16;ssandPile;ocl_hybrid;default;4000;static;cores;;4partout;40;235981;-1;-1
img2d;patrin;GCC-12;1024;32;16;16;ssandPile;ocl_hybrid;default;4000;static;cores;;4partout;50;221955;-1;-1
img2d;patrin;GCC-12;1024;32;16;16;ssandPile;ocl_hybrid;default;4000;static;cores;;4partout;60;228823;-1;-1
img2d;patrin;GCC-12;1024;32;16;16;ssandPile;ocl_hybrid;default;4000;static;cores;;4partout;70;235188;-1;-1
img2d;patrin;GCC-12;1024;32;16;16;ssandPile;ocl_hybrid;default;4000;static;cores;;4partout;80;242795;-1;-1
img2d;patrin;GCC-12;1024;32;16;16;ssandPile;ocl_hybrid;default;4000;static;cores;;4partout;90;252612;-1;-1
img2d;patrin;GCC-12;1024;32;16;16;ssandPile;ocl_hybrid;default;4000;static;cores;;4partout;10;293013;-1;-1
img2d;patrin;GCC-12;1024;32;16;16;ssandPile;ocl_hybrid;default;4000;static;cores;;4partout;20;271411;-1;-1
img2d;patrin;GCC-12;1024;32;16;16;ssandPile;ocl_hybrid;default;4000;static;cores;;4partout;30;247777;-1;-1
img2d;patrin;GCC-12;1024;32;16;16;ssandPile;ocl_hybrid;default;4000;static;cores;;4partout;40;237565;-1;-1
img2d;patrin;GCC-12;1024;32;16;16;ssandPile;ocl_hybrid;default;4000;static;cores;;4partout;50;226602;-1;-1
img2d;patrin;GCC-12;1024;32;16;16;ssandPile;ocl_hybrid;default;4000;static;cores;;4partout;60;219690;-1;-1
img2d;patrin;GCC-12;1024;32;16;16;ssandPile;ocl_hybrid;default;4000;static;cores;;4partout;70;230342;-1;-1
img2d;patrin;GCC-12;1024;32;16;16;ssandPile;ocl_hybrid;default;4000;static;cores;;4partout;80;241112;-1;-1
img2d;patrin;GCC-12;1024;32;16;16;ssandPile;ocl_hybrid;default;4000;static;cores;;4partout;90;252459;-1;-1
img2d;patrin;GCC-12;1024;32;16;16;ssandPile;ocl_hybrid;default;4000;static;cores;;4partout;10;293585;-1;-1
img2d;patrin;GCC-12;1024;32;16;16;ssandPile;ocl_hybrid;default;4000;static;cores;;4partout;20;263546;-1;-1
img2d;patrin;GCC-12;1024;32;16;16;ssandPile;ocl_hybrid;default;4000;static;cores;;4partout;30;254708;-1;-1
img2d;patrin;GCC-12;1024;32;16;16;ssandPile;ocl_hybrid;default;4000;static;cores;;4partout;40;237138;-1;-1
img2d;patrin;GCC-12;1024;32;16;16;ssandPile;ocl_hybrid;default;4000;static;cores;;4partout;50;222086;-1;-1
img2d;patrin;GCC-12;1024;32;16;16;ssandPile;ocl_hybrid;default;4000;static;cores;;4partout;60;224848;-1;-1
img2d;patrin;GCC-12;1024;32;16;16;ssandPile;ocl_hybrid;default;4000;static;cores;;4partout;70;235497;-1;-1
img2d;patrin;GCC-12;1024;32;16;16;ssandPile;ocl_hybrid;default;4000;static;cores;;4partout;80;244984;-1;-1
img2d;patrin;GCC-12;1024;32;16;16;ssandPile;ocl_hybrid;default;4000;static;cores;;4partout;90;252749;-1;-1
img2d;patrin;GCC-12;1024;32;16;16;ssandPile;ocl_hybrid;default;4000;static;cores;;4partout;10;275838;-1;-1
img2d;patrin;GCC-12;1024;32;16;16;ssandPile;ocl_hybrid;default;4000;static;cores;;4partout;20;261741;-1;-1
img2d;patrin;GCC-12;1024;32;16;16;ssandPile;ocl_hybrid;default;4000;static;cores;;4partout;30;248367;-1;-1
img2d;patrin;GCC-12;1024;32;16;16;ssandPile;ocl_hybrid;default;4000;static;cores;;4partout;40;243114;-1;-1
img2d;patrin;GCC-12;1024;32;16;16;ssandPile;ocl_hybrid;default;4000;static;cores;;4partout;50;238442;-1;-1
img2d;patrin;GCC-12;1024;32;16;16;ssandPile;ocl_hybrid;default;4000;static;cores;;4partout;60;219046;-1;-1
img2d;patrin;GCC-12;1024;32;16;16;ssandPile;ocl_hybrid;default;4000;static;cores;;4partout;70;230302;-1;-1
img2d;patrin;GCC-12;1024;32;16;16;ssandPile;ocl_hybrid;default;4000;static;cores;;4partout;80;241911;-1;-1
img2d;patrin;GCC-12;1024;32;16;16;ssandPile;ocl_hybrid;default;4000;static;cores;;4partout;90;252246;-1;-1
img2d;patrin;GCC-12;1024;32;16;16;ssandPile;ocl_hybrid;default;4000;static;cores;;4partout;10;274576;-1;-1
img2d;patrin;GCC-12;1024;32;16;16;ssandPile;ocl_hybrid;default;4000;static;cores;;4partout;20;267027;-1;-1
img2d;patrin;GCC-12;1024;32;16;16;ssandPile;ocl_hybrid;default;4000;static;cores;;4partout;30;260488;-1;-1
img2d;patrin;GCC-12;1024;32;16;16;ssandPile;ocl_hybrid;default;4000;static;cores;;4partout;40;245235;-1;-1
img2d;patrin;GCC-12;1024;32;16;16;ssandPile;ocl_hybrid;default;4000;static;cores;;4partout;50;222141;-1;-1
img2d;patrin;GCC-12;1024;32;16;16;ssandPile;ocl_hybrid;default;4000;static;cores;;4partout;60;224950;-1;-1
img2d;patrin;GCC-12;1024;32;16;16;ssandPile;ocl_hybrid;default;4000;static;cores;;4partout;70;234912;-1;-1
img2d;patrin;GCC-12;1024;32;16;16;ssandPile;ocl_hybrid;default;4000;static;cores;;4partout;80;247691;-1;-1
img2d;patrin;GCC-12;1024;32;16;16;ssandPile;ocl_hybrid;default;4000;static;cores;;4partout;90;259426;-1;-1
img2d;patrin;GCC-12;1024;32;16;16;ssandPile;ocl_hybrid;default;4000;static;cores;;4partout;10;276311;-1;-1
img2d;patrin;GCC-12;1024;32;16;16;ssandPile;ocl_hybrid;default;4000;static;cores;;4partout;20;274982;-1;-1
img2d;patrin;GCC-12;1024;32;16;16;ssandPile;ocl_hybrid;default;4000;static;cores;;4partout;30;248597;-1;-1
img2d;patrin;GCC-12;1024;32;16;16;ssandPile;ocl_hybrid;default;4000;static;cores;;4partout;40;240197;-1;-1
img2d;patrin;GCC-12;1024;32;16;16;ssandPile;ocl_hybrid;default;4000;static;cores;;4partout;50;216471;-1;-1
img2d;patrin;GCC-12;1024;32;16;16;ssandPile;ocl_hybrid;default;4000;static;cores;;4partout;60;220002;-1;-1
img2d;patrin;GCC-12;1024;32;16;16;ssandPile;ocl_hybrid;default;4000;static;cores;;4partout;70;230558;-1;-1
img2d;patrin;GCC-12;1024;32;16;16;ssandPile;ocl_hybrid;default;4000;static;cores;;4partout;80;241387;-1;-1
img2d;patrin;GCC-12;1024;32;16;16;ssandPile;ocl_hybrid;default;4000;static;cores;;4partout;90;252168;-1;-1
img2d;patrin;GCC-12;1024;32;16;16;ssandPile;ocl_hybrid;default;4000;static;cores;;4partout;10;274227;-1;-1
img2d;patrin;GCC-12;1024;32;16;16;ssandPile;ocl_hybrid;default;4000;static;cores;;4partout;20;263699;-1;-1
img2d;patrin;GCC-12;1024;32;16;16;ssandPile;ocl_hybrid;default;4000;static;cores;;4partout;30;273005;-1;-1
img2d;patrin;GCC-12;1024;32;16;16;ssandPile;ocl_hybrid;default;4000;static;cores;;4partout;40;238736;-1;-1
img2d;patrin;GCC-12;1024;32;16;16;ssandPile;ocl_hybrid;default;4000;static;cores;;4partout;50;215577;-1;-1
img2d;patrin;GCC-12;1024;32;16;16;ssandPile;ocl_hybrid;default;4000;static;cores;;4partout;60;219791;-1;-1
img2d;patrin;GCC-12;1024;32;16;16;ssandPile;ocl_hybrid;default;4000;static;cores;;4partout;70;229844;-1;-1
img2d;patrin;GCC-12;1024;32;16;16;ssandPile;ocl_hybrid;default;4000;static;cores;;4partout;80;242665;-1;-1
img2d;patrin;GCC-12;1024;32;16;16;ssandPile;ocl_hybrid;default;4000;static;cores;;4partout;90;252125;-1;-1
img2d;patrin;GCC-12;1024;32;16;16;ssandPile;ocl_hybrid;default;4000;static;cores;;4partout;10;281380;-1;-1
img2d;patrin;GCC-12;1024;32;16;16;ssandPile;ocl_hybrid;default;4000;static;cores;;4partout;20;259917;-1;-1
img2d;patrin;GCC-12;1024;32;16;16;ssandPile;ocl_hybrid;default;4000;static;cores;;4partout;30;249323;-1;-1
img2d;patrin;GCC-12;1024;32;16;16;ssandPile;ocl_hybrid;default;4000;static;cores;;4partout;40;253755;-1;-1
img2d;patrin;GCC-12;1024;32;16;16;ssandPile;ocl_hybrid;default;4000;static;cores;;4partout;50;242293;-1;-1
img2d;patrin;GCC-12;1024;32;16;16;ssandPile;ocl_hybrid;default;4000;static;cores;;4partout;60;219946;-1;-1
img2d;patrin;GCC-12;1024;32;16;16;ssandPile;ocl_hybrid;default;4000;static;cores;;4partout;70;230489;-1;-1
img2d;patrin;GCC-12;1024;32;16;16;ssandPile;ocl_hybrid;default;4000;static;cores;;4partout;80;241276;-1;-1
img2d;patrin;GCC-12;1024;32;16;16;ssandPile;ocl_hybrid;default;4000;static;cores;;4partout;90;252332;-1;-1
img2d;patrin;GCC-12;1024;32;16;16;ssandPile;ocl_hybrid;default;4000;static;cores;;4partout;10;282095;-1;-1
img2d;patrin;GCC-12;1024;32;16;16;ssandPile;ocl_hybrid;default;4000;static;cores;;4partout;20;265883;-1;-1
img2d;patrin;GCC-12;1024;32;16;16;ssandPile;ocl_hybrid;default;4000;static;cores;;4partout;30;250388;-1;-1
img2d;patrin;GCC-12;1024;32;16;16;ssandPile;ocl_hybrid;default;4000;static;cores;;4partout;40;254857;-1;-1
img2d;patrin;GCC-12;1024;32;16;16;ssandPile;ocl_hybrid;default;4000;static;cores;;4partout;50;227142;-1;-1
img2d;patrin;GCC-12;1024;32;16;16;ssandPile;ocl_hybrid;default;4000;static;cores;;4partout;60;220141;-1;-1
img2d;patrin;GCC-12;1024;32;16;16;ssandPile;ocl_hybrid;default;4000;static;cores;;4partout;70;230565;-1;-1
img2d;patrin;GCC-12;1024;32;16;16;ssandPile;ocl_hybrid;default;4000;static;cores;;4partout;80;242003;-1;-1
img2d;patrin;GCC-12;1024;32;16;16;ssandPile;ocl_hybrid;default;4000;static;cores;;4partout;90;252274;-1;-1
img2d;patrin;GCC-12;1024;32;16;16;ssandPile;ocl_hybrid;default;4000;static;cores;;4partout;10;284697;-1;-1
img2d;patrin;GCC-12;1024;32;16;16;ssandPile;ocl_hybrid;default;4000;static;cores;;4partout;20;268939;-1;-1
img2d;patrin;GCC-12;1024;32;16;16;ssandPile;ocl_hybrid;default;4000;static;cores;;4partout;30;255032;-1;-1
img2d;patrin;GCC-12;1024;32;16;16;ssandPile;ocl_hybrid;default;4000;static;cores;;4partout;40;237158;-1;-1
img2d;patrin;GCC-12;1024;32;16;16;ssandPile;ocl_hybrid;default;4000;static;cores;;4partout;50;219171;-1;-1
img2d;patrin;GCC-12;1024;32;16;16;ssandPile;ocl_hybrid;default;4000;static;cores;;4partout;60;220058;-1;-1
img2d;patrin;GCC-12;1024;32;16;16;ssandPile;ocl_hybrid;default;4000;static;cores;;4partout;70;230114;-1;-1
img2d;patrin;GCC-12;1024;32;16;16;ssandPile;ocl_hybrid;default;4000;static;cores;;4partout;80;241806;-1;-1
img2d;patrin;GCC-12;1024;32;16;16;ssandPile;ocl_hybrid;default;4000;static;cores;;4partout;90;252366;-1;-1
img2d;patrin;GCC-12;1024;32;16;16;ssandPile;ocl_hybrid;default;4000;static;cores;;4partout;10;285775;-1;-1
img2d;patrin;GCC-12;1024;32;16;16;ssandPile;ocl_hybrid;default;4000;static;cores;;4partout;20;267792;-1;-1
img2d;patrin;GCC-12;1024;32;16;16;ssandPile;ocl_hybrid;default;4000;static;cores;;4partout;30;325865;-1;-1
img2d;patrin;GCC-12;1024;32;16;16;ssandPile;ocl_hybrid;default;4000;static;cores;;4partout;40;235290;-1;-1
img2d;patrin;GCC-12;1024;32;16;16;ssandPile;ocl_hybrid;default;4000;static;cores;;4partout;50;239053;-1;-1
img2d;patrin;GCC-12;1024;32;16;16;ssandPile;ocl_hybrid;default;4000;static;cores;;4partout;60;224648;-1;-1
img2d;patrin;GCC-12;1024;32;16;16;ssandPile;ocl_hybrid;default;4000;static;cores;;4partout;70;235929;-1;-1
img2d;patrin;GCC-12;1024;32;16;16;ssandPile;ocl_hybrid;default;4000;static;cores;;4partout;80;245515;-1;-1
img2d;patrin;GCC-12;1024;32;16;16;ssandPile;ocl_hybrid;default;4000;static;cores;;4partout;90;251896;-1;-1
img2d;patrin;GCC-12;1024;32;16;16;ssandPile;ocl_hybrid;default;4000;static;cores;;4partout;10;299893;-1;-1
img2d;patrin;GCC-12;1024;32;16;16;ssandPile;ocl_hybrid;default;4000;static;cores;;4partout;20;269374;-1;-1
img2d;patrin;GCC-12;1024;32;16;16;ssandPile;ocl_hybrid;default;4000;static;cores;;4partout;30;248104;-1;-1
img2d;patrin;GCC-12;1024;32;16;16;ssandPile;ocl_hybrid;default;4000;static;cores;;4partout;40;248131;-1;-1
img2d;patrin;GCC-12;1024;32;16;16;ssandPile;ocl_hybrid;default;4000;static;cores;;4partout;50;221798;-1;-1
img2d;patrin;GCC-12;1024;32;16;16;ssandPile;ocl_hybrid;default;4000;static;cores;;4partout;60;221633;-1;-1
img2d;patrin;GCC-12;1024;32;16;16;ssandPile;ocl_hybrid;default;4000;static;cores;;4partout;70;230144;-1;-1
img2d;patrin;GCC-12;1024;32;16;16;ssandPile;ocl_hybrid;default;4000;static;cores;;4partout;80;241264;-1;-1
img2d;patrin;GCC-12;1024;32;16;16;ssandPile;ocl_hybrid;default;4000;static;cores;;4partout;90;251928;-1;-1
img2d;patrin;GCC-12;1024;32;16;16;ssandPile;ocl_hybrid;default;4000;static;cores;;4partout;10;279955;-1;-1
img2d;patrin;GCC-12;1024;32;16;16;ssandPile;ocl_hybrid;default;4000;static;cores;;4partout;20;270594;-1;-1
img2d;patrin;GCC-12;1024;32;16;16;ssandPile;ocl_hybrid;default;4000;static;cores;;4partout;30;270861;-1;-1
img2d;patrin;GCC-12;1024;32;16;16;ssandPile;ocl_hybrid;default;4000;static;cores;;4partout;40;246899;-1;-1
img2d;patrin;GCC-12;1024;32;16;16;ssandPile;ocl_hybrid;default;4000;static;cores;;4partout;50;216174;-1;-1
img2d;patrin;GCC-12;1024;32;16;16;ssandPile;ocl_hybrid;default;4000;static;cores;;4partout;60;219684;-1;-1
img2d;patrin;GCC-12;1024;32;16;16;ssandPile;ocl_hybrid;default;4000;static;cores;;4partout;70;230548;-1;-1
img2d;patrin;GCC-12;1024;32;16;16;ssandPile;ocl_hybrid;default;4000;static;cores;;4partout;80;241936;-1;-1
img2d;patrin;GCC-12;1024;32;16;16;ssandPile;ocl_hybrid;default;4000;static;cores;;4partout;90;252779;-1;-1
img2d;patrin;GCC-12;1024;32;16;16;ssandPile;ocl_hybrid;default;4000;static;cores;;4partout;10;281489;-1;-1
img2d;patrin;GCC-12;1024;32;16;16;ssandPile;ocl_hybrid;default;4000;static;cores;;4partout;20;263846;-1;-1
img2d;patrin;GCC-12;1024;32;16;16;ssandPile;ocl_hybrid;default;4000;static;cores;;4partout;30;258792;-1;-1
img2d;patrin;GCC-12;1024;32;16;16;ssandPile;ocl_hybrid;default;4000;static;cores;;4partout;40;242273;-1;-1
img2d;patrin;GCC-12;1024;32;16;16;ssandPile;ocl_hybrid;default;4000;static;cores;;4partout;50;220088;-1;-1
img2d;patrin;GCC-12;1024;32;16;16;ssandPile;ocl_hybrid;default;4000;static;cores;;4partout;60;224541;-1;-1
img2d;patrin;GCC-12;1024;32;16;16;ssandPile;ocl_hybrid;default;4000;static;cores;;4partout;70;234660;-1;-1
img2d;patrin;GCC-12;1024;32;16;16;ssandPile;ocl_hybrid;default;4000;static;cores;;4partout;80;242496;-1;-1
img2d;patrin;GCC-12;1024;32;16;16;ssandPile;ocl_hybrid;default;4000;static;cores;;4partout;90;251950;-1;-1
img2d;patrin;GCC-12;1024;32;16;16;ssandPile;ocl_hybrid;default;4000;static;cores;;4partout;10;284358;-1;-1
img2d;patrin;GCC-12;1024;32;16;16;ssandPile;ocl_hybrid;default;4000;static;cores;;4partout;20;261158;-1;-1
img2d;patrin;GCC-12;1024;32;16;16;ssandPile;ocl_hybrid;default;4000;static;cores;;4partout;30;249912;-1;-1
img2d;patrin;GCC-12;1024;32;16;16;ssandPile;ocl_hybrid;default;4000;static;cores;;4partout;40;239273;-1;-1
img2d;patrin;GCC-12;1024;32;16;16;ssandPile;ocl_hybrid;default;4000;static;cores;;4partout;50;224850;-1;-1
img2d;patrin;GCC-12;1024;32;16;16;ssandPile;ocl_hybrid;default;4000;static;cores;;4partout;60;224637;-1;-1
img2d;patrin;GCC-12;1024;32;16;16;ssandPile;ocl_hybrid;default;4000;static;cores;;4partout;70;235375;-1;-1
img2d;patrin;GCC-12;1024;32;16;16;ssandPile;ocl_hybrid;default;4000;static;cores;;4partout;80;248008;-1;-1
img2d;patrin;GCC-12;1024;32;16;16;ssandPile;ocl_hybrid;default;4000;static;cores;;4partout;90;257746;-1;-1
img2d;patrin;GCC-12;1024;32;16;16;ssandPile;ocl_hybrid;default;4000;static;cores;;4partout;10;280197;-1;-1
img2d;patrin;GCC-12;1024;32;16;16;ssandPile;ocl_hybrid;default;4000;static;cores;;4partout;20;266551;-1;-1
img2d;patrin;GCC-12;1024;32;16;16;ssandPile;ocl_hybrid;default;4000;static;cores;;4partout;30;251822;-1;-1
img2d;patrin;GCC-12;1024;32;16;16;ssandPile;ocl_hybrid;default;4000;static;cores;;4partout;40;235904;-1;-1
img2d;patrin;GCC-12;1024;32;16;16;ssandPile;ocl_hybrid;default;4000;static;cores;;4partout;50;228709;-1;-1
img2d;patrin;GCC-12;1024;32;16;16;ssandPile;ocl_hybrid;default;4000;static;cores;;4partout;60;219682;-1;-1
img2d;patrin;GCC-12;1024;32;16;16;ssandPile;ocl_hybrid;default;4000;static;cores;;4partout;70;230194;-1;-1
img2d;patrin;GCC-12;1024;32;16;16;ssandPile;ocl_hybrid;default;4000;static;cores;;4partout;80;241427;-1;-1
img2d;patrin;GCC-12;1024;32;16;16;ssandPile;ocl_hybrid;default;4000;static;cores;;4partout;90;252477;-1;-1
img2d;patrin;GCC-12;1024;32;16;16;ssandPile;ocl_hybrid;default;4000;static;cores;;4partout;10;274659;-1;-1
img2d;patrin;GCC-12;1024;32;16;16;ssandPile;ocl_hybrid;default;4000;static;cores;;4partout;20;266973;-1;-1
img2d;patrin;GCC-12;1024;32;16;16;ssandPile;ocl_hybrid;default;4000;static;cores;;4partout;30;266547;-1;-1
img2d;patrin;GCC-12;1024;32;16;16;ssandPile;ocl_hybrid;default;4000;static;cores;;4partout;40;238582;-1;-1
img2d;patrin;GCC-12;1024;32;16;16;ssandPile;ocl_hybrid;default;4000;static;cores;;4partout;50;220608;-1;-1
img2d;patrin;GCC-12;1024;32;16;16;ssandPile;ocl_hybrid;default;4000;static;cores;;4partout;60;222984;-1;-1
img2d;patrin;GCC-12;1024;32;16;16;ssandPile;ocl_hybrid;default;4000;static;cores;;4partout;70;230370;-1;-1
img2d;patrin;GCC-12;1024;32;16;16;ssandPile;ocl_hybrid;default;4000;static;cores;;4partout;80;241766;-1;-1
img2d;patrin;GCC-12;1024;32;16;16;ssandPile;ocl_hybrid;default;4000;static;cores;;4partout;90;253263;-1;-1
img2d;patrin;GCC-12;1024;32;16;16;ssandPile;ocl_hybrid;default;4000;static;cores;;4partout;10;275595;-1;-1
img2d;patrin;GCC-12;1024;32;16;16;ssandPile;ocl_hybrid;default;4000;static;cores;;4partout;20;264064;-1;-1
img2d;patrin;GCC-12;1024;32;16;16;ssandPile;ocl_hybrid;default;4000;static;cores;;4partout;30;253245;-1;-1
img2d;patrin;GCC-12;1024;32;16;16;ssandPile;ocl_hybrid;default;4000;static;cores;;4partout;40;239017;-1;-1
img2d;patrin;GCC-12;1024;32;16;16;ssandPile;ocl_hybrid;default;4000;static;cores;;4partout;50;225717;-1;-1
img2d;patrin;GCC-12;1024;32;16;16;ssandPile;ocl_hybrid;default;4000;static;cores;;4partout;60;224647;-1;-1
img2d;patrin;GCC-12;1024;32;16;16;ssandPile;ocl_hybrid;default;4000;static;cores;;4partout;70;235230;-1;-1
img2d;patrin;GCC-12;1024;32;16;16;ssandPile;ocl_hybrid;default;4000;static;cores;;4partout;80;244903;-1;-1
img2d;patrin;GCC-12;1024;32;16;16;ssandPile;ocl_hybrid;default;4000;static;cores;;4partout;90;252282;-1;-1
img2d;patrin;GCC-12;1024;32;16;16;ssandPile;ocl_hybrid;default;4000;static;cores;;4partout;10;278214;-1;-1
img2d;patrin;GCC-12;1024;32;16;16;ssandPile;ocl_hybrid;default;4000;static;cores;;4partout;20;266307;-1;-1
img2d;patrin;GCC-12;1024;32;16;16;ssandPile;ocl_hybrid;default;4000;static;cores;;4partout;30;249902;-1;-1
img2d;patrin;GCC-12;1024;32;16;16;ssandPile;ocl_hybrid;default;4000;static;cores;;4partout;40;261505;-1;-1
img2d;patrin;GCC-12;1024;32;16;16;ssandPile;ocl_hybrid;default;4000;static;cores;;4partout;50;220743;-1;-1
img2d;patrin;GCC-12;1024;32;16;16;ssandPile;ocl_hybrid;default;4000;static;cores;;4partout;60;223307;-1;-1
img2d;patrin;GCC-12;1024;32;16;16;ssandPile;ocl_hybrid;default;4000;static;cores;;4partout;70;230021;-1;-1
img2d;patrin;GCC-12;1024;32;16;16;ssandPile;ocl_hybrid;default;4000;static;cores;;4partout;80;241973;-1;-1
img2d;patrin;GCC-12;1024;32;16;16;ssandPile;ocl_hybrid;default;4000;static;cores;;4partout;90;252595;-1;-1
img2d;patrin;GCC-12;1024;32;16;16;ssandPile;ocl_hybrid;default;4000;static;cores;;4partout;10;274349;-1;-1
img2d;patrin;GCC-12;1024;32;16;16;ssandPile;ocl_hybrid;default;4000;static;cores;;4partout;20;263674;-1;-1
img2d;patrin;GCC-12;1024;32;16;16;ssandPile;ocl_hybrid;default;4000;static;cores;;4partout;30;252040;-1;-1
img2d;patrin;GCC-12;1024;32;16;16;ssandPile;ocl_hybrid;default;4000;static;cores;;4partout;40;235886;-1;-1
img2d;patrin;GCC-12;1024;32;16;16;ssandPile;ocl_hybrid;default;4000;static;cores;;4partout;50;245158;-1;-1
img2d;patrin;GCC-12;1024;32;16;16;ssandPile;ocl_hybrid;default;4000;static;cores;;4partout;60;224318;-1;-1
img2d;patrin;GCC-12;1024;32;16;16;ssandPile;ocl_hybrid;default;4000;static;cores;;4partout;70;230487;-1;-1
img2d;patrin;GCC-12;1024;32;16;16;ssandPile;ocl_hybrid;default;4000;static;cores;;4partout;80;242413;-1;-1
img2d;patrin;GCC-12;1024;32;16;16;ssandPile;ocl_hybrid;default;4000;static;cores;;4partout;90;252466;-1;-1
img2d;patrin;GCC-12;1024;32;16;16;ssandPile;ocl_hybrid;default;4000;static;cores;;4partout;10;282819;-1;-1
img2d;patrin;GCC-12;1024;32;16;16;ssandPile;ocl_hybrid;default;4000;static;cores;;4partout;20;262653;-1;-1
img2d;patrin;GCC-12;1024;32;16;16;ssandPile;ocl_hybrid;default;4000;static;cores;;4partout;30;273360;-1;-1
img2d;patrin;GCC-12;1024;32;16;16;ssandPile;ocl_hybrid;default;4000;static;cores;;4partout;40;238095;-1;-1
img2d;patrin;GCC-12;1024;32;16;16;ssandPile;ocl_hybrid;default;4000;static;cores;;4partout;50;229450;-1;-1
img2d;patrin;GCC-12;1024;32;16;16;ssandPile;ocl_hybrid;default;4000;static;cores;;4partout;60;221433;-1;-1
img2d;patrin;GCC-12;1024;32;16;16;ssandPile;ocl_hybrid;default;4000;static;cores;;4partout;70;230247;-1;-1
img2d;patrin;GCC-12;1024;32;16;16;ssandPile;ocl_hybrid;default;4000;static;cores;;4partout;80;241423;-1;-1
img2d;patrin;GCC-12;1024;32;16;16;ssandPile;ocl_hybrid;default;4000;static;cores;;4partout;90;252189;-1;-1
img2d;patrin;GCC-12;1024;32;16;16;ssandPile;ocl_hybrid;default;4000;static;cores;;4partout;10;285426;-1;-1
img2d;patrin;GCC-12;1024;32;16;16;ssandPile;ocl_hybrid;default;4000;static;cores;;4partout;20;260692;-1;-1
img2d;patrin;GCC-12;1024;32;16;16;ssandPile;ocl_hybrid;default;4000;static;cores;;4partout;30;255242;-1;-1
img2d;patrin;GCC-12;1024;32;16;16;ssandPile;ocl_hybrid;default;4000;static;cores;;4partout;40;243548;-1;-1
img2d;patrin;GCC-12;1024;32;16;16;ssandPile;ocl_hybrid;default;4000;static;cores;;4partout;50;216731;-1;-1
img2d;patrin;GCC-12;1024;32;16;16;ssandPile;ocl_hybrid;default;4000;static;cores;;4partout;60;224911;-1;-1
img2d;patrin;GCC-12;1024;32;16;16;ssandPile;ocl_hybrid;default;4000;static;cores;;4partout;70;235101;-1;-1
img2d;patrin;GCC-12;1024;32;16;16;ssandPile;ocl_hybrid;default;4000;static;cores;;4partout;80;242454;-1;-1
img2d;patrin;GCC-12;1024;32;16;16;ssandPile;ocl_hybrid;default;4000;static;cores;;4partout;90;252699;-1;-1
img2d;patrin;GCC-12;1024;32;16;16;ssandPile;ocl_hybrid;default;4000;static;cores;;4partout;10;273065;-1;-1
img2d;patrin;GCC-12;1024;32;16;16;ssandPile;ocl_hybrid;default;4000;static;cores;;4partout;20;261162;-1;-1
img2d;patrin;GCC-12;1024;32;16;16;ssandPile;ocl_hybrid;default;4000;static;cores;;4partout;30;252886;-1;-1
img2d;patrin;GCC-12;1024;32;16;16;ssandPile;ocl_hybrid;default;4000;static;cores;;4partout;40;239044;-1;-1
img2d;patrin;GCC-12;1024;32;16;16;ssandPile;ocl_hybrid;default;4000;static;cores;;4partout;50;219028;-1;-1
img2d;patrin;GCC-12;1024;32;16;16;ssandPile;ocl_hybrid;default;4000;static;cores;;4partout;60;225039;-1;-1
img2d;patrin;GCC-12;1024;32;16;16;ssandPile;ocl_hybrid;default;4000;static;cores;;4partout;70;233824;-1;-1
img2d;patrin;GCC-12;1024;32;16;16;ssandPile;ocl_hybrid;default;4000;static;cores;;4partout;80;243086;-1;-1
img2d;patrin;GCC-12;1024;32;16;16;ssandPile;ocl_hybrid;default;4000;static;cores;;4partout;90;259412;-1;-1
img2d;patrin;GCC-12;1024;32;16;16;ssandPile;ocl_hybrid;default;4000;static;cores;;4partout;10;281894;-1;-1
img2d;patrin;GCC-12;1024;32;16;16;ssandPile;ocl_hybrid;default;4000;static;cores;;4partout;20;268198;-1;-1
img2d;patrin;GCC-12;1024;32;16;16;ssandPile;ocl_hybrid;default;4000;static;cores;;4partout;30;265297;-1;-1
img2d;patrin;GCC-12;1024;32;16;16;ssandPile;ocl_hybrid;default;4000;static;cores;;4partout;40;236235;-1;-1
img2d;patrin;GCC-12;1024;32;16;16;ssandPile;ocl_hybrid;default;4000;static;cores;;4partout;50;218589;-1;-1
img2d;patrin;GCC-12;1024;32;16;16;ssandPile;ocl_hybrid;default;4000;static;cores;;4partout;60;219243;-1;-1
img2d;patrin;GCC-12;1024;32;16;16;ssandPile;ocl_hybrid;default;4000;static;cores;;4partout;70;229626;-1;-1
img2d;patrin;GCC-12;1024;32;16;16;ssandPile;ocl_hybrid;default;4000;static;cores;;4partout;80;241911;-1;-1
img2d;patrin;GCC-12;1024;32;16;16;ssandPile;ocl_hybrid;default;4000;static;cores;;4partout;90;251922;-1;-1
img2d;patrin;GCC-12;1024;32;16;16;ssandPile;ocl_hybrid;default;4000;static;cores;;4partout;10;279672;-1;-1
img2d;patrin;GCC-12;1024;32;16;16;ssandPile;ocl_hybrid;default;4000;static;cores;;4partout;20;270560;-1;-1
img2d;patrin;GCC-12;1024;32;16;16;ssandPile;ocl_hybrid;default;4000;static;cores;;4partout;30;266963;-1;-1
img2d;patrin;GCC-12;1024;32;16;16;ssandPile;ocl_hybrid;default;4000;static;cores;;4partout;40;235515;-1;-1
img2d;patrin;GCC-12;1024;32;16;16;ssandPile;ocl_hybrid;default;4000;static;cores;;4partout;50;218716;-1;-1
img2d;patrin;GCC-12;1024;32;16;16;ssandPile;ocl_hybrid;default;4000;static;cores;;4partout;60;223229;-1;-1
img2d;patrin;GCC-12;1024;32;16;16;ssandPile;ocl_hybrid;default;4000;static;cores;;4partout;70;230592;-1;-1
img2d;patrin;GCC-12;1024;32;16;16;ssandPile;ocl_hybrid;default;4000;static;cores;;4partout;80;241811;-1;-1
img2d;patrin;GCC-12;1024;32;16;16;ssandPile;ocl_hybrid;default;4000;static;cores;;4partout;90;251993;-1;-1
img2d;patrin;GCC-12;1024;32;16;16;ssandPile;ocl_hybrid;default;4000;static;cores;;4partout;10;279734;-1;-1
img2d;patrin;GCC-12;1024;32;16;16;ssandPile;ocl_hybrid;default;4000;static;cores;;4partout;20;262572;-1;-1
img2d;patrin;GCC-12;1024;32;16;16;ssandPile;ocl_hybrid;default;4000;static;cores;;4partout;30;266549;-1;-1
img2d;patrin;GCC-12;1024;32;16;16;ssandPile;ocl_hybrid;default;4000;static;cores;;4partout;40;235612;-1;-1
img2d;patrin;GCC-12;1024;32;16;16;ssandPile;ocl_hybrid;default;4000;static;cores;;4partout;50;221293;-1;-1
img2d;patrin;GCC-12;1024;32;16;16;ssandPile;ocl_hybrid;default;4000;static;cores;;4partout;60;224511;-1;-1
img2d;patrin;GCC-12;1024;32;16;16;ssandPile;ocl_hybrid;default;4000;static;cores;;4partout;70;235107;-1;-1
img2d;patrin;GCC-12;1024;32;16;16;ssandPile;ocl_hybrid;default;4000;static;cores;;4partout;80;247835;-1;-1
img2d;patrin;GCC-12;1024;32;16;16;ssandPile;ocl_hybrid;default;4000;static;cores;;4partout;90;256267;-1;-1
img2d;patrin;GCC-12;1024;32;16;16;ssandPile;ocl_hybrid;default;4000;static;cores;;4partout;10;285238;-1;-1
img2d;patrin;GCC-12;1024;32;16;16;ssandPile;ocl_hybrid;default;4000;static;cores;;4partout;20;264828;-1;-1
img2d;patrin;GCC-12;1024;32;16;16;ssandPile;ocl_hybrid;default;4000;static;cores;;4partout;30;257371;-1;-1
img2d;patrin;GCC-12;1024;32;16;16;ssandPile;ocl_hybrid;default;4000;static;cores;;4partout;40;243474;-1;-1
img2d;patrin;GCC-12;1024;32;16;16;ssandPile;ocl_hybrid;default;4000;static;cores;;4partout;50;221049;-1;-1
img2d;patrin;GCC-12;1024;32;16;16;ssandPile;ocl_hybrid;default;4000;static;cores;;4partout;60;224524;-1;-1
img2d;patrin;GCC-12;1024;32;16;16;ssandPile;ocl_hybrid;default;4000;static;cores;;4partout;70;234737;-1;-1
img2d;patrin;GCC-12;1024;32;16;16;ssandPile;ocl_hybrid;default;4000;static;cores;;4partout;80;245986;-1;-1
img2d;patrin;GCC-12;1024;32;16;16;ssandPile;ocl_hybrid;default;4000;static;cores;;4partout;90;259315;-1;-1
img2d;patrin;GCC-12;1024;32;16;16;ssandPile;ocl_hybrid;default;4000;static;cores;;4partout;10;281097;-1;-1
img2d;patrin;GCC-12;1024;32;16;16;ssandPile;ocl_hybrid;default;4000;static;cores;;4partout;20;261701;-1;-1
img2d;patrin;GCC-12;1024;32;16;16;ssandPile;ocl_hybrid;default;4000;static;cores;;4partout;30;254203;-1;-1
img2d;patrin;GCC-12;1024;32;16;16;ssandPile;ocl_hybrid;default;4000;static;cores;;4partout;40;258660;-1;-1
img2d;patrin;GCC-12;1024;32;16;16;ssandPile;ocl_hybrid;default;4000;static;cores;;4partout;50;216015;-1;-1
img2d;patrin;GCC-12;1024;32;16;16;ssandPile;ocl_hybrid;default;4000;static;cores;;4partout;60;219419;-1;-1
img2d;patrin;GCC-12;1024;32;16;16;ssandPile;ocl_hybrid;default;4000;static;cores;;4partout;70;230852;-1;-1
img2d;patrin;GCC-12;1024;32;16;16;ssandPile;ocl_hybrid;default;4000;static;cores;;4partout;80;241499;-1;-1
img2d;patrin;GCC-12;1024;32;16;16;ssandPile;ocl_hybrid;default;4000;static;cores;;4partout;90;251908;-1;-1
img2d;patrin;GCC-12;1024;32;16;16;ssandPile;ocl_hybrid;default;4000;static;cores;;4partout;10;285033;-1;-1
img2d;patrin;GCC-12;1024;32;16;16;ssandPile;ocl_hybrid;default;4000;static;cores;;4partout;20;262585;-1;-1
img2d;patrin;GCC-12;1024;32;16;16;ssandPile;ocl_hybrid;default;4000;static;cores;;4partout;30;248367;-1;-1
img2d;patrin;GCC-12;1024;32;16;16;ssandPile;ocl_hybrid;default;4000;static;cores;;4partout;40;237892;-1;-1
img2d;patrin;GCC-12;1024;32;16;16;ssandPile;ocl_hybrid;default;4000;static;cores;;4partout;50;220298;-1;-1
img2d;patrin;GCC-12;1024;32;16;16;ssandPile;ocl_hybrid;default;4000;static;cores;;4partout;60;224275;-1;-1
img2d;patrin;GCC-12;1024;32;16;16;ssandPile;ocl_hybrid;default;4000;static;cores;;4partout;70;235768;-1;-1
img2d;patrin;GCC-12;1024;32;16;16;ssandPile;ocl_hybrid;default;4000;static;cores;;4partout;80;248015;-1;-1
img2d;patrin;GCC-12;1024;32;16;16;ssandPile;ocl_hybrid;default;4000;static;cores;;4partout;90;252282;-1;-1
img2d;patrin;GCC-12;1024;32;16;16;ssandPile;ocl_hybrid;default;4000;static;cores;;4partout;10;283134;-1;-1
img2d;patrin;GCC-12;1024;32;16;16;ssandPile;ocl_hybrid;default;4000;static;cores;;4partout;20;288529;-1;-1
img2d;patrin;GCC-12;1024;32;16;16;ssandPile;ocl_hybrid;default;4000;static;cores;;4partout;30;253773;-1;-1
img2d;patrin;GCC-12;1024;32;16;16;ssandPile;ocl_hybrid;default;4000;static;cores;;4partout;40;238875;-1;-1
img2d;patrin;GCC-12;1024;32;16;16;ssandPile;ocl_hybrid;default;4000;static;cores;;4partout;50;225215;-1;-1
img2d;patrin;GCC-12;1024;32;16;16;ssandPile;ocl_hybrid;default;4000;static;cores;;4partout;60;224308;-1;-1
img2d;patrin;GCC-12;1024;32;16;16;ssandPile;ocl_hybrid;default;4000;static;cores;;4partout;70;233475;-1;-1
img2d;patrin;GCC-12;1024;32;16;16;ssandPile;ocl_hybrid;default;4000;static;cores;;4partout;80;242546;-1;-1
img2d;patrin;GCC-12;1024;32;16;16;ssandPile;ocl_hybrid;default;4000;static;cores;;4partout;90;252332;-1;-1
img2d;patrin;GCC-12;1024;32;16;16;ssandPile;ocl_hybrid;default;4000;static;cores;;4partout;10;309248;-1;-1
img2d;patrin;GCC-12;1024;32;16;16;ssandPile;ocl_hybrid;default;4000;static;cores;;4partout;20;264601;-1;-1
img2d;patrin;GCC-12;1024;32;16;16;ssandPile;ocl_hybrid;default;4000;static;cores;;4partout;30;254942;-1;-1
img2d;patrin;GCC-12;1024;32;16;16;ssandPile;ocl_hybrid;default;4000;static;cores;;4partout;40;242512;-1;-1
img2d;patrin;GCC-12;1024;32;16;16;ssandPile;ocl_hybrid;default;4000;static;cores;;4partout;50;229596;-1;-1
img2d;patrin;GCC-12;1024;32;16;16;ssandPile;ocl_hybrid;default;4000;static;cores;;4partout;60;219253;-1;-1
img2d;patrin;GCC-12;1024;32;16;16;ssandPile;ocl_hybrid;default;4000;static;cores;;4partout;70;312419;-1;-1
img2d;patrin;GCC-12;1024;32;16;16;ssandPile;ocl_hybrid;default;4000;static;cores;;4partout;80;247803;-1;-1
img2d;patrin;GCC-12;1024;32;16;16;ssandPile;ocl_hybrid;default;4000;static;cores;;4partout;90;259349;-1;-1
img2d;patrin;GCC-12;1024;32;16;16;ssandPile;ocl_hybrid;default;4000;static;cores;;4partout;10;287822;-1;-1
img2d;patrin;GCC-12;1024;32;16;16;ssandPile;ocl_hybrid;default;4000;static;cores;;4partout;20;265328;-1;-1
img2d;patrin;GCC-12;1024;32;16;16;ssandPile;ocl_hybrid;default;4000;static;cores;;4partout;30;249193;-1;-1
img2d;patrin;GCC-12;1024;32;16;16;ssandPile;ocl_hybrid;default;4000;static;cores;;4partout;40;237065;-1;-1
img2d;patrin;GCC-12;1024;32;16;16;ssandPile;ocl_hybrid;default;4000;static;cores;;4partout;50;216046;-1;-1
img2d;patrin;GCC-12;1024;32;16;16;ssandPile;ocl_hybrid;default;4000;static;cores;;4partout;60;220037;-1;-1
img2d;patrin;GCC-12;1024;32;16;16;ssandPile;ocl_hybrid;default;4000;static;cores;;4partout;70;230416;-1;-1
img2d;patrin;GCC-12;1024;32;16;16;ssandPile;ocl_hybrid;default;4000;static;cores;;4partout;80;242027;-1;-1
img2d;patrin;GCC-12;1024;32;16;16;ssandPile;ocl_hybrid;default;4000;static;cores;;4partout;90;252959;-1;-1
img2d;patrin;GCC-12;1024;32;16;16;ssandPile;ocl_hybrid;default;4000;static;cores;;4partout;10;275893;-1;-1
img2d;patrin;GCC-12;1024;32;16;16;ssandPile;ocl_hybrid;default;4000;static;cores;;4partout;20;263635;-1;-1
img2d;patrin;GCC-12;1024;32;16;16;ssandPile;ocl_hybrid;default;4000;static;cores;;4partout;30;262830;-1;-1
img2d;patrin;GCC-12;1024;32;16;16;ssandPile;ocl_hybrid;default;4000;static;cores;;4partout;40;235712;-1;-1
img2d;patrin;GCC-12;1024;32;16;16;ssandPile;ocl_hybrid;default;4000;static;cores;;4partout;50;224886;-1;-1
img2d;patrin;GCC-12;1024;32;16;16;ssandPile;ocl_hybrid;default;4000;static;cores;;4partout;60;224471;-1;-1
img2d;patrin;GCC-12;1024;32;16;16;ssandPile;ocl_hybrid;default;4000;static;cores;;4partout;70;235917;-1;-1
img2d;patrin;GCC-12;1024;32;16;16;ssandPile;ocl_hybrid;default;4000;static;cores;;4partout;80;241479;-1;-1
img2d;patrin;GCC-12;1024;32;16;16;ssandPile;ocl_hybrid;default;4000;static;cores;;4partout;90;252538;-1;-1
img2d;patrin;GCC-12;1024;32;16;16;ssandPile;ocl_hybrid;default;4000;static;cores;;4partout;10;298313;-1;-1
img2d;patrin;GCC-12;1024;32;16;16;ssandPile;ocl_hybrid;default;4000;static;cores;;4partout;20;264549;-1;-1
img2d;patrin;GCC-12;1024;32;16;16;ssandPile;ocl_hybrid;default;4000;static;cores;;4partout;30;250009;-1;-1
img2d;patrin;GCC-12;1024;32;16;16;ssandPile;ocl_hybrid;default;4000;static;cores;;4partout;40;237850;-1;-1
img2d;patrin;GCC-12;1024;32;16;16;ssandPile;ocl_hybrid;default;4000;static;cores;;4partout;50;234047;-1;-1
img2d;patrin;GCC-12;1024;32;16;16;ssandPile;ocl_hybrid;default;4000;static;cores;;4partout;60;219765;-1;-1
img2d;patrin;GCC-12;1024;32;16;16;ssandPile;ocl_hybrid;default;4000;static;cores;;4partout;70;229840;-1;-1
img2d;patrin;GCC-12;1024;32;16;16;ssandPile;ocl_hybrid;default;4000;static;cores;;4partout;80;242550;-1;-1
img2d;patrin;GCC-12;1024;32;16;16;ssandPile;ocl_hybrid;default;4000;static;cores;;4partout;90;252358;-1;-1
img2d;patrin;GCC-12;1024;32;16;16;ssandPile;ocl_hybrid;default;4000;static;cores;;4partout;10;273133;-1;-1
img2d;patrin;GCC-12;1024;32;16;16;ssandPile;ocl_hybrid;default;4000;static;cores;;4partout;20;261554;-1;-1
img2d;patrin;GCC-12;1024;32;16;16;ssandPile;ocl_hybrid;default;4000;static;cores;;4partout;30;249715;-1;-1
img2d;patrin;GCC-12;1024;32;16;16;ssandPile;ocl_hybrid;default;4000;static;cores;;4partout;40;257764;-1;-1
img2d;patrin;GCC-12;1024;32;16;16;ssandPile;ocl_hybrid;default;4000;static;cores;;4partout;50;217601;-1;-1
img2d;patrin;GCC-12;1024;32;16;16;ssandPile;ocl_hybrid;default;4000;static;cores;;4partout;60;223255;-1;-1
img2d;patrin;GCC-12;1024;32;16;16;ssandPile;ocl_hybrid;default;4000;static;cores;;4partout;70;229712;-1;-1
img2d;patrin;GCC-12;1024;32;16;16;ssandPile;ocl_hybrid;default;4000;static;cores;;4partout;80;241190;-1;-1
img2d;patrin;GCC-12;1024;32;16;16;ssandPile;ocl_hybrid;default;4000;static;cores;;4partout;90;253474;-1;-1
img2d;patrin;GCC-12;1024;32;16;16;ssandPile;ocl_hybrid;default;4000;static;cores;;4partout;10;282035;-1;-1
img2d;patrin;GCC-12;1024;32;16;16;ssandPile;ocl_hybrid;default;4000;static;cores;;4partout;20;264191;-1;-1
img2d;patrin;GCC-12;1024;32;16;16;ssandPile;ocl_hybrid;default;4000;static;cores;;4partout;30;270360;-1;-1
img2d;patrin;GCC-12;1024;32;16;16;ssandPile;ocl_hybrid;default;4000;static;cores;;4partout;40;235189;-1;-1
img2d;patrin;GCC-12;1024;32;16;16;ssandPile;ocl_hybrid;default;4000;static;cores;;4partout;50;225870;-1;-1
img2d;patrin;GCC-12;1024;32;16;16;ssandPile;ocl_hybrid;default;4000;static;cores;;4partout;60;219414;-1;-1
img2d;patrin;GCC-12;1024;32;16;16;ssandPile;ocl_hybrid;default;4000;static;cores;;4partout;70;230026;-1;-1
img2d;patrin;GCC-12;1024;32;16;16;ssandPile;ocl_hybrid;default;4000;static;cores;;4partout;80;241884;-1;-1
img2d;patrin;GCC-12;1024;32;16;16;ssandPile;ocl_hybrid;default;4000;static;cores;;4partout;90;252433;-1;-1
img2d;patrin;GCC-12;1024;32;16;16;ssandPile;ocl_hybrid;default;4000;static;cores;;4partout;10;283638;-1;-1
img2d;patrin;GCC-12;1024;32;16;16;ssandPile;ocl_hybrid;default;4000;static;cores;;4partout;20;271162;-1;-1
img2d;patrin;GCC-12;1024;32;16;16;ssandPile;ocl_hybrid;default;4000;static;cores;;4partout;30;257417;-1;-1
img2d;patrin;GCC-12;1024;32;16;16;ssandPile;ocl_hybrid;default;4000;static;cores;;4partout;40;236763;-1;-1
img2d;patrin;GCC-12;1024;32;16;16;ssandPile;ocl_hybrid;default;4000;static;cores;;4partout;50;240117;-1;-1
img2d;patrin;GCC-12;1024;32;16;16;ssandPile;ocl_hybrid;default;4000;static;cores;;4partout;60;224790;-1;-1
img2d;patrin;GCC-12;1024;32;16;16;ssandPile;ocl_hybrid;default;4000;static;cores;;4partout;70;235572;-1;-1
img2d;patrin;GCC-12;1024;32;16;16;ssandPile;ocl_hybrid;default;4000;static;cores;;4partout;80;247810;-1;-1
img2d;patrin;GCC-12;1024;32;16;16;ssandPile;ocl_hybrid;default;4000;static;cores;;4partout;90;258758;-1;-1
img2d;patrin;GCC-12;1024;32;16;16;ssandPile;ocl_hybrid;default;4000;static;cores;;4partout;10;286411;-1;-1
img2d;patrin;GCC-12;1024;32;16;16;ssandPile;ocl_hybrid;default;4000;static;cores;;4partout;20;281757;-1;-1
img2d;patrin;GCC-12;1024;32;16;16;ssandPile;ocl_hybrid;default;4000;static;cores;;4partout;30;247847;-1;-1
img2d;patrin;GCC-12;1024;32;16;16;ssandPile;ocl_hybrid;default;4000;static;cores;;4partout;40;239093;-1;-1
img2d;patrin;GCC-12;1024;32;16;16;ssandPile;ocl_hybrid;default;4000;static;cores;;4partout;50;220074;-1;-1
img2d;patrin;GCC-12;1024;32;16;16;ssandPile;ocl_hybrid;default;4000;static;cores;;4partout;60;224579;-1;-1
img2d;patrin;GCC-12;1024;32;16;16;ssandPile;ocl_hybrid;default;4000;static;cores;;4partout;70;236090;-1;-1
img2d;patrin;GCC-12;1024;32;16;16;ssandPile;ocl_hybrid;default;4000;static;cores;;4partout;80;241663;-1;-1
img2d;patrin;GCC-12;1024;32;16;16;ssandPile;ocl_hybrid;default;4000;static;cores;;4partout;90;252977;-1;-1
img2d;patrin;GCC-12;1024;32;16;16;ssandPile;ocl_hybrid;default;4000;static;cores;;4partout;10;291076;-1;-1
img2d;patrin;GCC-12;1024;32;16;16;ssandPile;ocl_hybrid;default;4000;static;cores;;4partout;20;263352;-1;-1
img2d;patrin;GCC-12;1024;32;16;16;ssandPile;ocl_hybrid;default;4000;static;cores;;4partout;30;266226;-1;-1
img2d;patrin;GCC-12;1024;32;16;16;ssandPile;ocl_hybrid;default;4000;static;cores;;4partout;40;236795;-1;-1
img2d;patrin;GCC-12;1024;32;16;16;ssandPile;ocl_hybrid;default;4000;static;cores;;4partout;50;217745;-1;-1
img2d;patrin;GCC-12;1024;32;16;16;ssandPile;ocl_hybrid;default;4000;static;cores;;4partout;60;220308;-1;-1
img2d;patrin;GCC-12;1024;32;16;16;ssandPile;ocl_hybrid;default;4000;static;cores;;4partout;70;230473;-1;-1
img2d;patrin;GCC-12;1024;32;16;16;ssandPile;ocl_hybrid;default;4000;static;cores;;4partout;80;241706;-1;-1
img2d;patrin;GCC-12;1024;32;16;16;ssandPile;ocl_hybrid;default;4000;static;cores;;4partout;90;252056;-1;-1
img2d;patrin;GCC-12;1024;32;16;16;ssandPile;ocl_hybrid;default;4000;static;cores;;4partout;10;285044;-1;-1
img2d;patrin;GCC-12;1024;32;16;16;ssandPile;ocl_hybrid;default;4000;static;cores;;4partout;20;265475;-1;-1
img2d;patrin;GCC-12;1024;32;16;16;ssandPile;ocl_hybrid;default;4000;static;cores;;4partout;30;250463;-1;-1
img2d;patrin;GCC-12;1024;32;16;16;ssandPile;ocl_hybrid;default;4000;static;cores;;4partout;40;235158;-1;-1
img2d;patrin;GCC-12;1024;32;16;16;ssandPile;ocl_hybrid;default;4000;static;cores;;4partout;50;217605;-1;-1
img2d;patrin;GCC-12;1024;32;16;16;ssandPile;ocl_hybrid;default;4000;static;cores;;4partout;60;223853;-1;-1
img2d;patrin;GCC-12;1024;32;16;16;ssandPile;ocl_hybrid;default;4000;static;cores;;4partout;70;230123;-1;-1
img2d;patrin;GCC-12;1024;32;16;16;ssandPile;ocl_hybrid;default;4000;static;cores;;4partout;80;241692;-1;-1
img2d;patrin;GCC-12;1024;32;16;16;ssandPile;ocl_hybrid;default;4000;static;cores;;4partout;90;252920;-1;-1
img2d;patrin;GCC-12;1024;32;16;16;ssandPile;ocl_hybrid;default;4000;static;cores;;4partout;10;275264;-1;-1
img2d;patrin;GCC-12;1024;32;16;16;ssandPile;ocl_hybrid;default;4000;static;cores;;4partout;20;280456;-1;-1
img2d;patrin;GCC-12;1024;32;16;16;ssandPile;ocl_hybrid;default;4000;static;cores;;4partout;30;259295;-1;-1
img2d;patrin;GCC-12;1024;32;16;16;ssandPile;ocl_hybrid;default;4000;static;cores;;4partout;40;252316;-1;-1
img2d;patrin;GCC-12;1024;32;16;16;ssandPile;ocl_hybrid;default;4000;static;cores;;4partout;50;217364;-1;-1
img2d;patrin;GCC-12;1024;32;16;16;ssandPile;ocl_hybrid;default;4000;static;cores;;4partout;60;223111;-1;-1
img2d;patrin;GCC-12;1024;32;16;16;ssandPile;ocl_hybrid;default;4000;static;cores;;4partout;70;230336;-1;-1
img2d;patrin;GCC-12;1024;32;16;16;ssandPile;ocl_hybrid;default;4000;static;cores;;4partout;80;242089;-1;-1
img2d;patrin;GCC-12;1024;32;16;16;ssandPile;ocl_hybrid;default;4000;static;cores;;4partout;90;252266;-1;-1
img2d;patrin;GCC-12;1024;32;16;16;ssandPile;ocl_hybrid;default;4000;static;cores;;4partout;10;275194;-1;-1
img2d;patrin;GCC-12;1024;32;16;16;ssandPile;ocl_hybrid;default;4000;static;cores;;4partout;20;268823;-1;-1
img2d;patrin;GCC-12;1024;32;16;16;ssandPile;ocl_hybrid;default;4000;static;cores;;4partout;30;254951;-1;-1
img2d;patrin;GCC-12;1024;32;16;16;ssandPile;ocl_hybrid;default;4000;static;cores;;4partout;40;243556;-1;-1
img2d;patrin;GCC-12;1024;32;16;16;ssandPile;ocl_hybrid;default;4000;static;cores;;4partout;50;239364;-1;-1
img2d;patrin;GCC-12;1024;32;16;16;ssandPile;ocl_hybrid;default;4000;static;cores;;4partout;60;220013;-1;-1
img2d;patrin;GCC-12;1024;32;16;16;ssandPile;ocl_hybrid;default;4000;static;cores;;4partout;70;230156;-1;-1
img2d;patrin;GCC-12;1024;32;16;16;ssandPile;ocl_hybrid;default;4000;static;cores;;4partout;80;242102;-1;-1
img2d;patrin;GCC-12;1024;32;16;16;ssandPile;ocl_hybrid;default;4000;static;cores;;4partout;90;252840;-1;-1
img2d;patrin;GCC-12;1024;32;16;16;ssandPile;ocl_hybrid;default;4000;static;cores;;4partout;10;280288;-1;-1
img2d;patrin;GCC-12;1024;32;16;16;ssandPile;ocl_hybrid;default;4000;static;cores;;4partout;20;273093;-1;-1
img2d;patrin;GCC-12;1024;32;16;16;ssandPile;ocl_hybrid;default;4000;static;cores;;4partout;30;250930;-1;-1
img2d;patrin;GCC-12;1024;32;16;16;ssandPile;ocl_hybrid;default;4000;static;cores;;4partout;40;259528;-1;-1
img2d;patrin;GCC-12;1024;32;16;16;ssandPile;ocl_hybrid;default;4000;static;cores;;4partout;50;217964;-1;-1
img2d;patrin;GCC-12;1024;32;16;16;ssandPile;ocl_hybrid;default;4000;static;cores;;4partout;60;219110;-1;-1
img2d;patrin;GCC-12;1024;32;16;16;ssandPile;ocl_hybrid;default;4000;static;cores;;4partout;70;230341;-1;-1
img2d;patrin;GCC-12;1024;32;16;16;ssandPile;ocl_hybrid;default;4000;static;cores;;4partout;80;242061;-1;-1
img2d;patrin;GCC-12;1024;32;16;16;ssandPile;ocl_hybrid;default;4000;static;cores;;4partout;90;252411;-1;-1
img2d;patrin;GCC-12;1024;32;16;16;ssandPile;ocl_hybrid;default;4000;static;cores;;4partout;10;273812;-1;-1
img2d;patrin;GCC-12;1024;32;16;16;ssandPile;ocl_hybrid;default;4000;static;cores;;4partout;20;272895;-1;-1
img2d;patrin;GCC-12;1024;32;16;16;ssandPile;ocl_hybrid;default;4000;static;cores;;4partout;30;261291;-1;-1
img2d;patrin;GCC-12;1024;32;16;16;ssandPile;ocl_hybrid;default;4000;static;cores;;4partout;40;235915;-1;-1
img2d;patrin;GCC-12;1024;32;16;16;ssandPile;ocl_hybrid;default;4000;static;cores;;4partout;50;226172;-1;-1
img2d;patrin;GCC-12;1024;32;16;16;ssandPile;ocl_hybrid;default;4000;static;cores;;4partout;60;224146;-1;-1
img2d;patrin;GCC-12;1024;32;16;16;ssandPile;ocl_hybrid;default;4000;static;cores;;4partout;70;235871;-1;-1
img2d;patrin;GCC-12;1024;32;16;16;ssandPile;ocl_hybrid;default;4000;static;cores;;4partout;80;247956;-1;-1
img2d;patrin;GCC-12;1024;32;16;16;ssandPile;ocl_hybrid;default;4000;static;cores;;4partout;90;252685;-1;-1
img2d;patrin;GCC-12;1024;32;16;16;ssandPile;ocl_hybrid;default;4000;static;cores;;4partout;10;280965;-1;-1
img2d;patrin;GCC-12;1024;32;16;16;ssandPile;ocl_hybrid;default;4000;static;cores;;4partout;20;266572;-1;-1
img2d;patrin;GCC-12;1024;32;16;16;ssandPile;ocl_hybrid;default;4000;static;cores;;4partout;30;251570;-1;-1
img2d;patrin;GCC-12;1024;32;16;16;ssandPile;ocl_hybrid;default;4000;static;cores;;4partout;40;235354;-1;-1
img2d;patrin;GCC-12;1024;32;16;16;ssandPile;ocl_hybrid;default;4000;static;cores;;4partout;50;216230;-1;-1
img2d;patrin;GCC-12;1024;32;16;16;ssandPile;ocl_hybrid;default;4000;static;cores;;4partout;60;219628;-1;-1
img2d;patrin;GCC-12;1024;32;16;16;ssandPile;ocl_hybrid;default;4000;static;cores;;4partout;70;230044;-1;-1
img2d;patrin;GCC-12;1024;32;16;16;ssandPile;ocl_hybrid;default;4000;static;cores;;4partout;80;242173;-1;-1
img2d;patrin;GCC-12;1024;32;16;16;ssandPile;ocl_hybrid;default;4000;static;cores;;4partout;90;252255;-1;-1
img2d;patrin;GCC-12;1024;32;16;16;ssandPile;ocl_hybrid;default;4000;static;cores;;4partout;10;308587;-1;-1
img2d;patrin;GCC-12;1024;32;16;16;ssandPile;ocl_hybrid;default;4000;static;cores;;4partout;20;264504;-1;-1
img2d;patrin;GCC-12;1024;32;16;16;ssandPile;ocl_hybrid;default;4000;static;cores;;4partout;30;248877;-1;-1
img2d;patrin;GCC-12;1024;32;16;16;ssandPile;ocl_hybrid;default;4000;static;cores;;4partout;40;241417;-1;-1
img2d;patrin;GCC-12;1024;32;16;16;ssandPile;ocl_hybrid;default;4000;static;cores;;4partout;50;224238;-1;-1
img2d;patrin;GCC-12;1024;32;16;16;ssandPile;ocl_hybrid;default;4000;static;cores;;4partout;60;219709;-1;-1
img2d;patrin;GCC-12;1024;32;16;16;ssandPile;ocl_hybrid;default;4000;static;cores;;4partout;70;230288;-1;-1
img2d;patrin;GCC-12;1024;32;16;16;ssandPile;ocl_hybrid;default;4000;static;cores;;4partout;80;242176;-1;-1
img2d;patrin;GCC-12;1024;32;16;16;ssandPile;ocl_hybrid;default;4000;static;cores;;4partout;90;252772;-1;-1
img2d;patrin;GCC-12;1024;32;16;16;ssandPile;ocl_hybrid;default;4000;static;cores;;4partout;10;281613;-1;-1
img2d;patrin;GCC-12;1024;32;16;16;ssandPile;ocl_hybrid;default;4000;static;cores;;4partout;20;263832;-1;-1
img2d;patrin;GCC-12;1024;32;16;16;ssandPile;ocl_hybrid;default;4000;static;cores;;4partout;30;251748;-1;-1
img2d;patrin;GCC-12;1024;32;16;16;ssandPile;ocl_hybrid;default;4000;static;cores;;4partout;40;234685;-1;-1
img2d;patrin;GCC-12;1024;32;16;16;ssandPile;ocl_hybrid;default;4000;static;cores;;4partout;50;227563;-1;-1
img2d;patrin;GCC-12;1024;32;16;16;ssandPile;ocl_hybrid;default;4000;static;cores;;4partout;60;219504;-1;-1
img2d;patrin;GCC-12;1024;32;16;16;ssandPile;ocl_hybrid;default;4000;static;cores;;4partout;70;230200;-1;-1
img2d;patrin;GCC-12;1024;32;16;16;ssandPile;ocl_hybrid;default;4000;static;cores;;4partout;80;241708;-1;-1
img2d;patrin;GCC-12;1024;32;16;16;ssandPile;ocl_hybrid;default;4000;static;cores;;4partout;90;252902;-1;-1
img2d;patrin;GCC-12;1024;32;16;16;ssandPile;ocl_hybrid;default;4000;static;cores;;4partout;10;283375;-1;-1
img2d;patrin;GCC-12;1024;32;16;16;ssandPile;ocl_hybrid;default;4000;static;cores;;4partout;20;267486;-1;-1
img2d;patrin;GCC-12;1024;32;16;16;ssandPile;ocl_hybrid;default;4000;static;cores;;4partout;30;250236;-1;-1
img2d;patrin;GCC-12;1024;32;16;16;ssandPile;ocl_hybrid;default;4000;static;cores;;4partout;40;235412;-1;-1
img2d;patrin;GCC-12;1024;32;16;16;ssandPile;ocl_hybrid;default;4000;static;cores;;4partout;50;222574;-1;-1
img2d;patrin;GCC-12;1024;32;16;16;ssandPile;ocl_hybrid;default;4000;static;cores;;4partout;60;224131;-1;-1
img2d;patrin;GCC-12;1024;32;16;16;ssandPile;ocl_hybrid;default;4000;static;cores;;4partout;70;235541;-1;-1
img2d;patrin;GCC-12;1024;32;16;16;ssandPile;ocl_hybrid;default;4000;static;cores;;4partout;80;247878;-1;-1
img2d;patrin;GCC-12;1024;32;16;16;ssandPile;ocl_hybrid;default;4000;static;cores;;4partout;90;252747;-1;-1
img2d;patrin;GCC-12;1024;32;16;16;ssandPile;ocl_hybrid;default;4000;static;cores;;4partout;10;278527;-1;-1
img2d;patrin;GCC-12;1024;32;16;16;ssandPile;ocl_hybrid;default;4000;static;cores;;4partout;20;264313;-1;-1
img2d;patrin;GCC-12;1024;32;16;16;ssandPile;ocl_hybrid;default;4000;static;cores;;4partout;30;272205;-1;-1
img2d;patrin;GCC-12;1024;32;16;16;ssandPile;ocl_hybrid;default;4000;static;cores;;4partout;40;239695;-1;-1
img2d;patrin;GCC-12;1024;32;16;16;ssandPile;ocl_hybrid;default;4000;static;cores;;4partout;50;217524;-1;-1
img2d;patrin;GCC-12;1024;32;16;16;ssandPile;ocl_hybrid;default;4000;static;cores;;4partout;60;225554;-1;-1
img2d;patrin;GCC-12;1024;32;16;16;ssandPile;ocl_hybrid;default;4000;static;cores;;4partout;70;234690;-1;-1
img2d;patrin;GCC-12;1024;32;16;16;ssandPile;ocl_hybrid;default;4000;static;cores;;4partout;80;243579;-1;-1
img2d;patrin;GCC-12;1024;32;16;16;ssandPile;ocl_hybrid;default;4000;static;cores;;4partout;90;257883;-1;-1
img2d;patrin;GCC-12;1024;32;16;16;ssandPile;ocl_hybrid;default;4000;static;cores;;4partout;10;274032;-1;-1
img2d;patrin;GCC-12;1024;32;16;16;ssandPile;ocl_hybrid;default;4000;static;cores;;4partout;20;263766;-1;-1
img2d;patrin;GCC-12;1024;32;16;16;ssandPile;ocl_hybrid;default;4000;static;cores;;4partout;30;269653;-1;-1
img2d;patrin;GCC-12;1024;32;16;16;ssandPile;ocl_hybrid;default;4000;static;cores;;4partout;40;235282;-1;-1
img2d;patrin;GCC-12;1024;32;16;16;ssandPile;ocl_hybrid;default;4000;static;cores;;4partout;50;220743;-1;-1
img2d;patrin;GCC-12;1024;32;16;16;ssandPile;ocl_hybrid;default;4000;static;cores;;4partout;60;224243;-1;-1
img2d;patrin;GCC-12;1024;32;16;16;ssandPile;ocl_hybrid;default;4000;static;cores;;4partout;70;229564;-1;-1
img2d;patrin;GCC-12;1024;32;16;16;ssandPile;ocl_hybrid;default;4000;static;cores;;4partout;80;242060;-1;-1
img2d;patrin;GCC-12;1024;32;16;16;ssandPile;ocl_hybrid;default;4000;static;cores;;4partout;90;252479;-1;-1
img2d;patrin;GCC-12;1024;32;16;16;ssandPile;ocl_hybrid;default;4000;static;cores;;4partout;10;280662;-1;-1
img2d;patrin;GCC-12;1024;32;16;16;ssandPile;ocl_hybrid;default;4000;static;cores;;4partout;20;261066;-1;-1
img2d;patrin;GCC-12;1024;32;16;16;ssandPile;ocl_hybrid;default;4000;static;cores;;4partout;30;249566;-1;-1
img2d;patrin;GCC-12;1024;32;16;16;ssandPile;ocl_hybrid;default;4000;static;cores;;4partout;40;237754;-1;-1
img2d;patrin;GCC-12;1024;32;16;16;ssandPile;ocl_hybrid;default;4000;static;cores;;4partout;50;232649;-1;-1
img2d;patrin;GCC-12;1024;32;16;16;ssandPile;ocl_hybrid;default;4000;static;cores;;4partout;60;219111;-1;-1
img2d;patrin;GCC-12;1024;32;16;16;ssandPile;ocl_hybrid;default;4000;static;cores;;4partout;70;230723;-1;-1
img2d;patrin;GCC-12;1024;32;16;16;ssandPile;ocl_hybrid;default;4000;static;cores;;4partout;80;243979;-1;-1
img2d;patrin;GCC-12;1024;32;16;16;ssandPile;ocl_hybrid;default;4000;static;cores;;4partout;90;252991;-1;-1
img2d;patrin;GCC-12;1024;32;16;16;ssandPile;ocl_hybrid;default;4000;static;cores;;4partout;10;288269;-1;-1
img2d;patrin;GCC-12;1024;32;16;16;ssandPile;ocl_hybrid;default;4000;static;cores;;4partout;20;266793;-1;-1
img2d;patrin;GCC-12;1024;32;16;16;ssandPile;ocl_hybrid;default;4000;static;cores;;4partout;30;253563;-1;-1
img2d;patrin;GCC-12;1024;32;16;16;ssandPile;ocl_hybrid;default;4000;static;cores;;4partout;40;254979;-1;-1
img2d;patrin;GCC-12;1024;32;16;16;ssandPile;ocl_hybrid;default;4000;static;cores;;4partout;50;228902;-1;-1
img2d;patrin;GCC-12;1024;32;16;16;ssandPile;ocl_hybrid;default;4000;static;cores;;4partout;60;219719;-1;-1
img2d;patrin;GCC-12;1024;32;16;16;ssandPile;ocl_hybrid;default;4000;static;cores;;4partout;70;230124;-1;-1
img2d;patrin;GCC-12;1024;32;16;16;ssandPile;ocl_hybrid;default;4000;static;cores;;4partout;80;242073;-1;-1
img2d;patrin;GCC-12;1024;32;16;16;ssandPile;ocl_hybrid;default;4000;static;cores;;4partout;90;254442;-1;-1
img2d;patrin;GCC-12;1024;32;16;16;ssandPile;ocl_hybrid;default;4000;static;cores;;4partout;10;280647;-1;-1
img2d;patrin;GCC-12;1024;32;16;16;ssandPile;ocl_hybrid;default;4000;static;cores;;4partout;20;262047;-1;-1
img2d;patrin;GCC-12;1024;32;16;16;ssandPile;ocl_hybrid;default;4000;static;cores;;4partout;30;267127;-1;-1
img2d;patrin;GCC-12;1024;32;16;16;ssandPile;ocl_hybrid;default;4000;static;cores;;4partout;40;234169;-1;-1
img2d;patrin;GCC-12;1024;32;16;16;ssandPile;ocl_hybrid;default;4000;static;cores;;4partout;50;215751;-1;-1
img2d;patrin;GCC-12;1024;32;16;16;ssandPile;ocl_hybrid;default;4000;static;cores;;4partout;60;224739;-1;-1
img2d;patrin;GCC-12;1024;32;16;16;ssandPile;ocl_hybrid;default;4000;static;cores;;4partout;70;236345;-1;-1
img2d;patrin;GCC-12;1024;32;16;16;ssandPile;ocl_hybrid;default;4000;static;cores;;4partout;80;247892;-1;-1
img2d;patrin;GCC-12;1024;32;16;16;ssandPile;ocl_hybrid;default;4000;static;cores;;4partout;90;252241;-1;-1
img2d;patrin;GCC-12;1024;32;16;16;ssandPile;ocl_hybrid;default;4000;static;cores;;4partout;10;277779;-1;-1
img2d;patrin;GCC-12;1024;32;16;16;ssandPile;ocl_hybrid;default;4000;static;cores;;4partout;20;263389;-1;-1
img2d;patrin;GCC-12;1024;32;16;16;ssandPile;ocl_hybrid;default;4000;static;cores;;4partout;30;251966;-1;-1
img2d;patrin;GCC-12;1024;32;16;16;ssandPile;ocl_hybrid;default;4000;static;cores;;4partout;40;243765;-1;-1
img2d;patrin;GCC-12;1024;32;16;16;ssandPile;ocl_hybrid;default;4000;static;cores;;4partout;50;220838;-1;-1
img2d;patrin;GCC-12;1024;32;16;16;ssandPile;ocl_hybrid;default;4000;static;cores;;4partout;60;224515;-1;-1
img2d;patrin;GCC-12;1024;32;16;16;ssandPile;ocl_hybrid;default;4000;static;cores;;4partout;70;235942;-1;-1
img2d;patrin;GCC-12;1024;32;16;16;ssandPile;ocl_hybrid;default;4000;static;cores;;4partout;80;241391;-1;-1
img2d;patrin;GCC-12;1024;32;16;16;ssandPile;ocl_hybrid;default;4000;static;cores;;4partout;90;252390;-1;-1
img2d;patrin;GCC-12;1024;32;16;16;ssandPile;ocl_hybrid;default;4000;static;cores;;4partout;10;275897;-1;-1
img2d;patrin;GCC-12;1024;32;16;16;ssandPile;ocl_hybrid;default;4000;static;cores;;4partout;20;275620;-1;-1
img2d;patrin;GCC-12;1024;32;16;16;ssandPile;ocl_hybrid;default;4000;static;cores;;4partout;30;247352;-1;-1
img2d;patrin;GCC-12;1024;32;16;16;ssandPile;ocl_hybrid;default;4000;static;cores;;4partout;40;243845;-1;-1
img2d;patrin;GCC-12;1024;32;16;16;ssandPile;ocl_hybrid;default;4000;static;cores;;4partout;50;226441;-1;-1
img2d;patrin;GCC-12;1024;32;16;16;ssandPile;ocl_hybrid;default;4000;static;cores;;4partout;60;223574;-1;-1
img2d;patrin;GCC-12;1024;32;16;16;ssandPile;ocl_hybrid;default;4000;static;cores;;4partout;70;230110;-1;-1
img2d;patrin;GCC-12;1024;32;16;16;ssandPile;ocl_hybrid;default;4000;static;cores;;4partout;80;242296;-1;-1
img2d;patrin;GCC-12;1024;32;16;16;ssandPile;ocl_hybrid;default;4000;static;cores;;4partout;90;252827;-1;-1
img2d;patrin;GCC-12;2048;32;16;16;ssandPile;ocl_hybrid;default;2000;static;cores;;spirals;10;360057;-1;-1
img2d;patrin;GCC-12;2048;32;16;16;ssandPile;ocl_hybrid;default;2000;static;cores;;spirals;20;328961;-1;-1
img2d;patrin;GCC-12;2048;32;16;16;ssandPile;ocl_hybrid;default;2000;static;cores;;spirals;30;291533;-1;-1
img2d;patrin;GCC-12;2048;32;16;16;ssandPile;ocl_hybrid;default;2000;static;cores;;spirals;40;256586;-1;-1
img2d;patrin;GCC-12;2048;32;16;16;ssandPile;ocl_hybrid;default;2000;static;cores;;spirals;50;224671;-1;-1
img2d;patrin;GCC-12;2048;32;16;16;ssandPile;ocl_hybrid;default;2000;static;cores;;spirals;60;215252;-1;-1
img2d;patrin;GCC-12;2048;32;16;16;ssandPile;ocl_hybrid;default;2000;static;cores;;spirals;70;240390;-1;-1
img2d;patrin;GCC-12;2048;32;16;16;ssandPile;ocl_hybrid;default;2000;static;cores;;spirals;80;265855;-1;-1
img2d;patrin;GCC-12;2048;32;16;16;ssandPile;ocl_hybrid;default;2000;static;cores;;spirals;90;290581;-1;-1
img2d;patrin;GCC-12;2048;32;16;16;ssandPile;ocl_hybrid;default;2000;static;cores;;spirals;10;363862;-1;-1
img2d;patrin;GCC-12;2048;32;16;16;ssandPile;ocl_hybrid;default;2000;static;cores;;spirals;20;324891;-1;-1
img2d;patrin;GCC-12;2048;32;16;16;ssandPile;ocl_hybrid;default;2000;static;cores;;spirals;30;294590;-1;-1
img2d;patrin;GCC-12;2048;32;16;16;ssandPile;ocl_hybrid;default;2000;static;cores;;spirals;40;259261;-1;-1
img2d;patrin;GCC-12;2048;32;16;16;ssandPile;ocl_hybrid;default;2000;static;cores;;spirals;50;225151;-1;-1
img2d;patrin;GCC-12;2048;32;16;16;ssandPile;ocl_hybrid;default;2000;static;cores;;spirals;60;215029;-1;-1
img2d;patrin;GCC-12;2048;32;16;16;ssandPile;ocl_hybrid;default;2000;static;cores;;spirals;70;240675;-1;-1
img2d;patrin;GCC-12;2048;32;16;16;ssandPile;ocl_hybrid;default;2000;static;cores;;spirals;80;266387;-1;-1
img2d;patrin;GCC-12;2048;32;16;16;ssandPile;ocl_hybrid;default;2000;static;cores;;spirals;90;290035;-1;-1
img2d;patrin;GCC-12;2048;32;16;16;ssandPile;ocl_hybrid;default;2000;static;cores;;spirals;10;364446;-1;-1
img2d;patrin;GCC-12;2048;32;16;16;ssandPile;ocl_hybrid;default;2000;static;cores;;spirals;20;344284;-1;-1
img2d;patrin;GCC-12;2048;32;16;16;ssandPile;ocl_hybrid;default;2000;static;cores;;spirals;30;293353;-1;-1
img2d;patrin;GCC-12;2048;32;16;16;ssandPile;ocl_hybrid;default;2000;static;cores;;spirals;40;263954;-1;-1
img2d;patrin;GCC-12;2048;32;16;16;ssandPile;ocl_hybrid;default;2000;static;cores;;spirals;50;223266;-1;-1
img2d;patrin;GCC-12;2048;32;16;16;ssandPile;ocl_hybrid;default;2000;static;cores;;spirals;60;215234;-1;-1
img2d;patrin;GCC-12;2048;32;16;16;ssandPile;ocl_hybrid;default;2000;static;cores;;spirals;70;240346;-1;-1
img2d;patrin;GCC-12;2048;32;16;16;ssandPile;ocl_hybrid;default;2000;static;cores;;spirals;80;266374;-1;-1
img2d;patrin;GCC-12;2048;32;16;16;ssandPile;ocl_hybrid;default;2000;static;cores;;spirals;90;290250;-1;-1
img2d;patrin;GCC-12;2048;32;16;16;ssandPile;ocl_hybrid;default;2000;static;cores;;spirals;10;361011;-1;-1
img2d;patrin;GCC-12;2048;32;16;16;ssandPile;ocl_hybrid;default;2000;static;cores;;spirals;20;328268;-1;-1
img2d;patrin;GCC-12;2048;32;16;16;ssandPile;ocl_hybrid;default;2000;static;cores;;spirals;30;293115;-1;-1
img2d;patrin;GCC-12;2048;32;16;16;ssandPile;ocl_hybrid;default;2000;static;cores;;spirals;40;257290;-1;-1
img2d;patrin;GCC-12;2048;32;16;16;ssandPile;ocl_hybrid;default;2000;static;cores;;spirals;50;224537;-1;-1
img2d;patrin;GCC-12;2048;32;16;16;ssandPile;ocl_hybrid;default;2000;static;cores;;spirals;60;215206;-1;-1
img2d;patrin;GCC-12;2048;32;16;16;ssandPile;ocl_hybrid;default;2000;static;cores;;spirals;70;240467;-1;-1
img2d;patrin;GCC-12;2048;32;16;16;ssandPile;ocl_hybrid;default;2000;static;cores;;spirals;80;265944;-1;-1
img2d;patrin;GCC-12;2048;32;16;16;ssandPile;ocl_hybrid;default;2000;static;cores;;spirals;90;290884;-1;-1
img2d;patrin;GCC-12;2048;32;16;16;ssandPile;ocl_hybrid;default;2000;static;cores;;spirals;10;363288;-1;-1
img2d;patrin;GCC-12;2048;32;16;16;ssandPile;ocl_hybrid;default;2000;static;cores;;spirals;20;327063;-1;-1
img2d;patrin;GCC-12;2048;32;16;16;ssandPile;ocl_hybrid;default;2000;static;cores;;spirals;30;292225;-1;-1
img2d;patrin;GCC-12;2048;32;16;16;ssandPile;ocl_hybrid;default;2000;static;cores;;spirals;40;269195;-1;-1
img2d;patrin;GCC-12;2048;32;16;16;ssandPile;ocl_hybrid;default;2000;static;cores;;spirals;50;222397;-1;-1
img2d;patrin;GCC-12;2048;32;16;16;ssandPile;ocl_hybrid;default;2000;static;cores;;spirals;60;215459;-1;-1
img2d;patrin;GCC-12;2048;32;16;16;ssandPile;ocl_hybrid;default;2000;static;cores;;spirals;70;241360;-1;-1
img2d;patrin;GCC-12;2048;32;16;16;ssandPile;ocl_hybrid;default;2000;static;cores;;spirals;80;266678;-1;-1
img2d;patrin;GCC-12;2048;32;16;16;ssandPile;ocl_hybrid;default;2000;static;cores;;spirals;90;290609;-1;-1
img2d;patrin;GCC-12;2048;32;16;16;ssandPile;ocl_hybrid;default;2000;static;cores;;spirals;10;360519;-1;-1
img2d;patrin;GCC-12;2048;32;16;16;ssandPile;ocl_hybrid;default;2000;static;cores;;spirals;20;327632;-1;-1
img2d;patrin;GCC-12;2048;32;16;16;ssandPile;ocl_hybrid;default;2000;static;cores;;spirals;30;296597;-1;-1
img2d;patrin;GCC-12;2048;32;16;16;ssandPile;ocl_hybrid;default;2000;static;cores;;spirals;40;258743;-1;-1
img2d;patrin;GCC-12;2048;32;16;16;ssandPile;ocl_hybrid;default;2000;static;cores;;spirals;50;223386;-1;-1
img2d;patrin;GCC-12;2048;32;16;16;ssandPile;ocl_hybrid;default;2000;static;cores;;spirals;60;215452;-1;-1
img2d;patrin;GCC-12;2048;32;16;16;ssandPile;ocl_hybrid;default;2000;static;cores;;spirals;70;245255;-1;-1
img2d;patrin;GCC-12;2048;32;16;16;ssandPile;ocl_hybrid;default;2000;static;cores;;spirals;80;266325;-1;-1
img2d;patrin;GCC-12;2048;32;16;16;ssandPile;ocl_hybrid;default;2000;static;cores;;spirals;90;290646;-1;-1
img2d;patrin;GCC-12;2048;32;16;16;ssandPile;ocl_hybrid;default;2000;static;cores;;spirals;10;360052;-1;-1
img2d;patrin;GCC-12;2048;32;16;16;ssandPile;ocl_hybrid;default;2000;static;cores;;spirals;20;330579;-1;-1
img2d;patrin;GCC-12;2048;32;16;16;ssandPile;ocl_hybrid;default;2000;static;cores;;spirals;30;293182;-1;-1
img2d;patrin;GCC-12;2048;32;16;16;ssandPile;ocl_hybrid;default;2000;static;cores;;spirals;40;259278;-1;-1
img2d;patrin;GCC-12;2048;32;16;16;ssandPile;ocl_hybrid;default;2000;static;cores;;spirals;50;221036;-1;-1
img2d;patrin;GCC-12;2048;32;16;16;ssandPile;ocl_hybrid;default;2000;static;cores;;spirals;60;215786;-1;-1
img2d;patrin;GCC-12;2048;32;16;16;ssandPile;ocl_hybrid;default;2000;static;cores;;spirals;70;240932;-1;-1
img2d;patrin;GCC-12;2048;32;16;16;ssandPile;ocl_hybrid;default;2000;static;cores;;spirals;80;281913;-1;-1
img2d;patrin;GCC-12;2048;32;16;16;ssandPile;ocl_hybrid;default;2000;static;cores;;spirals;90;290575;-1;-1
img2d;patrin;GCC-12;2048;32;16;16;ssandPile;ocl_hybrid;default;2000;static;cores;;spirals;10;359717;-1;-1
img2d;patrin;GCC-12;2048;32;16;16;ssandPile;ocl_hybrid;default;2000;static;cores;;spirals;20;328256;-1;-1
img2d;patrin;GCC-12;2048;32;16;16;ssandPile;ocl_hybrid;default;2000;static;cores;;spirals;30;298830;-1;-1
img2d;patrin;GCC-12;2048;32;16;16;ssandPile;ocl_hybrid;default;2000;static;cores;;spirals;40;257448;-1;-1
img2d;patrin;GCC-12;2048;32;16;16;ssandPile;ocl_hybrid;default;2000;static;cores;;spirals;50;232630;-1;-1
img2d;patrin;GCC-12;2048;32;16;16;ssandPile;ocl_hybrid;default;2000;static;cores;;spirals;60;215450;-1;-1
img2d;patrin;GCC-12;2048;32;16;16;ssandPile;ocl_hybrid;default;2000;static;cores;;spirals;70;240688;-1;-1
img2d;patrin;GCC-12;2048;32;16;16;ssandPile;ocl_hybrid;default;2000;static;cores;;spirals;80;266739;-1;-1
img2d;patrin;GCC-12;2048;32;16;16;ssandPile;ocl_hybrid;default;2000;static;cores;;spirals;90;290625;-1;-1
img2d;patrin;GCC-12;2048;32;16;16;ssandPile;ocl_hybrid;default;2000;static;cores;;spirals;10;357590;-1;-1
img2d;patrin;GCC-12;2048;32;16;16;ssandPile;ocl_hybrid;default;2000;static;cores;;spirals;20;324718;-1;-1
img2d;patrin;GCC-12;2048;32;16;16;ssandPile;ocl_hybrid;default;2000;static;cores;;spirals;30;294667;-1;-1
img2d;patrin;GCC-12;2048;32;16;16;ssandPile;ocl_hybrid;default;2000;static;cores;;spirals;40;255555;-1;-1
img2d;patrin;GCC-12;2048;32;16;16;ssandPile;ocl_hybrid;default;2000;static;cores;;spirals;50;227381;-1;-1
img2d;patrin;GCC-12;2048;32;16;16;ssandPile;ocl_hybrid;default;2000;static;cores;;spirals;60;215745;-1;-1
img2d;patrin;GCC-12;2048;32;16;16;ssandPile;ocl_hybrid;default;2000;static;cores;;spirals;70;241148;-1;-1
img2d;patrin;GCC-12;2048;32;16;16;ssandPile;ocl_hybrid;default;2000;static;cores;;spirals;80;267176;-1;-1
img2d;patrin;GCC-12;2048;32;16;16;ssandPile;ocl_hybrid;default;2000;static;cores;;spirals;90;290859;-1;-1
img2d;patrin;GCC-12;2048;32;16;16;ssandPile;ocl_hybrid;default;2000;static;cores;;spirals;10;360595;-1;-1
img2d;patrin;GCC-12;2048;32;16;16;ssandPile;ocl_hybrid;default;2000;static;cores;;spirals;20;326108;-1;-1
img2d;patrin;GCC-12;2048;32;16;16;ssandPile;ocl_hybrid;default;2000;static;cores;;spirals;30;292282;-1;-1
img2d;patrin;GCC-12;2048;32;16;16;ssandPile;ocl_hybrid;default;2000;static;cores;;spirals;40;261211;-1;-1
img2d;patrin;GCC-12;2048;32;16;16;ssandPile;ocl_hybrid;default;2000;static;cores;;spirals;50;231585;-1;-1
img2d;patrin;GCC-12;2048;32;16;16;ssandPile;ocl_hybrid;default;2000;static;cores;;spirals;60;296177;-1;-1
img2d;patrin;GCC-12;2048;32;16;16;ssandPile;ocl_hybrid;default;2000;static;cores;;spirals;70;240791;-1;-1
img2d;patrin;GCC-12;2048;32;16;16;ssandPile;ocl_hybrid;default;2000;static;cores;;spirals;80;266301;-1;-1
img2d;patrin;GCC-12;2048;32;16;16;ssandPile;ocl_hybrid;default;2000;static;cores;;spirals;90;291072;-1;-1
img2d;patrin;GCC-12;2048;32;16;16;ssandPile;ocl_hybrid;default;2000;static;cores;;spirals;10;358894;-1;-1
img2d;patrin;GCC-12;2048;32;16;16;ssandPile;ocl_hybrid;default;2000;static;cores;;spirals;20;328255;-1;-1
img2d;patrin;GCC-12;2048;32;16;16;ssandPile;ocl_hybrid;default;2000;static;cores;;spirals;30;292425;-1;-1
img2d;patrin;GCC-12;2048;32;16;16;ssandPile;ocl_hybrid;default;2000;static;cores;;spirals;40;258614;-1;-1
img2d;patrin;GCC-12;2048;32;16;16;ssandPile;ocl_hybrid;default;2000;static;cores;;spirals;50;232463;-1;-1
img2d;patrin;GCC-12;2048;32;16;16;ssandPile;ocl_hybrid;default;2000;static;cores;;spirals;60;215432;-1;-1
img2d;patrin;GCC-12;2048;32;16;16;ssandPile;ocl_hybrid;default;2000;static;cores;;spirals;70;241132;-1;-1
img2d;patrin;GCC-12;2048;32;16;16;ssandPile;ocl_hybrid;default;2000;static;cores;;spirals;80;266667;-1;-1
img2d;patrin;GCC-12;2048;32;16;16;ssandPile;ocl_hybrid;default;2000;static;cores;;spirals;90;291306;-1;-1
img2d;patrin;GCC-12;2048;32;16;16;ssandPile;ocl_hybrid;default;2000;static;cores;;spirals;10;360874;-1;-1
img2d;patrin;GCC-12;2048;32;16;16;ssandPile;ocl_hybrid;default;2000;static;cores;;spirals;20;333162;-1;-1
img2d;patrin;GCC-12;2048;32;16;16;ssandPile;ocl_hybrid;default;2000;static;cores;;spirals;30;293295;-1;-1
img2d;patrin;GCC-12;2048;32;16;16;ssandPile;ocl_hybrid;default;2000;static;cores;;spirals;40;251194;-1;-1
img2d;patrin;GCC-12;2048;32;16;16;ssandPile;ocl_hybrid;default;2000;static;cores;;spirals;50;221943;-1;-1
img2d;patrin;GCC-12;2048;32;16;16;ssandPile;ocl_hybrid;default;2000;static;cores;;spirals;60;215524;-1;-1
img2d;patrin;GCC-12;2048;32;16;16;ssandPile;ocl_hybrid;default;2000;static;cores;;spirals;70;241402;-1;-1
img2d;patrin;GCC-12;2048;32;16;16;ssandPile;ocl_hybrid;default;2000;static;cores;;spirals;80;266901;-1;-1
img2d;patrin;GCC-12;2048;32;16;16;ssandPile;ocl_hybrid;default;2000;static;cores;;spirals;90;291138;-1;-1
img2d;patrin;GCC-12;2048;32;16;16;ssandPile;ocl_hybrid;default;2000;static;cores;;spirals;10;365395;-1;-1
img2d;patrin;GCC-12;2048;32;16;16;ssandPile;ocl_hybrid;default;2000;static;cores;;spirals;20;328868;-1;-1
img2d;patrin;GCC-12;2048;32;16;16;ssandPile;ocl_hybrid;default;2000;static;cores;;spirals;30;295068;-1;-1
img2d;patrin;GCC-12;2048;32;16;16;ssandPile;ocl_hybrid;default;2000;static;cores;;spirals;40;256135;-1;-1
img2d;patrin;GCC-12;2048;32;16;16;ssandPile;ocl_hybrid;default;2000;static;cores;;spirals;50;221242;-1;-1
img2d;patrin;GCC-12;2048;32;16;16;ssandPile;ocl_hybrid;default;2000;static;cores;;spirals;60;215650;-1;-1
img2d;patrin;GCC-12;2048;32;16;16;ssandPile;ocl_hybrid;default;2000;static;cores;;spirals;70;241061;-1;-1
img2d;patrin;GCC-12;2048;32;16;16;ssandPile;ocl_hybrid;default;2000;static;cores;;spirals;80;266331;-1;-1
img2d;patrin;GCC-12;2048;32;16;16;ssandPile;ocl_hybrid;default;2000;static;cores;;spirals;90;290925;-1;-1
img2d;patrin;GCC-12;2048;32;16;16;ssandPile;ocl_hybrid;default;2000;static;cores;;spirals;10;361363;-1;-1
img2d;patrin;GCC-12;2048;32;16;16;ssandPile;ocl_hybrid;default;2000;static;cores;;spirals;20;335440;-1;-1
img2d;patrin;GCC-12;2048;32;16;16;ssandPile;ocl_hybrid;default;2000;static;cores;;spirals;30;316790;-1;-1
img2d;patrin;GCC-12;2048;32;16;16;ssandPile;ocl_hybrid;default;2000;static;cores;;spirals;40;256771;-1;-1
img2d;patrin;GCC-12;2048;32;16;16;ssandPile;ocl_hybrid;default;2000;static;cores;;spirals;50;226437;-1;-1
img2d;patrin;GCC-12;2048;32;16;16;ssandPile;ocl_hybrid;default;2000;static;cores;;spirals;60;215272;-1;-1
img2d;patrin;GCC-12;2048;32;16;16;ssandPile;ocl_hybrid;default;2000;static;cores;;spirals;70;240885;-1;-1
img2d;patrin;GCC-12;2048;32;16;16;ssandPile;ocl_hybrid;default;2000;static;cores;;spirals;80;266502;-1;-1
img2d;patrin;GCC-12;2048;32;16;16;ssandPile;ocl_hybrid;default;2000;static;cores;;spirals;90;291447;-1;-1
img2d;patrin;GCC-12;2048;32;16;16;ssandPile;ocl_hybrid;default;2000;static;cores;;spirals;10;361391;-1;-1
img2d;patrin;GCC-12;2048;32;16;16;ssandPile;ocl_hybrid;default;2000;static;cores;;spirals;20;327867;-1;-1
img2d;patrin;GCC-12;2048;32;16;16;ssandPile;ocl_hybrid;default;2000;static;cores;;spirals;30;295752;-1;-1
img2d;patrin;GCC-12;2048;32;16;16;ssandPile;ocl_hybrid;default;2000;static;cores;;spirals;40;258070;-1;-1
img2d;patrin;GCC-12;2048;32;16;16;ssandPile;ocl_hybrid;default;2000;static;cores;;spirals;50;229296;-1;-1
img2d;patrin;GCC-12;2048;32;16;16;ssandPile;ocl_hybrid;default;2000;static;cores;;spirals;60;222958;-1;-1
img2d;patrin;GCC-12;2048;32;16;16;ssandPile;ocl_hybrid;default;2000;static;cores;;spirals;70;241264;-1;-1
img2d;patrin;GCC-12;2048;32;16;16;ssandPile;ocl_hybrid;default;2000;static;cores;;spirals;80;267237;-1;-1
img2d;patrin;GCC-12;2048;32;16;16;ssandPile;ocl_hybrid;default;2000;static;cores;;spirals;90;291216;-1;-1
img2d;patrin;GCC-12;2048;32;16;16;ssandPile;ocl_hybrid;default;2000;static;cores;;spirals;10;362981;-1;-1
img2d;patrin;GCC-12;2048;32;16;16;ssandPile;ocl_hybrid;default;2000;static;cores;;spirals;20;329055;-1;-1
img2d;patrin;GCC-12;2048;32;16;16;ssandPile;ocl_hybrid;default;2000;static;cores;;spirals;30;293995;-1;-1
img2d;patrin;GCC-12;2048;32;16;16;ssandPile;ocl_hybrid;default;2000;static;cores;;spirals;40;258594;-1;-1
img2d;patrin;GCC-12;2048;32;16;16;ssandPile;ocl_hybrid;default;2000;static;cores;;spirals;50;221773;-1;-1
img2d;patrin;GCC-12;2048;32;16;16;ssandPile;ocl_hybrid;default;2000;static;cores;;spirals;60;215690;-1;-1
img2d;patrin;GCC-12;2048;32;16;16;ssandPile;ocl_hybrid;default;2000;static;cores;;spirals;70;241138;-1;-1
img2d;patrin;GCC-12;2048;32;16;16;ssandPile;ocl_hybrid;default;2000;static;cores;;spirals;80;267012;-1;-1
img2d;patrin;GCC-12;2048;32;16;16;ssandPile;ocl_hybrid;default;2000;static;cores;;spirals;90;291009;-1;-1
img2d;patrin;GCC-12;2048;32;16;16;ssandPile;ocl_hybrid;default;2000;static;cores;;spirals;10;362849;-1;-1
img2d;patrin;GCC-12;2048;32;16;16;ssandPile;ocl_hybrid;default;2000;static;cores;;spirals;20;328232;-1;-1
img2d;patrin;GCC-12;2048;32;16;16;ssandPile;ocl_hybrid;default;2000;static;cores;;spirals;30;292419;-1;-1
img2d;patrin;GCC-12;2048;32;16;16;ssandPile;ocl_hybrid;default;2000;static;cores;;spirals;40;259193;-1;-1
img2d;patrin;GCC-12;2048;32;16;16;ssandPile;ocl_hybrid;default;2000;static;cores;;spirals;50;223211;-1;-1
img2d;patrin;GCC-12;2048;32;16;16;ssandPile;ocl_hybrid;default;2000;static;cores;;spirals;60;219538;-1;-1
img2d;patrin;GCC-12;2048;32;16;16;ssandPile;ocl_hybrid;default;2000;static;cores;;spirals;70;241090;-1;-1
img2d;patrin;GCC-12;2048;32;16;16;ssandPile;ocl_hybrid;default;2000;static;cores;;spirals;80;266844;-1;-1
img2d;patrin;GCC-12;2048;32;16;16;ssandPile;ocl_hybrid;default;2000;static;cores;;spirals;90;291217;-1;-1
img2d;patrin;GCC-12;2048;32;16;16;ssandPile;ocl_hybrid;default;2000;static;cores;;spirals;10;363508;-1;-1
img2d;patrin;GCC-12;2048;32;16;16;ssandPile;ocl_hybrid;default;2000;static;cores;;spirals;20;334176;-1;-1
img2d;patrin;GCC-12;2048;32;16;16;ssandPile;ocl_hybrid;default;2000;static;cores;;spirals;30;298490;-1;-1
img2d;patrin;GCC-12;2048;32;16;16;ssandPile;ocl_hybrid;default;2000;static;cores;;spirals;40;265203;-1;-1
img2d;patrin;GCC-12;2048;32;16;16;ssandPile;ocl_hybrid;default;2000;static;cores;;spirals;50;224467;-1;-1
img2d;patrin;GCC-12;2048;32;16;16;ssandPile;ocl_hybrid;default;2000;static;cores;;spirals;60;215664;-1;-1
img2d;patrin;GCC-12;2048;32;16;16;ssandPile;ocl_hybrid;default;2000;static;cores;;spirals;70;241064;-1;-1
img2d;patrin;GCC-12;2048;32;16;16;ssandPile;ocl_hybrid;default;2000;static;cores;;spirals;80;267076;-1;-1
img2d;patrin;GCC-12;2048;32;16;16;ssandPile;ocl_hybrid;default;2000;static;cores;;spirals;90;291014;-1;-1
img2d;patrin;GCC-12;2048;32;16;16;ssandPile;ocl_hybrid;default;2000;static;cores;;spirals;10;360067;-1;-1
img2d;patrin;GCC-12;2048;32;16;16;ssandPile;ocl_hybrid;default;2000;static;cores;;spirals;20;334730;-1;-1
img2d;patrin;GCC-12;2048;32;16;16;ssandPile;ocl_hybrid;default;2000;static;cores;;spirals;30;292752;-1;-1
img2d;patrin;GCC-12;2048;32;16;16;ssandPile;ocl_hybrid;default;2000;static;cores;;spirals;40;256697;-1;-1
img2d;patrin;GCC-12;2048;32;16;16;ssandPile;ocl_hybrid;default;2000;static;cores;;spirals;50;222892;-1;-1
img2d;patrin;GCC-12;2048;32;16;16;ssandPile;ocl_hybrid;default;2000;static;cores;;spirals;60;215770;-1;-1
img2d;patrin;GCC-12;2048;32;16;16;ssandPile;ocl_hybrid;default;2000;static;cores;;spirals;70;241455;-1;-1
img2d;patrin;GCC-12;2048;32;16;16;ssandPile;ocl_hybrid;default;2000;static;cores;;spirals;80;266962;-1;-1
img2d;patrin;GCC-12;2048;32;16;16;ssandPile;ocl_hybrid;default;2000;static;cores;;spirals;90;290994;-1;-1
img2d;patrin;GCC-12;2048;32;16;16;ssandPile;ocl_hybrid;default;2000;static;cores;;spirals;10;369989;-1;-1
img2d;patrin;GCC-12;2048;32;16;16;ssandPile;ocl_hybrid;default;2000;static;cores;;spirals;20;335472;-1;-1
img2d;patrin;GCC-12;2048;32;16;16;ssandPile;ocl_hybrid;default;2000;static;cores;;spirals;30;296208;-1;-1
img2d;patrin;GCC-12;2048;32;16;16;ssandPile;ocl_hybrid;default;2000;static;cores;;spirals;40;258170;-1;-1
img2d;patrin;GCC-12;2048;32;16;16;ssandPile;ocl_hybrid;default;2000;static;cores;;spirals;50;224326;-1;-1
img2d;patrin;GCC-12;2048;32;16;16;ssandPile;ocl_hybrid;default;2000;static;cores;;spirals;60;215819;-1;-1
img2d;patrin;GCC-12;2048;32;16;16;ssandPile;ocl_hybrid;default;2000;static;cores;;spirals;70;241195;-1;-1
img2d;patrin;GCC-12;2048;32;16;16;ssandPile;ocl_hybrid;default;2000;static;cores;;spirals;80;266973;-1;-1
img2d;patrin;GCC-12;2048;32;16;16;ssandPile;ocl_hybrid;default;2000;static;cores;;spirals;90;290932;-1;-1
img2d;patrin;GCC-12;2048;32;16;16;ssandPile;ocl_hybrid;default;2000;static;cores;;spirals;10;360368;-1;-1
img2d;patrin;GCC-12;2048;32;16;16;ssandPile;ocl_hybrid;default;2000;static;cores;;spirals;20;328006;-1;-1
img2d;patrin;GCC-12;2048;32;16;16;ssandPile;ocl_hybrid;default;2000;static;cores;;spirals;30;294539;-1;-1
img2d;patrin;GCC-12;2048;32;16;16;ssandPile;ocl_hybrid;default;2000;static;cores;;spirals;40;256450;-1;-1
img2d;patrin;GCC-12;2048;32;16;16;ssandPile;ocl_hybrid;default;2000;static;cores;;spirals;50;226873;-1;-1
img2d;patrin;GCC-12;2048;32;16;16;ssandPile;ocl_hybrid;default;2000;static;cores;;spirals;60;215476;-1;-1
img2d;patrin;GCC-12;2048;32;16;16;ssandPile;ocl_hybrid;default;2000;static;cores;;spirals;70;240862;-1;-1
img2d;patrin;GCC-12;2048;32;16;16;ssandPile;ocl_hybrid;default;2000;static;cores;;spirals;80;266771;-1;-1
img2d;patrin;GCC-12;2048;32;16;16;ssandPile;ocl_hybrid;default;2000;static;cores;;spirals;90;290858;-1;-1
img2d;patrin;GCC-12;2048;32;16;16;ssandPile;ocl_hybrid;default;2000;static;cores;;spirals;10;360758;-1;-1
img2d;patrin;GCC-12;2048;32;16;16;ssandPile;ocl_hybrid;default;2000;static;cores;;spirals;20;324836;-1;-1
img2d;patrin;GCC-12;2048;32;16;16;ssandPile;ocl_hybrid;default;2000;static;cores;;spirals;30;301005;-1;-1
img2d;patrin;GCC-12;2048;32;16;16;ssandPile;ocl_hybrid;default;2000;static;cores;;spirals;40;255793;-1;-1
img2d;patrin;GCC-12;2048;32;16;16;ssandPile;ocl_hybrid;default;2000;static;cores;;spirals;50;219421;-1;-1
img2d;patrin;GCC-12;2048;32;16;16;ssandPile;ocl_hybrid;default;2000;static;cores;;spirals;60;215624;-1;-1
img2d;patrin;GCC-12;2048;32;16;16;ssandPile;ocl_hybrid;default;2000;static;cores;;spirals;70;240911;-1;-1
img2d;patrin;GCC-12;2048;32;16;16;ssandPile;ocl_hybrid;default;2000;static;cores;;spirals;80;266588;-1;-1
img2d;patrin;GCC-12;2048;32;16;16;ssandPile;ocl_hybrid;default;2000;static;cores;;spirals;90;291060;-1;-1
img2d;patrin;GCC-12;2048;32;16;16;ssandPile;ocl_hybrid;default;2000;static;cores;;spirals;10;365642;-1;-1
img2d;patrin;GCC-12;2048;32;16;16;ssandPile;ocl_hybrid;default;2000;static;cores;;spirals;20;334432;-1;-1
img2d;patrin;GCC-12;2048;32;16;16;ssandPile;ocl_hybrid;default;2000;static;cores;;spirals;30;292419;-1;-1
img2d;patrin;GCC-12;2048;32;16;16;ssandPile;ocl_hybrid;default;2000;static;cores;;spirals;40;261490;-1;-1
img2d;patrin;GCC-12;2048;32;16;16;ssandPile;ocl_hybrid;default;2000;static;cores;;spirals;50;224973;-1;-1
img2d;patrin;GCC-12;2048;32;16;16;ssandPile;ocl_hybrid;default;2000;static;cores;;spirals;60;215528;-1;-1
img2d;patrin;GCC-12;2048;32;16;16;ssandPile;ocl_hybrid;default;2000;static;cores;;spirals;70;241216;-1;-1
img2d;patrin;GCC-12;2048;32;16;16;ssandPile;ocl_hybrid;default;2000;static;cores;;spirals;80;266707;-1;-1
img2d;patrin;GCC-12;2048;32;16;16;ssandPile;ocl_hybrid;default;2000;static;cores;;spirals;90;290824;-1;-1
img2d;patrin;GCC-12;2048;32;16;16;ssandPile;ocl_hybrid;default;2000;static;cores;;spirals;10;366602;-1;-1
img2d;patrin;GCC-12;2048;32;16;16;ssandPile;ocl_hybrid;default;2000;static;cores;;spirals;20;328791;-1;-1
img2d;patrin;GCC-12;2048;32;16;16;ssandPile;ocl_hybrid;default;2000;static;cores;;spirals;30;296553;-1;-1
img2d;patrin;GCC-12;2048;32;16;16;ssandPile;ocl_hybrid;default;2000;static;cores;;spirals;40;254395;-1;-1
img2d;patrin;GCC-12;2048;32;16;16;ssandPile;ocl_hybrid;default;2000;static;cores;;spirals;50;225402;-1;-1
img2d;patrin;GCC-12;2048;32;16;16;ssandPile;ocl_hybrid;default;2000;static;cores;;spirals;60;215567;-1;-1
img2d;patrin;GCC-12;2048;32;16;16;ssandPile;ocl_hybrid;default;2000;static;cores;;spirals;70;241208;-1;-1
img2d;patrin;GCC-12;2048;32;16;16;ssandPile;ocl_hybrid;default;2000;static;cores;;spirals;80;266334;-1;-1
img2d;patrin;GCC-12;2048;32;16;16;ssandPile;ocl_hybrid;default;2000;static;cores;;spirals;90;291063;-1;-1
img2d;patrin;GCC-12;2048;32;16;16;ssandPile;ocl_hybrid;default;2000;static;cores;;spirals;10;363540;-1;-1
img2d;patrin;GCC-12;2048;32;16;16;ssandPile;ocl_hybrid;default;2000;static;cores;;spirals;20;325996;-1;-1
img2d;patrin;GCC-12;2048;32;16;16;ssandPile;ocl_hybrid;default;2000;static;cores;;spirals;30;295446;-1;-1
img2d;patrin;GCC-12;2048;32;16;16;ssandPile;ocl_hybrid;default;2000;static;cores;;spirals;40;258398;-1;-1
img2d;patrin;GCC-12;2048;32;16;16;ssandPile;ocl_hybrid;default;2000;static;cores;;spirals;50;223145;-1;-1
img2d;patrin;GCC-12;2048;32;16;16;ssandPile;ocl_hybrid;default;2000;static;cores;;spirals;60;215740;-1;-1
img2d;patrin;GCC-12;2048;32;16;16;ssandPile;ocl_hybrid;default;2000;static;cores;;spirals;70;241384;-1;-1
img2d;patrin;GCC-12;2048;32;16;16;ssandPile;ocl_hybrid;default;2000;static;cores;;spirals;80;266595;-1;-1
img2d;patrin;GCC-12;2048;32;16;16;ssandPile;ocl_hybrid;default;2000;static;cores;;spirals;90;290943;-1;-1
img2d;patrin;GCC-12;2048;32;16;16;ssandPile;ocl_hybrid;default;2000;static;cores;;spirals;10;360691;-1;-1
img2d;patrin;GCC-12;2048;32;16;16;ssandPile;ocl_hybrid;default;2000;static;cores;;spirals;20;327204;-1;-1
img2d;patrin;GCC-12;2048;32;16;16;ssandPile;ocl_hybrid;default;2000;static;cores;;spirals;30;296815;-1;-1
img2d;patrin;GCC-12;2048;32;16;16;ssandPile;ocl_hybrid;default;2000;static;cores;;spirals;40;263412;-1;-1
img2d;patrin;GCC-12;2048;32;16;16;ssandPile;ocl_hybrid;default;2000;static;cores;;spirals;50;222363;-1;-1
img2d;patrin;GCC-12;2048;32;16;16;ssandPile;ocl_hybrid;default;2000;static;cores;;spirals;60;222661;-1;-1
img2d;patrin;GCC-12;2048;32;16;16;ssandPile;ocl_hybrid;default;2000;static;cores;;spirals;70;241486;-1;-1
img2d;patrin;GCC-12;2048;32;16;16;ssandPile;ocl_hybrid;default;2000;static;cores;;spirals;80;266495;-1;-1
img2d;patrin;GCC-12;2048;32;16;16;ssandPile;ocl_hybrid;default;2000;static;cores;;spirals;90;291406;-1;-1
img2d;patrin;GCC-12;2048;32;16;16;ssandPile;ocl_hybrid;default;2000;static;cores;;spirals;10;360463;-1;-1
img2d;patrin;GCC-12;2048;32;16;16;ssandPile;ocl_hybrid;default;2000;static;cores;;spirals;20;328031;-1;-1
img2d;patrin;GCC-12;2048;32;16;16;ssandPile;ocl_hybrid;default;2000;static;cores;;spirals;30;293122;-1;-1
img2d;patrin;GCC-12;2048;32;16;16;ssandPile;ocl_hybrid;default;2000;static;cores;;spirals;40;259712;-1;-1
img2d;patrin;GCC-12;2048;32;16;16;ssandPile;ocl_hybrid;default;2000;static;cores;;spirals;50;222412;-1;-1
img2d;patrin;GCC-12;2048;32;16;16;ssandPile;ocl_hybrid;default;2000;static;cores;;spirals;60;215901;-1;-1
img2d;patrin;GCC-12;2048;32;16;16;ssandPile;ocl_hybrid;default;2000;static;cores;;spirals;70;241367;-1;-1
img2d;patrin;GCC-12;2048;32;16;16;ssandPile;ocl_hybrid;default;2000;static;cores;;spirals;80;266908;-1;-1
img2d;patrin;GCC-12;2048;32;16;16;ssandPile;ocl_hybrid;default;2000;static;cores;;spirals;90;291085;-1;-1
img2d;patrin;GCC-12;2048;32;16;16;ssandPile;ocl_hybrid;default;2000;static;cores;;spirals;10;366120;-1;-1
img2d;patrin;GCC-12;2048;32;16;16;ssandPile;ocl_hybrid;default;2000;static;cores;;spirals;20;327448;-1;-1
img2d;patrin;GCC-12;2048;32;16;16;ssandPile;ocl_hybrid;default;2000;static;cores;;spirals;30;291078;-1;-1
img2d;patrin;GCC-12;2048;32;16;16;ssandPile;ocl_hybrid;default;2000;static;cores;;spirals;40;257742;-1;-1
img2d;patrin;GCC-12;2048;32;16;16;ssandPile;ocl_hybrid;default;2000;static;cores;;spirals;50;226162;-1;-1
img2d;patrin;GCC-12;2048;32;16;16;ssandPile;ocl_hybrid;default;2000;static;cores;;spirals;60;215330;-1;-1
img2d;patrin;GCC-12;2048;32;16;16;ssandPile;ocl_hybrid;default;2000;static;cores;;spirals;70;241270;-1;-1
img2d;patrin;GCC-12;2048;32;16;16;ssandPile;ocl_hybrid;default;2000;static;cores;;spirals;80;267256;-1;-1
img2d;patrin;GCC-12;2048;32;16;16;ssandPile;ocl_hybrid;default;2000;static;cores;;spirals;90;291297;-1;-1
img2d;patrin;GCC-12;2048;32;16;16;ssandPile;ocl_hybrid;default;2000;static;cores;;spirals;10;359056;-1;-1
img2d;patrin;GCC-12;2048;32;16;16;ssandPile;ocl_hybrid;default;2000;static;cores;;spirals;20;327667;-1;-1
img2d;patrin;GCC-12;2048;32;16;16;ssandPile;ocl_hybrid;default;2000;static;cores;;spirals;30;295716;-1;-1
img2d;patrin;GCC-12;2048;32;16;16;ssandPile;ocl_hybrid;default;2000;static;cores;;spirals;40;262083;-1;-1
img2d;patrin;GCC-12;2048;32;16;16;ssandPile;ocl_hybrid;default;2000;static;cores;;spirals;50;231033;-1;-1
img2d;patrin;GCC-12;2048;32;16;16;ssandPile;ocl_hybrid;default;2000;static;cores;;spirals;60;222650;-1;-1
img2d;patrin;GCC-12;2048;32;16;16;ssandPile;ocl_hybrid;default;2000;static;cores;;spirals;70;241198;-1;-1
img2d;patrin;GCC-12;2048;32;16;16;ssandPile;ocl_hybrid;default;2000;static;cores;;spirals;80;266838;-1;-1
img2d;patrin;GCC-12;2048;32;16;16;ssandPile;ocl_hybrid;default;2000;static;cores;;spirals;90;291343;-1;-1
img2d;patrin;GCC-12;2048;32;16;16;ssandPile;ocl_hybrid;default;2000;static;cores;;spirals;10;359886;-1;-1
img2d;patrin;GCC-12;2048;32;16;16;ssandPile;ocl_hybrid;default;2000;static;cores;;spirals;20;328099;-1;-1
img2d;patrin;GCC-12;2048;32;16;16;ssandPile;ocl_hybrid;default;2000;static;cores;;spirals;30;292181;-1;-1
img2d;patrin;GCC-12;2048;32;16;16;ssandPile;ocl_hybrid;default;2000;static;cores;;spirals;40;259920;-1;-1
img2d;patrin;GCC-12;2048;32;16;16;ssandPile;ocl_hybrid;default;2000;static;cores;;spirals;50;222889;-1;-1
img2d;patrin;GCC-12;2048;32;16;16;ssandPile;ocl_hybrid;default;2000;static;cores;;spirals;60;215799;-1;-1
img2d;patrin;GCC-12;2048;32;16;16;ssandPile;ocl_hybrid;default;2000;static;cores;;spirals;70;241153;-1;-1
img2d;patrin;GCC-12;2048;32;16;16;ssandPile;ocl_hybrid;default;2000;static;cores;;spirals;80;266941;-1;-1
img2d;patrin;GCC-12;2048;32;16;16;ssandPile;ocl_hybrid;default;2000;static;cores;;spirals;90;290741;-1;-1
img2d;patrin;GCC-12;2048;32;16;16;ssandPile;ocl_hybrid;default;2000;static;cores;;spirals;10;365192;-1;-1
img2d;patrin;GCC-12;2048;32;16;16;ssandPile;ocl_hybrid;default;2000;static;cores;;spirals;20;330820;-1;-1
img2d;patrin;GCC-12;2048;32;16;16;ssandPile;ocl_hybrid;default;2000;static;cores;;spirals;30;293644;-1;-1
img2d;patrin;GCC-12;2048;32;16;16;ssandPile;ocl_hybrid;default;2000;static;cores;;spirals;40;258644;-1;-1
img2d;patrin;GCC-12;2048;32;16;16;ssandPile;ocl_hybrid;default;2000;static;cores;;spirals;50;224911;-1;-1
img2d;patrin;GCC-12;2048;32;16;16;ssandPile;ocl_hybrid;default;2000;static;cores;;spirals;60;223150;-1;-1
img2d;patrin;GCC-12;2048;32;16;16;ssandPile;ocl_hybrid;default;2000;static;cores;;spirals;70;241692;-1;-1
img2d;patrin;GCC-12;2048;32;16;16;ssandPile;ocl_hybrid;default;2000;static;cores;;spirals;80;266985;-1;-1
img2d;patrin;GCC-12;2048;32;16;16;ssandPile;ocl_hybrid;default;2000;static;cores;;spirals;90;291180;-1;-1
img2d;patrin;GCC-12;2048;32;16;16;ssandPile;ocl_hybrid;default;2000;static;cores;;spirals;10;362716;-1;-1
img2d;patrin;GCC-12;2048;32;16;16;ssandPile;ocl_hybrid;default;2000;static;cores;;spirals;20;335284;-1;-1
img2d;patrin;GCC-12;2048;32;16;16;ssandPile;ocl_hybrid;default;2000;static;cores;;spirals;30;288741;-1;-1
img2d;patrin;GCC-12;2048;32;16;16;ssandPile;ocl_hybrid;default;2000;static;cores;;spirals;40;259464;-1;-1
img2d;patrin;GCC-12;2048;32;16;16;ssandPile;ocl_hybrid;default;2000;static;cores;;spirals;50;220222;-1;-1
img2d;patrin;GCC-12;2048;32;16;16;ssandPile;ocl_hybrid;default;2000;static;cores;;spirals;60;215643;-1;-1
img2d;patrin;GCC-12;2048;32;16;16;ssandPile;ocl_hybrid;default;2000;static;cores;;spirals;70;241725;-1;-1
img2d;patrin;GCC-12;2048;32;16;16;ssandPile;ocl_hybrid;default;2000;static;cores;;spirals;80;267003;-1;-1
img2d;patrin;GCC-12;2048;32;16;16;ssandPile;ocl_hybrid;default;2000;static;cores;;spirals;90;296434;-1;-1
img2d;patrin;GCC-12;2048;32;16;16;ssandPile;ocl_hybrid;default;2000;static;cores;;spirals;10;361831;-1;-1
img2d;patrin;GCC-12;2048;32;16;16;ssandPile;ocl_hybrid;default;2000;static;cores;;spirals;20;335911;-1;-1
img2d;patrin;GCC-12;2048;32;16;16;ssandPile;ocl_hybrid;default;2000;static;cores;;spirals;30;297120;-1;-1
img2d;patrin;GCC-12;2048;32;16;16;ssandPile;ocl_hybrid;default;2000;static;cores;;spirals;40;260528;-1;-1
img2d;patrin;GCC-12;2048;32;16;16;ssandPile;ocl_hybrid;default;2000;static;cores;;spirals;50;222967;-1;-1
img2d;patrin;GCC-12;2048;32;16;16;ssandPile;ocl_hybrid;default;2000;static;cores;;spirals;60;215973;-1;-1
img2d;patrin;GCC-12;2048;32;16;16;ssandPile;ocl_hybrid;default;2000;static;cores;;spirals;70;241230;-1;-1
img2d;patrin;GCC-12;2048;32;16;16;ssandPile;ocl_hybrid;default;2000;static;cores;;spirals;80;279575;-1;-1
img2d;patrin;GCC-12;2048;32;16;16;ssandPile;ocl_hybrid;default;2000;static;cores;;spirals;90;291335;-1;-1
img2d;patrin;GCC-12;2048;32;16;16;ssandPile;ocl_hybrid;default;2000;static;cores;;spirals;10;361223;-1;-1
img2d;patrin;GCC-12;2048;32;16;16;ssandPile;ocl_hybrid;default;2000;static;cores;;spirals;20;329457;-1;-1
img2d;patrin;GCC-12;2048;32;16;16;ssandPile;ocl_hybrid;default;2000;static;cores;;spirals;30;292428;-1;-1
img2d;patrin;GCC-12;2048;32;16;16;ssandPile;ocl_hybrid;default;2000;static;cores;;spirals;40;257204;-1;-1
img2d;patrin;GCC-12;2048;32;16;16;ssandPile;ocl_hybrid;default;2000;static;cores;;spirals;50;226914;-1;-1
img2d;patrin;GCC-12;2048;32;16;16;ssandPile;ocl_hybrid;default;2000;static;cores;;spirals;60;216033;-1;-1
img2d;patrin;GCC-12;2048;32;16;16;ssandPile;ocl_hybrid;default;2000;static;cores;;spirals;70;241091;-1;-1
img2d;patrin;GCC-12;2048;32;16;16;ssandPile;ocl_hybrid;default;2000;static;cores;;spirals;80;267238;-1;-1
img2d;patrin;GCC-12;2048;32;16;16;ssandPile;ocl_hybrid;default;2000;static;cores;;spirals;90;291425;-1;-1
img2d;patrin;GCC-12;2048;32;16;16;ssandPile;ocl_hybrid;default;2000;static;cores;;spirals;10;363839;-1;-1
img2d;patrin;GCC-12;2048;32;16;16;ssandPile;ocl_hybrid;default;2000;static;cores;;spirals;20;327916;-1;-1
img2d;patrin;GCC-12;2048;32;16;16;ssandPile;ocl_hybrid;default;2000;static;cores;;spirals;30;303626;-1;-1
img2d;patrin;GCC-12;2048;32;16;16;ssandPile;ocl_hybrid;default;2000;static;cores;;spirals;40;256894;-1;-1
img2d;patrin;GCC-12;2048;32;16;16;ssandPile;ocl_hybrid;default;2000;static;cores;;spirals;50;227027;-1;-1
img2d;patrin;GCC-12;2048;32;16;16;ssandPile;ocl_hybrid;default;2000;static;cores;;spirals;60;219951;-1;-1
img2d;patrin;GCC-12;2048;32;16;16;ssandPile;ocl_hybrid;default;2000;static;cores;;spirals;70;241206;-1;-1
img2d;patrin;GCC-12;2048;32;16;16;ssandPile;ocl_hybrid;default;2000;static;cores;;spirals;80;266907;-1;-1
img2d;patrin;GCC-12;2048;32;16;16;ssandPile;ocl_hybrid;default;2000;static;cores;;spirals;90;291116;-1;-1
img2d;patrin;GCC-12;2048;32;16;16;ssandPile;ocl_hybrid;default;2000;static;cores;;spirals;10;361409;-1;-1
img2d;patrin;GCC-12;2048;32;16;16;ssandPile;ocl_hybrid;default;2000;static;cores;;spirals;20;326846;-1;-1
img2d;patrin;GCC-12;2048;32;16;16;ssandPile;ocl_hybrid;default;2000;static;cores;;spirals;30;293884;-1;-1
img2d;patrin;GCC-12;2048;32;16;16;ssandPile;ocl_hybrid;default;2000;static;cores;;spirals;40;258782;-1;-1
img2d;patrin;GCC-12;2048;32;16;16;ssandPile;ocl_hybrid;default;2000;static;cores;;spirals;50;219377;-1;-1
img2d;patrin;GCC-12;2048;32;16;16;ssandPile;ocl_hybrid;default;2000;static;cores;;spirals;60;216142;-1;-1
img2d;patrin;GCC-12;2048;32;16;16;ssandPile;ocl_hybrid;default;2000;static;cores;;spirals;70;241359;-1;-1
img2d;patrin;GCC-12;2048;32;16;16;ssandPile;ocl_hybrid;default;2000;static;cores;;spirals;80;267172;-1;-1
img2d;patrin;GCC-12;2048;32;16;16;ssandPile;ocl_hybrid;default;2000;static;cores;;spirals;90;291282;-1;-1
img2d;patrin;GCC-12;2048;32;16;16;ssandPile;ocl_hybrid;default;2000;static;cores;;spirals;10;362184;-1;-1
img2d;patrin;GCC-12;2048;32;16;16;ssandPile;ocl_hybrid;default;2000;static;cores;;spirals;20;329744;-1;-1
img2d;patrin;GCC-12;2048;32;16;16;ssandPile;ocl_hybrid;default;2000;static;cores;;spirals;30;293256;-1;-1
img2d;patrin;GCC-12;2048;32;16;16;ssandPile;ocl_hybrid;default;2000;static;cores;;spirals;40;252281;-1;-1
img2d;patrin;GCC-12;2048;32;16;16;ssandPile;ocl_hybrid;default;2000;static;cores;;spirals;50;222998;-1;-1
img2d;patrin;GCC-12;2048;32;16;16;ssandPile;ocl_hybrid;default;2000;static;cores;;spirals;60;215826;-1;-1
img2d;patrin;GCC-12;2048;32;16;16;ssandPile;ocl_hybrid;default;2000;static;cores;;spirals;70;241014;-1;-1
img2d;patrin;GCC-12;2048;32;16;16;ssandPile;ocl_hybrid;default;2000;static;cores;;spirals;80;267705;-1;-1
img2d;patrin;GCC-12;2048;32;16;16;ssandPile;ocl_hybrid;default;2000;static;cores;;spirals;90;291020;-1;-1
img2d;patrin;GCC-12;2048;32;16;16;ssandPile;ocl_hybrid;default;2000;static;cores;;spirals;10;357843;-1;-1
img2d;patrin;GCC-12;2048;32;16;16;ssandPile;ocl_hybrid;default;2000;static;cores;;spirals;20;326884;-1;-1
img2d;patrin;GCC-12;2048;32;16;16;ssandPile;ocl_hybrid;default;2000;static;cores;;spirals;30;294924;-1;-1
img2d;patrin;GCC-12;2048;32;16;16;ssandPile;ocl_hybrid;default;2000;static;cores;;spirals;40;259363;-1;-1
img2d;patrin;GCC-12;2048;32;16;16;ssandPile;ocl_hybrid;default;2000;static;cores;;spirals;50;228533;-1;-1
img2d;patrin;GCC-12;2048;32;16;16;ssandPile;ocl_hybrid;default;2000;static;cores;;spirals;60;218089;-1;-1
img2d;patrin;GCC-12;2048;32;16;16;ssandPile;ocl_hybrid;default;2000;static;cores;;spirals;70;241557;-1;-1
img2d;patrin;GCC-12;2048;32;16;16;ssandPile;ocl_hybrid;default;2000;static;cores;;spirals;80;267113;-1;-1
img2d;patrin;GCC-12;2048;32;16;16;ssandPile;ocl_hybrid;default;2000;static;cores;;spirals;90;290789;-1;-1
img2d;patrin;GCC-12;2048;32;16;16;ssandPile;ocl_hybrid;default;2000;static;cores;;spirals;10;361729;-1;-1
img2d;patrin;GCC-12;2048;32;16;16;ssandPile;ocl_hybrid;default;2000;static;cores;;spirals;20;329435;-1;-1
img2d;patrin;GCC-12;2048;32;16;16;ssandPile;ocl_hybrid;default;2000;static;cores;;spirals;30;296207;-1;-1
img2d;patrin;GCC-12;2048;32;16;16;ssandPile;ocl_hybrid;default;2000;static;cores;;spirals;40;262464;-1;-1
img2d;patrin;GCC-12;2048;32;16;16;ssandPile;ocl_hybrid;default;2000;static;cores;;spirals;50;229150;-1;-1
img2d;patrin;GCC-12;2048;32;16;16;ssandPile;ocl_hybrid;default;2000;static;cores;;spirals;60;215913;-1;-1
img2d;patrin;GCC-12;2048;32;16;16;ssandPile;ocl_hybrid;default;2000;static;cores;;spirals;70;241338;-1;-1
img2d;patrin;GCC-12;2048;32;16;16;ssandPile;ocl_hybrid;default;2000;static;cores;;spirals;80;267358;-1;-1
img2d;patrin;GCC-12;2048;32;16;16;ssandPile;ocl_hybrid;default;2000;static;cores;;spirals;90;296314;-1;-1
img2d;patrin;GCC-12;2048;32;16;16;ssandPile;ocl_hybrid;default;2000;static;cores;;spirals;10;359680;-1;-1
img2d;patrin;GCC-12;2048;32;16;16;ssandPile;ocl_hybrid;default;2000;static;cores;;spirals;20;332689;-1;-1
img2d;patrin;GCC-12;2048;32;16;16;ssandPile;ocl_hybrid;default;2000;static;cores;;spirals;30;296753;-1;-1
img2d;patrin;GCC-12;2048;32;16;16;ssandPile;ocl_hybrid;default;2000;static;cores;;spirals;40;259423;-1;-1
img2d;patrin;GCC-12;2048;32;16;16;ssandPile;ocl_hybrid;default;2000;static;cores;;spirals;50;224745;-1;-1
img2d;patrin;GCC-12;2048;32;16;16;ssandPile;ocl_hybrid;default;2000;static;cores;;spirals;60;216117;-1;-1
img2d;patrin;GCC-12;2048;32;16;16;ssandPile;ocl_hybrid;default;2000;static;cores;;spirals;70;241220;-1;-1
img2d;patrin;GCC-12;2048;32;16;16;ssandPile;ocl_hybrid;default;2000;static;cores;;spirals;80;267064;-1;-1
img2d;patrin;GCC-12;2048;32;16;16;ssandPile;ocl_hybrid;default;2000;static;cores;;spirals;90;291220;-1;-1
